NUMERODOSSIER;TYPE_OPERATION;DATE_CREATION;STATUT;MODE_TRANSPORT;IMPORTATEUR_ANONYME;NINEA_ANONYME;REGIME
2554395;Importation;2021-04-21 09:27:34.693;EnCours;Mer;IMPORTATEUR_ANON_4428;NINEA_ANON_879;001-I
2469584;Importation;2020-10-13 12:41:05.740;EnCours;Mer;IMPORTATEUR_ANON_134;NINEA_ANON_630;001-I
2421809;Importation;2020-06-23 16:02:34.930;EnCours;Mer;IMPORTATEUR_ANON_3601;NINEA_ANON_897;001-I
2520652;Importation;2021-02-05 10:53:12.423;EnCours;Mer;IMPORTATEUR_ANON_6270;NINEA_ANON_903;001-I
2601945;Importation;2021-08-06 11:24:51.397;EnCours;Mer;IMPORTATEUR_ANON_9218;NINEA_ANON_750;
2415632;Importation;2020-06-09 16:06:11.190;EnCours;Mer;IMPORTATEUR_ANON_5369;NINEA_ANON_660;001-I
2572714;Importation;2021-06-01 15:55:08.597;EnCours;Mer;IMPORTATEUR_ANON_2308;NINEA_ANON_475;001-I
2505837;Importation;2021-01-05 16:05:46.830;Initialise;Mer;IMPORTATEUR_ANON_819;NINEA_ANON_349;001-I
2560579;Importation;2021-05-04 12:03:45.617;EnCours;Mer;IMPORTATEUR_ANON_2308;NINEA_ANON_475;001-I
2462731;Importation;2020-09-25 11:07:57.303;EnCours;Mer;IMPORTATEUR_ANON_5572;NINEA_ANON_724;001-I
2426246;Importation;2020-07-03 09:01:51.723;Initialise;Mer;IMPORTATEUR_ANON_2308;NINEA_ANON_475;001-I
2679865;Importation;2022-02-02 12:03:19.310;EnCours;Mer;IMPORTATEUR_ANON_9750;NINEA_ANON_894;001-I
2641487;Importation;2021-11-08 15:31:55.053;EnCours;Mer;IMPORTATEUR_ANON_9628;NINEA_ANON_405;001-I
2454497;Importation;2020-09-08 08:48:05.727;EnCours;Mer;IMPORTATEUR_ANON_8011;NINEA_ANON_856;001-I
2374717;Importation;2020-03-09 09:31:40.700;EnCours;Mer;IMPORTATEUR_ANON_3438;NINEA_ANON_590;001-I
2550247;Importation;2021-04-13 10:32:10.677;EnCours;Mer;IMPORTATEUR_ANON_3660;NINEA_ANON_379;001-I
2365601;Importation;2020-02-20 09:53:54.717;Initialise;Mer;IMPORTATEUR_ANON_6576;NINEA_ANON_369;001-I
2389105;Importation;2020-04-07 11:54:15.630;EnCours;Mer;IMPORTATEUR_ANON_9284;NINEA_ANON_956;001-I
2494346;Importation;2020-12-07 11:20:30.487;EnCours;Mer;IMPORTATEUR_ANON_4407;NINEA_ANON_117;001-I
2548786;Importation;2021-04-09 09:45:44.403;EnCours;Mer;IMPORTATEUR_ANON_8011;NINEA_ANON_856;001-I
2437326;Importation;2020-07-28 17:39:48.610;Initialise;Mer;IMPORTATEUR_ANON_9166;NINEA_ANON_660;001-I
2496776;Importation;2020-12-11 10:44:45.057;EnCours;Mer;IMPORTATEUR_ANON_8960;NINEA_ANON_195;001-I
2573245;Importation;2021-06-02 13:20:19.530;EnCours;Mer;IMPORTATEUR_ANON_3660;NINEA_ANON_379;001-I
2453477;Importation;2020-09-04 11:11:55.497;EnCours;Mer;IMPORTATEUR_ANON_8859;NINEA_ANON_821;001-I
2356198;Importation;2020-02-04 09:13:22.443;EnCours;Mer;IMPORTATEUR_ANON_8645;NINEA_ANON_219;001-I
2623093;Importation;2021-09-24 15:27:23.623;EnCours;Mer;IMPORTATEUR_ANON_3973;NINEA_ANON_527;001-I
2371501;Importation;2020-03-02 14:34:19.223;EnCours;Mer;IMPORTATEUR_ANON_9284;NINEA_ANON_956;001-I
2564063;Importation;2021-05-11 15:04:33.453;EnCours;Mer;IMPORTATEUR_ANON_5606;NINEA_ANON_429;001-I
2627273;Importation;2021-10-06 10:38:26.720;EnCours;Mer;IMPORTATEUR_ANON_134;NINEA_ANON_630;001-I
2387689;Importation;2020-04-02 16:31:25.573;EnCours;Mer;IMPORTATEUR_ANON_134;NINEA_ANON_630;001-I
2628906;Importation;2021-10-11 08:51:38.733;EnCours;Mer;IMPORTATEUR_ANON_1818;NINEA_ANON_980;001-I
2558138;Importation;2021-04-28 15:08:11.457;EnCours;Mer;IMPORTATEUR_ANON_3660;NINEA_ANON_379;001-I
2548246;Importation;2021-04-08 10:38:44.173;EnCours;Mer;IMPORTATEUR_ANON_9284;NINEA_ANON_956;001-I
2582432;Importation;2021-06-22 10:55:54.573;EnCours;Mer;IMPORTATEUR_ANON_4744;NINEA_ANON_222;001-I
2684061;Importation;2022-02-11 08:53:53.217;EnCours;Mer;IMPORTATEUR_ANON_2308;NINEA_ANON_475;001-I
2406366;Importation;2020-05-15 08:39:08.403;Initialise;Mer;IMPORTATEUR_ANON_8958;NINEA_ANON_25;001-I
2562185;Importation;2021-05-07 08:52:08.940;EnCours;Mer;IMPORTATEUR_ANON_8237;NINEA_ANON_104;001-I
2664933;Importation;2021-12-28 12:03:18.373;EnCours;Mer;IMPORTATEUR_ANON_4744;NINEA_ANON_222;001-I
2552236;Importation;2021-04-16 10:04:00.943;EnCours;Mer;IMPORTATEUR_ANON_9284;NINEA_ANON_956;001-I
2599010;Importation;2021-07-30 11:45:55.920;EnCours;Mer;IMPORTATEUR_ANON_134;NINEA_ANON_630;001-I
2487527;Importation;2020-11-20 16:35:59.080;EnCours;Mer;IMPORTATEUR_ANON_4744;NINEA_ANON_747;001-I
2375716;Importation;2020-03-10 10:35:49.683;EnCours;Mer;IMPORTATEUR_ANON_5760;NINEA_ANON_572;001-I
2416287;Importation;2020-06-10 17:56:53.087;EnCours;Mer;IMPORTATEUR_ANON_6644;NINEA_ANON_212;001-I
2549400;Importation;2021-04-12 09:33:55.170;EnCours;Mer;IMPORTATEUR_ANON_4060;NINEA_ANON_533;001-I
2623664;Importation;2021-09-28 13:04:32.740;EnCours;Mer;IMPORTATEUR_ANON_9564;NINEA_ANON_214;001-I
2410005;Importation;2020-05-27 08:19:02.730;EnCours;Mer;IMPORTATEUR_ANON_134;NINEA_ANON_630;001-I
2454067;Importation;2020-09-07 11:08:18.430;EnCours;Mer;IMPORTATEUR_ANON_1133;NINEA_ANON_122;001-I
2364433;Importation;2020-02-18 13:26:59.630;EnCours;Mer;IMPORTATEUR_ANON_6198;NINEA_ANON_84;001-I
2521974;Importation;2021-02-09 10:46:27.833;EnCours;Mer;IMPORTATEUR_ANON_2623;NINEA_ANON_939;001-I
2443760;Importation;2020-08-12 16:26:19.420;EnCours;Mer;IMPORTATEUR_ANON_8470;NINEA_ANON_452;001-I
2541392;Importation;2021-03-23 16:03:09.830;EnCours;Mer;IMPORTATEUR_ANON_4428;NINEA_ANON_802;001-I
2632575;Importation;2021-10-18 15:52:18.767;EnCours;Mer;IMPORTATEUR_ANON_7279;NINEA_ANON_32;001-I
2650255;Importation;2021-11-25 13:37:51.240;EnCours;Mer;IMPORTATEUR_ANON_3232;NINEA_ANON_89;001-I
2348390;Importation;2020-01-20 11:35:46.547;EnCours;Mer;IMPORTATEUR_ANON_7464;NINEA_ANON_545;001-I
2461978;Importation;2020-09-24 09:36:43.913;EnCours;Mer;IMPORTATEUR_ANON_1497;NINEA_ANON_490;001-I
2561066;Importation;2021-05-05 10:20:32.310;EnCours;Mer;IMPORTATEUR_ANON_5804;NINEA_ANON_779;001-I
2448381;Importation;2020-08-24 14:30:01.230;Initialise;Mer;IMPORTATEUR_ANON_8958;NINEA_ANON_25;001-I
2345735;Importation;2020-01-14 15:37:27.220;EnCours;Mer;IMPORTATEUR_ANON_3438;NINEA_ANON_590;001-I
2614573;Importation;2021-09-07 10:38:45.520;EnCours;Mer;IMPORTATEUR_ANON_3863;NINEA_ANON_628;001-I
2676510;Importation;2022-01-25 16:08:20.897;EnCours;Mer;IMPORTATEUR_ANON_8960;NINEA_ANON_195;001-I
2583053;Importation;2021-06-23 10:16:19.973;Initialise;Mer;IMPORTATEUR_ANON_3863;NINEA_ANON_55;001-I
2478340;Importation;2020-11-03 11:10:04.540;EnCours;Mer;IMPORTATEUR_ANON_3508;NINEA_ANON_897;001-I
2425828;Importation;2020-07-02 11:04:49.847;Initialise;Mer;IMPORTATEUR_ANON_9270;NINEA_ANON_917;001-I
2508060;Importation;2021-01-11 14:53:56.013;EnCours;Mer;IMPORTATEUR_ANON_1294;NINEA_ANON_991;001-I
2553773;Importation;2021-04-20 10:33:13.960;Initialise;Mer;IMPORTATEUR_ANON_3660;NINEA_ANON_166;001-I
2365752;Importation;2020-02-20 11:19:15.303;EnCours;Mer;IMPORTATEUR_ANON_3332;NINEA_ANON_363;001-I
2601073;Importation;2021-08-04 15:29:03.683;EnCours;Mer;IMPORTATEUR_ANON_7464;NINEA_ANON_545;001-I
2502285;Importation;2020-12-23 18:13:26.283;EnCours;Mer;IMPORTATEUR_ANON_8011;NINEA_ANON_856;001-I
2461225;Importation;2020-09-22 15:38:20.453;Initialise;Mer;IMPORTATEUR_ANON_5804;NINEA_ANON_779;001-I
2362649;Importation;2020-02-14 10:30:26.300;EnCours;Mer;IMPORTATEUR_ANON_8060;NINEA_ANON_730;001-I
2379160;Importation;2020-03-16 15:05:59.190;EnCours;Mer;IMPORTATEUR_ANON_9284;NINEA_ANON_956;001-I
2525089;Importation;2021-02-16 11:02:50.693;EnCours;Mer;IMPORTATEUR_ANON_7166;NINEA_ANON_390;001-I
2536161;Importation;2021-03-12 16:35:38.693;EnCours;Mer;IMPORTATEUR_ANON_2623;NINEA_ANON_939;001-I
2533094;Importation;2021-03-05 10:35:58.183;EnCours;Mer;IMPORTATEUR_ANON_5804;NINEA_ANON_779;001-I
2677585;Importation;2022-01-27 15:05:10.323;EnCours;Mer;IMPORTATEUR_ANON_7850;NINEA_ANON_231;001-I
2532667;Importation;2021-03-04 11:29:57.213;EnCours;Mer;IMPORTATEUR_ANON_2528;NINEA_ANON_944;001-I
2617384;Importation;2021-09-13 12:27:53.793;EnCours;Mer;IMPORTATEUR_ANON_428;NINEA_ANON_244;001-I
2544954;Importation;2021-03-31 11:22:24.193;EnCours;Mer;IMPORTATEUR_ANON_9628;NINEA_ANON_405;001-I
2342631;Importation;2020-01-08 16:09:45.160;EnCours;Mer;IMPORTATEUR_ANON_9284;NINEA_ANON_956;001-I
2464943;Importation;2020-09-30 16:16:25.157;EnCours;Mer;IMPORTATEUR_ANON_1308;NINEA_ANON_693;001-I
2587006;Importation;2021-07-01 11:25:27.250;EnCours;Mer;IMPORTATEUR_ANON_5297;NINEA_ANON_162;001-I
2653810;Importation;2021-12-02 16:42:00.990;EnCours;Mer;IMPORTATEUR_ANON_134;NINEA_ANON_630;001-I
2342920;Importation;2020-01-09 10:15:28.037;EnCours;Mer;IMPORTATEUR_ANON_517;NINEA_ANON_642;001-I
2351764;Importation;2020-01-24 15:57:00.310;EnCours;Mer;IMPORTATEUR_ANON_7748;NINEA_ANON_953;001-I
2498003;Importation;2020-12-15 10:00:43.883;EnCours;Mer;IMPORTATEUR_ANON_8488;NINEA_ANON_578;001-I
2648953;Importation;2021-11-23 12:23:20.203;EnCours;Mer;IMPORTATEUR_ANON_4407;NINEA_ANON_117;001-I
2606398;Importation;2021-08-17 13:07:18.023;EnCours;Mer;IMPORTATEUR_ANON_1914;NINEA_ANON_156;001-I
2602724;Importation;2021-08-09 12:40:36.863;EnCours;Mer;IMPORTATEUR_ANON_8868;NINEA_ANON_98;001-I
2404024;Importation;2020-05-11 09:16:09.173;EnCours;Mer;IMPORTATEUR_ANON_6862;NINEA_ANON_9;001-I
2452275;Importation;2020-09-02 10:56:30.170;EnCours;Mer;IMPORTATEUR_ANON_296;NINEA_ANON_80;001-I
2662257;Importation;2021-12-21 15:06:31.613;EnCours;Mer;IMPORTATEUR_ANON_1818;NINEA_ANON_980;001-I
2655986;Importation;2021-12-08 10:06:26.617;EnCours;Mer;IMPORTATEUR_ANON_1426;NINEA_ANON_616;001-I
2519137;Importation;2021-02-02 13:25:19.627;EnCours;Mer;IMPORTATEUR_ANON_7279;NINEA_ANON_32;001-I
2499397;Importation;2020-12-17 11:48:42.113;EnCours;Mer;IMPORTATEUR_ANON_428;NINEA_ANON_244;001-I
2611587;Importation;2021-08-31 10:28:54.633;EnCours;Mer;IMPORTATEUR_ANON_134;NINEA_ANON_630;001-I
2467591;Importation;2020-10-08 15:16:20.947;EnCours;Mer;IMPORTATEUR_ANON_3896;NINEA_ANON_624;001-I
2553794;Importation;2021-04-20 10:45:44.567;EnCours;Mer;IMPORTATEUR_ANON_991;NINEA_ANON_548;001-I
2632780;Importation;2021-10-20 10:11:56.423;EnCours;Mer;IMPORTATEUR_ANON_9284;NINEA_ANON_956;001-I
2421191;Importation;2020-06-22 16:31:42.560;EnCours;Mer;IMPORTATEUR_ANON_872;NINEA_ANON_172;001-I
2426925;Importation;2020-07-06 09:45:22.033;EnCours;Mer;IMPORTATEUR_ANON_2308;NINEA_ANON_475;001-I
2582801;Importation;2021-06-22 16:08:29.383;EnCours;Mer;IMPORTATEUR_ANON_7166;NINEA_ANON_390;001-I
2520064;Importation;2021-02-04 10:01:45.633;EnCours;Mer;IMPORTATEUR_ANON_3438;NINEA_ANON_590;
2638634;Importation;2021-11-02 12:02:17.343;EnCours;Mer;IMPORTATEUR_ANON_7464;NINEA_ANON_545;001-I
2369358;Importation;2020-02-27 09:36:22.780;EnCours;Mer;IMPORTATEUR_ANON_5864;NINEA_ANON_371;001-I
2378823;Importation;2020-03-16 11:25:20.607;EnCours;Mer;IMPORTATEUR_ANON_3863;NINEA_ANON_628;001-I
2537965;Importation;2021-03-17 10:14:23.117;EnCours;Mer;IMPORTATEUR_ANON_9677;NINEA_ANON_435;001-I
2362730;Importation;2020-02-14 11:22:50.167;Initialise;Mer;IMPORTATEUR_ANON_4456;NINEA_ANON_187;001-I
2552878;Importation;2021-04-19 09:17:51.037;EnCours;Mer;IMPORTATEUR_ANON_134;NINEA_ANON_630;
2523828;Importation;2021-02-12 11:11:41.513;EnCours;Mer;IMPORTATEUR_ANON_2623;NINEA_ANON_939;001-I
2635492;Importation;2021-10-25 16:43:06.863;EnCours;Mer;IMPORTATEUR_ANON_7248;NINEA_ANON_583;001-I
2454483;Importation;2020-09-08 08:27:35.713;EnCours;Mer;IMPORTATEUR_ANON_5409;NINEA_ANON_85;001-I
2676631;Importation;2022-01-26 09:40:11.587;EnCours;Mer;IMPORTATEUR_ANON_4663;NINEA_ANON_805;001-I
2487428;Importation;2020-11-20 14:57:09.950;EnCours;Mer;IMPORTATEUR_ANON_6248;NINEA_ANON_183;001-I
2414831;Importation;2020-06-08 13:35:09.560;EnCours;Mer;IMPORTATEUR_ANON_7464;NINEA_ANON_545;001-I
2506755;Importation;2021-01-07 13:14:21.757;EnCours;Mer;IMPORTATEUR_ANON_2002;NINEA_ANON_416;001-I
2657283;Importation;2021-12-10 10:54:25.440;EnCours;Mer;IMPORTATEUR_ANON_2308;NINEA_ANON_475;001-I
2498029;Importation;2020-12-15 10:18:34.757;EnCours;Mer;IMPORTATEUR_ANON_9944;NINEA_ANON_773;001-I
2510505;Importation;2021-01-15 11:42:19.427;EnCours;Mer;IMPORTATEUR_ANON_5484;NINEA_ANON_42;001-I
2565830;Importation;2021-05-18 10:10:55.360;EnCours;Mer;IMPORTATEUR_ANON_2575;NINEA_ANON_985;001-I
2408476;Importation;2020-05-20 13:55:29.437;EnCours;Mer;IMPORTATEUR_ANON_7929;NINEA_ANON_740;001-I
2612597;Importation;2021-09-01 17:53:28.700;EnCours;Mer;IMPORTATEUR_ANON_8011;NINEA_ANON_7;001-I
2688644;Importation;2022-02-18 11:17:15.147;EnCours;Mer;IMPORTATEUR_ANON_1733;NINEA_ANON_336;001-I
2682279;Importation;2022-02-08 17:38:14.087;Initialise;Mer;IMPORTATEUR_ANON_7188;NINEA_ANON_266;001-I
2646065;Importation;2021-11-17 13:54:16.130;EnCours;Mer;IMPORTATEUR_ANON_584;NINEA_ANON_24;001-I
2601807;Importation;2021-08-06 09:25:25.197;EnCours;Mer;IMPORTATEUR_ANON_2308;NINEA_ANON_475;001-I
2545987;Importation;2021-04-01 18:46:11.403;EnCours;Mer;IMPORTATEUR_ANON_8011;NINEA_ANON_856;001-I
2504938;Importation;2021-01-04 10:25:55.830;Initialise;Mer;IMPORTATEUR_ANON_3863;NINEA_ANON_628;001-I
2684645;Importation;2022-02-11 16:51:33.487;EnCours;Mer;IMPORTATEUR_ANON_5836;NINEA_ANON_726;001-I
2579709;Importation;2021-06-16 10:23:38.370;EnCours;Mer;IMPORTATEUR_ANON_957;NINEA_ANON_332;
2675399;Importation;2022-01-24 10:05:50.440;EnCours;Mer;IMPORTATEUR_ANON_1733;NINEA_ANON_336;001-I
2604248;Importation;2021-08-12 08:19:11.767;EnCours;Mer;IMPORTATEUR_ANON_2308;NINEA_ANON_475;001-I
2689936;Importation;2022-02-21 15:24:53.100;EnCours;Mer;IMPORTATEUR_ANON_9284;NINEA_ANON_956;001-I
2547756;Importation;2021-04-07 13:00:55.937;EnCours;Mer;IMPORTATEUR_ANON_1404;NINEA_ANON_89;001-I
2536605;Importation;2021-03-15 11:53:40.987;EnCours;Mer;IMPORTATEUR_ANON_9926;NINEA_ANON_575;001-I
2493288;Importation;2020-12-03 13:10:09.067;Initialise;Mer;IMPORTATEUR_ANON_2990;NINEA_ANON_669;001-I
2383592;Importation;2020-03-25 09:34:34.543;EnCours;Mer;IMPORTATEUR_ANON_4663;NINEA_ANON_805;001-I
2522575;Importation;2021-02-10 10:20:54.420;EnCours;Mer;IMPORTATEUR_ANON_4060;NINEA_ANON_533;001-I
2462340;Importation;2020-09-24 15:27:21.650;EnCours;Mer;IMPORTATEUR_ANON_4000;NINEA_ANON_733;001-I
2604337;Importation;2021-08-12 10:23:25.240;EnCours;Mer;IMPORTATEUR_ANON_428;NINEA_ANON_244;001-I
2345815;Importation;2020-01-14 16:26:31.790;EnCours;Mer;IMPORTATEUR_ANON_9284;NINEA_ANON_956;001-I
2457112;Importation;2020-09-14 09:23:51.073;EnCours;Mer;IMPORTATEUR_ANON_134;NINEA_ANON_630;001-I
2672235;Réexportation;2022-01-17 10:04:49.653;EnCours;Mer;IMPORTATEUR_ANON_7248;NINEA_ANON_583;001-E
2383103;Importation;2020-03-24 11:33:36.383;EnCours;Mer;IMPORTATEUR_ANON_1914;NINEA_ANON_93;001-I
2572773;Importation;2021-06-01 16:46:04.977;EnCours;Mer;IMPORTATEUR_ANON_7569;NINEA_ANON_511;001-I
2474276;Importation;2020-10-23 08:38:48.830;EnCours;Mer;IMPORTATEUR_ANON_3660;NINEA_ANON_166;001-I
2424748;Importation;2020-06-30 12:06:47.497;EnCours;Mer;IMPORTATEUR_ANON_4209;NINEA_ANON_188;001-I
2590612;Importation;2021-07-08 12:25:34.620;EnCours;Mer;IMPORTATEUR_ANON_1468;NINEA_ANON_161;001-I
2421221;Importation;2020-06-22 16:54:11.957;EnCours;Mer;IMPORTATEUR_ANON_4060;NINEA_ANON_533;001-I
2553551;Importation;2021-04-19 16:42:13.910;EnCours;Mer;IMPORTATEUR_ANON_7198;NINEA_ANON_430;001-I
2429845;Importation;2020-07-10 14:35:49.257;EnCours;Mer;IMPORTATEUR_ANON_9284;NINEA_ANON_956;001-I
2650072;Importation;2021-11-25 11:00:05.953;EnCours;Mer;IMPORTATEUR_ANON_8895;NINEA_ANON_393;001-I
2383759;Transit;2020-03-25 11:02:52.150;Initialise;Mer;IMPORTATEUR_ANON_2072;NINEA_ANON_797;001-E
2492396;Importation;2020-12-02 09:59:28.680;EnCours;Mer;IMPORTATEUR_ANON_9628;NINEA_ANON_405;001-I
2466535;Importation;2020-10-05 16:37:55.470;EnCours;Mer;IMPORTATEUR_ANON_9272;NINEA_ANON_739;001-I
2550179;Importation;2021-04-13 09:59:31.400;EnCours;Mer;IMPORTATEUR_ANON_2308;NINEA_ANON_475;001-I
2645929;Importation;2021-11-17 12:22:23.357;EnCours;Mer;IMPORTATEUR_ANON_9750;NINEA_ANON_894;001-I
2496613;Importation;2020-12-10 18:02:28.680;EnCours;Mer;IMPORTATEUR_ANON_8011;NINEA_ANON_856;001-I
2374288;Importation;2020-03-06 13:05:19.040;EnCours;Mer;IMPORTATEUR_ANON_2442;NINEA_ANON_145;001-I
2531482;Importation;2021-03-02 11:26:04.610;EnCours;Mer;IMPORTATEUR_ANON_3660;NINEA_ANON_166;001-I
2667984;Importation;2022-01-05 12:33:20.800;EnCours;Mer;IMPORTATEUR_ANON_134;NINEA_ANON_630;001-I
2381416;Importation;2020-03-19 16:16:22.017;EnCours;Mer;IMPORTATEUR_ANON_3407;NINEA_ANON_902;001-I
2589642;Importation;2021-07-07 09:04:25.070;EnCours;Mer;IMPORTATEUR_ANON_2623;NINEA_ANON_14;001-I
2667338;Importation;2022-01-04 11:04:01.750;EnCours;Mer;IMPORTATEUR_ANON_7464;NINEA_ANON_545;001-I
2531340;Importation;2021-03-02 09:40:17.327;EnCours;Mer;IMPORTATEUR_ANON_134;NINEA_ANON_630;
2633451;Importation;2021-10-20 17:29:48.657;EnCours;Mer;IMPORTATEUR_ANON_3896;NINEA_ANON_624;001-I
2647846;Importation;2021-11-20 16:36:41.917;EnCours;Mer;IMPORTATEUR_ANON_134;NINEA_ANON_630;001-I
2345177;Importation;2020-01-14 09:08:20.600;EnCours;Mer;IMPORTATEUR_ANON_9284;NINEA_ANON_956;001-I
2512282;Importation;2021-01-19 13:06:31.170;Initialise;Mer;IMPORTATEUR_ANON_3863;NINEA_ANON_628;001-I
2539182;Importation;2021-03-18 16:29:06.163;EnCours;Mer;IMPORTATEUR_ANON_1524;NINEA_ANON_38;001-I
2380926;Importation;2020-03-19 09:29:11.120;EnCours;Mer;IMPORTATEUR_ANON_134;NINEA_ANON_630;001-I
2532051;Importation;2021-03-03 11:31:00.187;EnCours;Mer;IMPORTATEUR_ANON_5760;NINEA_ANON_572;001-I
2693708;Importation;2022-02-28 13:51:27.980;EnCours;Mer;IMPORTATEUR_ANON_9284;NINEA_ANON_956;001-I
2512180;Importation;2021-01-19 12:12:54.000;EnCours;Mer;IMPORTATEUR_ANON_134;NINEA_ANON_756;
2623656;Importation;2021-09-28 12:53:15.420;EnCours;Mer;IMPORTATEUR_ANON_3863;NINEA_ANON_628;001-I
2668870;Importation;2022-01-07 12:37:53.437;EnCours;Mer;IMPORTATEUR_ANON_9202;NINEA_ANON_628;001-I
2610057;Importation;2021-08-26 15:29:25.357;EnCours;Mer;IMPORTATEUR_ANON_3660;NINEA_ANON_476;001-I
2448459;Importation;2020-08-24 15:48:59.810;EnCours;Mer;IMPORTATEUR_ANON_3407;NINEA_ANON_902;001-I
2680506;Importation;2022-02-03 13:17:37.260;EnCours;Mer;IMPORTATEUR_ANON_49;NINEA_ANON_335;001-I
2435036;Importation;2020-07-23 10:17:07.653;EnCours;Mer;IMPORTATEUR_ANON_4428;NINEA_ANON_802;001-I
2381631;Importation;2020-03-20 09:52:56.347;EnCours;Mer;IMPORTATEUR_ANON_3863;NINEA_ANON_628;001-I
2661586;Importation;2021-12-20 14:36:58.357;EnCours;Mer;IMPORTATEUR_ANON_5398;NINEA_ANON_535;001-I
2471196;Importation;2020-10-16 08:57:03.550;EnCours;Mer;IMPORTATEUR_ANON_2623;NINEA_ANON_939;001-I
2559433;Importation;2021-04-30 16:56:48.970;EnCours;Mer;IMPORTATEUR_ANON_7464;NINEA_ANON_545;001-I
2483308;Importation;2020-11-11 14:31:10.157;EnCours;Mer;IMPORTATEUR_ANON_8273;NINEA_ANON_767;001-I
2651436;Importation;2021-11-29 11:45:32.670;EnCours;Mer;IMPORTATEUR_ANON_1133;NINEA_ANON_122;001-I
2382158;Importation;2020-03-20 17:40:25.487;EnCours;Mer;IMPORTATEUR_ANON_8011;NINEA_ANON_856;001-I
2465657;Importation;2020-10-02 08:04:57.610;EnCours;Mer;IMPORTATEUR_ANON_3863;NINEA_ANON_628;001-I
2496904;Importation;2020-12-11 12:39:09.153;EnCours;Mer;IMPORTATEUR_ANON_12;NINEA_ANON_4;001-I
2630320;Importation;2021-10-13 10:09:00.220;EnCours;Mer;IMPORTATEUR_ANON_6096;NINEA_ANON_518;001-I
2534681;Importation;2021-03-10 14:37:43.960;Initialise;Mer;IMPORTATEUR_ANON_4734;NINEA_ANON_866;001-I
2676718;Importation;2022-01-26 10:46:13.913;EnCours;Mer;IMPORTATEUR_ANON_9354;NINEA_ANON_779;001-I
2527659;Importation;2021-02-22 10:33:01.480;EnCours;Mer;IMPORTATEUR_ANON_134;NINEA_ANON_630;
2544888;Importation;2021-03-31 10:41:25.987;EnCours;Mer;IMPORTATEUR_ANON_2308;NINEA_ANON_475;001-I
2468047;Importation;2020-10-09 11:55:01.137;EnCours;Mer;IMPORTATEUR_ANON_134;NINEA_ANON_630;001-I
2544422;Importation;2021-03-30 12:02:57.703;EnCours;Mer;IMPORTATEUR_ANON_3600;NINEA_ANON_984;
2397944;Importation;2020-04-29 09:33:45.603;Initialise;Mer;IMPORTATEUR_ANON_1914;NINEA_ANON_93;001-I
2459887;Importation;2020-09-18 15:35:16.447;EnCours;Mer;IMPORTATEUR_ANON_7929;NINEA_ANON_740;001-I
2684823;Importation;2022-02-14 09:53:02.720;EnCours;Mer;IMPORTATEUR_ANON_5653;NINEA_ANON_803;001-I
2694031;Importation;2022-02-28 17:33:32.767;EnCours;Mer;IMPORTATEUR_ANON_3144;NINEA_ANON_548;001-I
2546715;Importation;2021-04-06 09:51:03.667;EnCours;Mer;IMPORTATEUR_ANON_3333;NINEA_ANON_21;
2392244;Importation;2020-04-15 14:43:02.797;EnCours;Mer;IMPORTATEUR_ANON_5212;NINEA_ANON_424;001-I
2450756;Importation;2020-08-28 16:01:27.130;EnCours;Mer;IMPORTATEUR_ANON_9628;NINEA_ANON_405;001-I
2609037;Importation;2021-08-24 17:36:14.207;EnCours;Mer;IMPORTATEUR_ANON_7929;NINEA_ANON_740;001-I
2345652;Importation;2020-01-14 14:34:19.667;EnCours;Mer;IMPORTATEUR_ANON_134;NINEA_ANON_630;001-I
2667744;Importation;2022-01-05 09:27:56.027;EnCours;Mer;IMPORTATEUR_ANON_2623;NINEA_ANON_14;001-I
2433794;Importation;2020-07-21 09:17:57.600;EnCours;Mer;IMPORTATEUR_ANON_134;NINEA_ANON_630;001-I
2471089;Importation;2020-10-15 16:21:05.297;EnCours;Mer;IMPORTATEUR_ANON_9284;NINEA_ANON_956;001-I
2421014;Importation;2020-06-22 13:32:34.553;EnCours;Mer;IMPORTATEUR_ANON_8659;NINEA_ANON_544;001-I
2451258;Importation;2020-08-31 13:04:36.920;EnCours;Mer;IMPORTATEUR_ANON_134;NINEA_ANON_630;001-I
2439508;Importation;2020-08-05 11:56:42.280;EnCours;Mer;IMPORTATEUR_ANON_1653;NINEA_ANON_870;001-I
2388510;Importation;2020-04-06 12:19:17.103;EnCours;Mer;IMPORTATEUR_ANON_134;NINEA_ANON_630;001-I
2650940;Importation;2021-11-26 15:59:39.517;EnCours;Mer;IMPORTATEUR_ANON_9628;NINEA_ANON_405;001-I
2413274;Importation;2020-06-04 10:15:10.303;EnCours;Mer;IMPORTATEUR_ANON_1818;NINEA_ANON_980;001-I
2425606;Importation;2020-07-01 16:26:37.513;EnCours;Mer;IMPORTATEUR_ANON_9284;NINEA_ANON_956;001-I
2642438;Importation;2021-11-10 11:56:31.713;EnCours;Mer;IMPORTATEUR_ANON_4209;NINEA_ANON_188;001-I
2520321;Importation;2021-02-04 13:15:37.963;EnCours;Mer;IMPORTATEUR_ANON_7464;NINEA_ANON_545;001-I
2465424;Importation;2020-10-01 13:40:14.197;EnCours;Mer;IMPORTATEUR_ANON_4424;NINEA_ANON_51;001-I
2560988;Importation;2021-05-05 09:11:23.420;EnCours;Mer;IMPORTATEUR_ANON_1818;NINEA_ANON_980;001-I
2560064;Importation;2021-05-03 14:27:32.760;EnCours;Mer;IMPORTATEUR_ANON_8735;NINEA_ANON_614;001-I
2548791;Importation;2021-04-09 09:47:18.410;EnCours;Mer;IMPORTATEUR_ANON_8011;NINEA_ANON_856;001-I
2518591;Importation;2021-02-01 15:39:44.080;EnCours;Mer;IMPORTATEUR_ANON_3863;NINEA_ANON_628;001-I
2655398;Importation;2021-12-07 11:23:25.430;EnCours;Mer;IMPORTATEUR_ANON_7528;NINEA_ANON_447;001-I
2669349;Importation;2022-01-10 11:51:32.800;Initialise;Mer;IMPORTATEUR_ANON_3951;NINEA_ANON_125;001-I
2358526;Exportation;2020-02-07 09:42:51.530;EnCours;Mer;IMPORTATEUR_ANON_8941;NINEA_ANON_777;001-E
2591386;Importation;2021-07-09 13:00:46.070;EnCours;Mer;IMPORTATEUR_ANON_5210;NINEA_ANON_5;001-I
2685037;Importation;2022-02-14 12:13:50.530;EnCours;Mer;IMPORTATEUR_ANON_4494;NINEA_ANON_821;001-I
2643217;Importation;2021-11-11 12:50:21.563;EnCours;Mer;IMPORTATEUR_ANON_7166;NINEA_ANON_808;001-I
2592235;Importation;2021-07-12 15:32:02.530;EnCours;Mer;IMPORTATEUR_ANON_7464;NINEA_ANON_545;001-I
2535517;Importation;2021-03-11 16:02:23.190;EnCours;Mer;IMPORTATEUR_ANON_6863;NINEA_ANON_240;001-I
2383839;Importation;2020-03-25 11:44:42.990;EnCours;Mer;IMPORTATEUR_ANON_9284;NINEA_ANON_956;001-I
2422134;Importation;2020-06-24 11:22:26.673;Initialise;Mer;IMPORTATEUR_ANON_819;NINEA_ANON_349;001-I
2574800;Importation;2021-06-07 09:57:11.437;EnCours;Mer;IMPORTATEUR_ANON_2506;NINEA_ANON_212;
2367439;Importation;2020-02-24 15:50:22.670;EnCours;Mer;IMPORTATEUR_ANON_134;NINEA_ANON_630;001-I
2390323;Importation;2020-04-10 09:09:09.483;EnCours;Mer;IMPORTATEUR_ANON_4209;NINEA_ANON_188;001-I
2371839;Importation;2020-03-03 09:21:51.940;EnCours;Mer;IMPORTATEUR_ANON_6270;NINEA_ANON_903;001-I
2673786;Importation;2022-01-19 11:38:26.750;EnCours;Mer;IMPORTATEUR_ANON_134;NINEA_ANON_630;001-I
2428565;Importation;2020-07-08 13:02:21.197;EnCours;Mer;IMPORTATEUR_ANON_347;NINEA_ANON_745;001-I
2540216;Importation;2021-03-22 11:07:55.770;EnCours;Mer;IMPORTATEUR_ANON_7464;NINEA_ANON_545;001-I
2615216;Importation;2021-09-08 10:57:55.673;EnCours;Mer;IMPORTATEUR_ANON_3660;NINEA_ANON_379;001-I
2578732;Importation;2021-06-14 16:11:17.993;EnCours;Mer;IMPORTATEUR_ANON_8438;NINEA_ANON_699;
2683072;Importation;2022-02-09 15:52:32.797;Initialise;Mer;IMPORTATEUR_ANON_6374;NINEA_ANON_274;001-I
2570763;Importation;2021-05-28 08:36:20.743;EnCours;Mer;IMPORTATEUR_ANON_1847;NINEA_ANON_175;001-I
2665060;Importation;2021-12-28 14:34:11.613;EnCours;Mer;IMPORTATEUR_ANON_5864;NINEA_ANON_371;001-I
2506820;Importation;2021-01-07 14:32:26.153;EnCours;Mer;IMPORTATEUR_ANON_1043;NINEA_ANON_811;001-I
2414016;Importation;2020-06-05 12:11:53.823;EnCours;Mer;IMPORTATEUR_ANON_8858;NINEA_ANON_389;001-I
2382995;Importation;2020-03-24 10:29:58.663;EnCours;Mer;IMPORTATEUR_ANON_9284;NINEA_ANON_956;001-I
2634002;Importation;2021-10-21 14:59:34.900;EnCours;Mer;IMPORTATEUR_ANON_3726;NINEA_ANON_343;001-I
2663390;Importation;2021-12-23 12:52:05.747;EnCours;Mer;IMPORTATEUR_ANON_4276;NINEA_ANON_421;001-I
2629406;Importation;2021-10-11 15:19:38.320;EnCours;Mer;IMPORTATEUR_ANON_9564;NINEA_ANON_214;001-I
2576157;Importation;2021-06-09 09:09:09.147;EnCours;Mer;IMPORTATEUR_ANON_8895;NINEA_ANON_393;001-I
2670487;Importation;2022-01-12 10:47:10.130;EnCours;Mer;IMPORTATEUR_ANON_3660;NINEA_ANON_647;001-I
2453150;Importation;2020-09-03 15:33:36.067;EnCours;Mer;IMPORTATEUR_ANON_231;NINEA_ANON_86;001-I
2398058;Importation;2020-04-29 11:21:53.910;EnCours;Mer;IMPORTATEUR_ANON_7900;NINEA_ANON_535;001-I
2676974;Importation;2022-01-26 15:08:02.860;EnCours;Mer;IMPORTATEUR_ANON_2623;NINEA_ANON_14;001-I
2466937;Importation;2020-10-07 13:10:32.367;EnCours;Mer;IMPORTATEUR_ANON_9628;NINEA_ANON_405;001-I
2354099;Importation;2020-01-29 16:13:28.280;EnCours;Mer;IMPORTATEUR_ANON_8060;NINEA_ANON_730;001-I
2530987;Importation;2021-03-01 12:37:26.717;Initialise;Mer;IMPORTATEUR_ANON_7464;NINEA_ANON_545;001-I
2435443;Importation;2020-07-23 16:34:24.363;EnCours;Mer;IMPORTATEUR_ANON_7485;NINEA_ANON_82;001-I
2566123;Importation;2021-05-18 13:04:50.823;EnCours;Mer;IMPORTATEUR_ANON_8438;NINEA_ANON_699;
2672180;Importation;2022-01-17 08:56:28.623;EnCours;Mer;IMPORTATEUR_ANON_134;NINEA_ANON_630;001-I
2355827;Importation;2020-02-03 12:18:49.500;EnCours;Mer;IMPORTATEUR_ANON_5609;NINEA_ANON_550;001-I
2631643;Importation;2021-10-15 10:26:50.613;EnCours;Mer;IMPORTATEUR_ANON_2308;NINEA_ANON_475;001-I
2637039;Importation;2021-10-28 10:44:01.003;EnCours;Mer;IMPORTATEUR_ANON_134;NINEA_ANON_630;001-I
2525727;Importation;2021-02-17 11:02:31.300;EnCours;Mer;IMPORTATEUR_ANON_2506;NINEA_ANON_212;
2511157;Importation;2021-01-18 11:21:30.377;EnCours;Mer;IMPORTATEUR_ANON_134;NINEA_ANON_756;
2679623;Importation;2022-02-02 08:56:27.920;EnCours;Mer;IMPORTATEUR_ANON_3726;NINEA_ANON_343;001-I
2640276;Importation;2021-11-05 09:16:57.560;EnCours;Mer;IMPORTATEUR_ANON_6140;NINEA_ANON_138;001-I
2516721;Importation;2021-01-28 09:18:52.940;EnCours;Mer;IMPORTATEUR_ANON_7756;NINEA_ANON_10;001-I
2615814;Importation;2021-09-09 10:22:29.160;Initialise;Mer;IMPORTATEUR_ANON_3768;NINEA_ANON_664;001-I
2344903;Importation;2020-01-13 15:14:25.903;Initialise;Mer;IMPORTATEUR_ANON_990;NINEA_ANON_230;001-I
2509665;Importation;2021-01-14 09:41:58.000;EnCours;Mer;IMPORTATEUR_ANON_9564;NINEA_ANON_214;001-I
2535769;Importation;2021-03-12 11:01:33.117;EnCours;Mer;IMPORTATEUR_ANON_7929;NINEA_ANON_740;001-I
2690588;Importation;2022-02-22 13:08:07.563;EnCours;Mer;IMPORTATEUR_ANON_8686;NINEA_ANON_624;001-I
2613986;Importation;2021-09-06 10:42:26.650;EnCours;Mer;IMPORTATEUR_ANON_7270;NINEA_ANON_428;001-I
2427047;Importation;2020-07-06 10:59:27.907;EnCours;Mer;IMPORTATEUR_ANON_2805;NINEA_ANON_531;001-I
2453749;Importation;2020-09-04 16:12:28.007;EnCours;Mer;IMPORTATEUR_ANON_7464;NINEA_ANON_545;001-I
2463609;Importation;2020-09-28 13:22:16.380;EnCours;Mer;IMPORTATEUR_ANON_134;NINEA_ANON_630;001-I
2594180;Importation;2021-07-16 08:09:13.750;EnCours;Mer;IMPORTATEUR_ANON_8011;NINEA_ANON_7;001-I
2361015;Importation;2020-02-12 09:36:41.547;EnCours;Mer;IMPORTATEUR_ANON_731;NINEA_ANON_494;001-I
2561134;Importation;2021-05-05 11:00:35.250;Initialise;Mer;IMPORTATEUR_ANON_1426;NINEA_ANON_616;001-I
2642512;Importation;2021-11-10 12:41:23.707;Initialise;Mer;IMPORTATEUR_ANON_1453;NINEA_ANON_166;001-I
2410050;Importation;2020-05-27 09:18:04.300;Initialise;Mer;IMPORTATEUR_ANON_8801;NINEA_ANON_413;001-I
2442035;Importation;2020-08-10 10:05:29.557;EnCours;Mer;IMPORTATEUR_ANON_5639;NINEA_ANON_372;001-I
2527539;Importation;2021-02-22 09:14:15.650;EnCours;Mer;IMPORTATEUR_ANON_3863;NINEA_ANON_628;001-I
2383314;Importation;2020-03-24 14:30:35.720;EnCours;Mer;IMPORTATEUR_ANON_5484;NINEA_ANON_42;001-I
2654556;Transit;2021-12-06 10:35:37.560;Initialise;Mer;IMPORTATEUR_ANON_8310;NINEA_ANON_903;001-E
2456220;Importation;2020-09-10 12:52:32.627;EnCours;Mer;IMPORTATEUR_ANON_3407;NINEA_ANON_902;001-I
2496551;Importation;2020-12-10 16:30:42.427;EnCours;Mer;IMPORTATEUR_ANON_5542;NINEA_ANON_371;
2521186;Importation;2021-02-08 09:29:20.400;EnCours;Mer;IMPORTATEUR_ANON_100;NINEA_ANON_253;001-I
2423150;Importation;2020-06-26 08:24:09.813;EnCours;Mer;IMPORTATEUR_ANON_3660;NINEA_ANON_379;001-I
2443356;Importation;2020-08-12 10:17:02.597;EnCours;Mer;IMPORTATEUR_ANON_134;NINEA_ANON_630;001-I
2371852;Importation;2020-03-03 09:31:08.870;EnCours;Mer;IMPORTATEUR_ANON_9218;NINEA_ANON_750;001-I
2354902;Importation;2020-01-30 21:10:39.360;EnCours;Mer;IMPORTATEUR_ANON_4907;NINEA_ANON_98;001-I
2527045;Importation;2021-02-19 11:58:31.830;EnCours;Mer;IMPORTATEUR_ANON_5542;NINEA_ANON_371;
2509963;Importation;2021-01-14 12:45:40.987;EnCours;Mer;IMPORTATEUR_ANON_7125;NINEA_ANON_595;001-I
2556184;Importation;2021-04-24 14:51:08.757;EnCours;Mer;IMPORTATEUR_ANON_134;NINEA_ANON_630;
2427397;Importation;2020-07-06 15:45:40.943;EnCours;Mer;IMPORTATEUR_ANON_2506;NINEA_ANON_212;001-I
2614518;Importation;2021-09-07 09:50:14.127;EnCours;Mer;IMPORTATEUR_ANON_134;NINEA_ANON_630;001-I
2529265;Importation;2021-02-24 14:58:56.423;EnCours;Mer;IMPORTATEUR_ANON_2308;NINEA_ANON_475;001-I
2690393;Importation;2022-02-22 11:24:06.893;EnCours;Mer;IMPORTATEUR_ANON_5484;NINEA_ANON_42;001-I
2418256;Importation;2020-06-15 17:00:25.263;EnCours;Mer;IMPORTATEUR_ANON_1308;NINEA_ANON_693;001-I
2450373;Importation;2020-08-28 10:03:04.173;EnCours;Mer;IMPORTATEUR_ANON_4734;NINEA_ANON_866;001-I
2457521;Importation;2020-09-14 14:48:00.750;EnCours;Mer;IMPORTATEUR_ANON_4478;NINEA_ANON_105;001-I
2636603;Importation;2021-10-27 12:23:26.640;EnCours;Mer;IMPORTATEUR_ANON_6742;NINEA_ANON_760;001-I
2559453;Importation;2021-05-01 08:51:47.180;EnCours;Mer;IMPORTATEUR_ANON_134;NINEA_ANON_630;
2494978;Importation;2020-12-08 11:34:51.050;EnCours;Mer;IMPORTATEUR_ANON_7464;NINEA_ANON_545;001-I
2362024;Importation;2020-02-13 11:36:43.943;EnCours;Mer;IMPORTATEUR_ANON_5864;NINEA_ANON_371;001-I
2473807;Importation;2020-10-22 10:29:43.587;EnCours;Mer;IMPORTATEUR_ANON_8895;NINEA_ANON_393;001-I
2427660;Importation;2020-07-07 09:44:08.203;Initialise;Mer;IMPORTATEUR_ANON_8958;NINEA_ANON_25;001-I
2683329;Importation;2022-02-10 09:10:20.370;EnCours;Mer;IMPORTATEUR_ANON_2308;NINEA_ANON_475;001-I
2463724;Importation;2020-09-28 15:47:30.830;EnCours;Mer;IMPORTATEUR_ANON_3896;NINEA_ANON_624;001-I
2592883;Importation;2021-07-13 16:18:49.417;EnCours;Mer;IMPORTATEUR_ANON_2623;NINEA_ANON_14;001-I
2449413;Importation;2020-08-26 11:36:34.600;EnCours;Mer;IMPORTATEUR_ANON_9284;NINEA_ANON_956;001-I
2608928;Importation;2021-08-24 15:24:14.087;EnCours;Mer;IMPORTATEUR_ANON_6062;NINEA_ANON_576;001-I
2494618;Importation;2020-12-07 15:48:51.240;EnCours;Mer;IMPORTATEUR_ANON_2308;NINEA_ANON_475;001-I
2563091;Importation;2021-05-10 11:13:54.203;EnCours;Mer;IMPORTATEUR_ANON_3951;NINEA_ANON_125;001-I
2490845;Importation;2020-11-27 17:00:48.200;EnCours;Mer;IMPORTATEUR_ANON_9284;NINEA_ANON_956;001-I
2473757;Importation;2020-10-22 09:52:37.020;EnCours;Mer;IMPORTATEUR_ANON_7259;NINEA_ANON_949;001-I
2353603;Importation;2020-01-29 09:45:33.207;EnCours;Mer;IMPORTATEUR_ANON_8011;NINEA_ANON_856;001-I
2671119;Importation;2022-01-13 10:54:38.603;EnCours;Mer;IMPORTATEUR_ANON_3660;NINEA_ANON_647;001-I
2425016;Importation;2020-06-30 17:18:21.787;EnCours;Mer;IMPORTATEUR_ANON_5661;NINEA_ANON_252;001-I
2453510;Importation;2020-09-04 11:35:49.807;EnCours;Mer;IMPORTATEUR_ANON_4428;NINEA_ANON_802;001-I
2546162;Importation;2021-04-02 10:24:52.060;Initialise;Mer;IMPORTATEUR_ANON_4244;NINEA_ANON_250;001-I
2477814;Importation;2020-11-02 13:13:55.327;EnCours;Mer;IMPORTATEUR_ANON_7464;NINEA_ANON_545;001-I
2427617;Importation;2020-07-07 09:23:02.887;EnCours;Mer;IMPORTATEUR_ANON_8488;NINEA_ANON_578;001-I
2555684;Importation;2021-04-23 10:11:48.117;EnCours;Mer;IMPORTATEUR_ANON_1088;NINEA_ANON_280;001-I
2689942;Importation;2022-02-21 15:28:00.117;EnCours;Mer;IMPORTATEUR_ANON_9628;NINEA_ANON_405;001-I
2476303;Importation;2020-10-28 10:23:00.797;Initialise;Mer;IMPORTATEUR_ANON_9284;NINEA_ANON_956;001-I
2532109;Importation;2021-03-03 12:06:08.273;Initialise;Mer;IMPORTATEUR_ANON_5350;NINEA_ANON_626;001-I
2434997;Importation;2020-07-23 09:46:30.730;EnCours;Mer;IMPORTATEUR_ANON_8535;NINEA_ANON_313;001-I
2462023;Importation;2020-09-24 10:18:37.240;EnCours;Mer;IMPORTATEUR_ANON_7464;NINEA_ANON_545;001-I
2465910;Importation;2020-10-02 12:23:59.573;EnCours;Mer;IMPORTATEUR_ANON_6171;NINEA_ANON_147;001-I
2523963;Importation;2021-02-12 13:15:50.330;EnCours;Mer;IMPORTATEUR_ANON_7464;NINEA_ANON_545;001-I
2540706;Importation;2021-03-22 16:21:19.880;EnCours;Mer;IMPORTATEUR_ANON_2308;NINEA_ANON_475;001-I
2412328;Importation;2020-06-02 16:37:35.953;EnCours;Mer;IMPORTATEUR_ANON_7880;NINEA_ANON_172;001-I
2504961;Importation;2021-01-04 10:47:26.510;EnCours;Mer;IMPORTATEUR_ANON_4428;NINEA_ANON_802;001-I
2609934;Importation;2021-08-26 12:59:38.263;EnCours;Mer;IMPORTATEUR_ANON_5864;NINEA_ANON_371;001-I
2395863;Importation;2020-04-23 13:40:01.457;EnCours;Mer;IMPORTATEUR_ANON_638;NINEA_ANON_384;001-I
2427310;Importation;2020-07-06 14:51:10.620;EnCours;Mer;IMPORTATEUR_ANON_3863;NINEA_ANON_628;001-I
2516752;Importation;2021-01-28 09:50:01.497;EnCours;Mer;IMPORTATEUR_ANON_134;NINEA_ANON_756;
2432215;Importation;2020-07-16 12:06:51.207;EnCours;Mer;IMPORTATEUR_ANON_688;NINEA_ANON_569;001-I
2442020;Importation;2020-08-10 09:56:33.940;EnCours;Mer;IMPORTATEUR_ANON_1748;NINEA_ANON_78;001-I
2441935;Importation;2020-08-10 08:38:46.667;EnCours;Mer;IMPORTATEUR_ANON_4475;NINEA_ANON_694;001-I
2433738;Importation;2020-07-20 17:51:33.353;EnCours;Mer;IMPORTATEUR_ANON_5864;NINEA_ANON_371;001-I
2386259;Importation;2020-03-31 12:47:46.123;Initialise;Mer;IMPORTATEUR_ANON_251;NINEA_ANON_736;001-I
2382784;Importation;2020-03-23 16:35:18.893;EnCours;Mer;IMPORTATEUR_ANON_134;NINEA_ANON_630;001-I
2511630;Importation;2021-01-18 15:48:19.030;EnCours;Mer;IMPORTATEUR_ANON_9537;NINEA_ANON_903;001-I
2381385;Importation;2020-03-19 15:50:32.560;EnCours;Mer;IMPORTATEUR_ANON_2308;NINEA_ANON_475;001-I
2460855;Importation;2020-09-22 10:40:52.273;Initialise;Mer;IMPORTATEUR_ANON_3294;NINEA_ANON_676;001-I
2454914;Importation;2020-09-08 15:10:45.777;EnCours;Mer;IMPORTATEUR_ANON_9284;NINEA_ANON_956;001-I
2677662;Importation;2022-01-27 16:26:06.007;EnCours;Mer;IMPORTATEUR_ANON_819;NINEA_ANON_349;001-I
2459544;Importation;2020-09-18 09:11:01.343;EnCours;Mer;IMPORTATEUR_ANON_5203;NINEA_ANON_724;001-I
2384611;Importation;2020-03-26 15:31:48.037;EnCours;Mer;IMPORTATEUR_ANON_7464;NINEA_ANON_545;001-I
2372766;Importation;2020-03-04 11:28:17.710;EnCours;Mer;IMPORTATEUR_ANON_134;NINEA_ANON_630;001-I
2662913;Importation;2021-12-22 15:38:33.990;EnCours;Mer;IMPORTATEUR_ANON_9284;NINEA_ANON_956;001-I
2505883;Importation;2021-01-05 16:53:08.300;EnCours;Mer;IMPORTATEUR_ANON_4060;NINEA_ANON_533;001-I
2424686;Importation;2020-06-30 11:16:00.990;EnCours;Mer;IMPORTATEUR_ANON_2002;NINEA_ANON_746;001-I
2653030;Importation;2021-12-01 14:29:23.463;EnCours;Mer;IMPORTATEUR_ANON_9564;NINEA_ANON_214;001-I
2394372;Importation;2020-04-21 10:28:34.667;Initialise;Mer;IMPORTATEUR_ANON_8958;NINEA_ANON_25;001-I
2637789;Importation;2021-10-29 11:48:54.540;EnCours;Mer;IMPORTATEUR_ANON_9284;NINEA_ANON_956;001-I
2467086;Importation;2020-10-07 16:04:29.537;EnCours;Mer;IMPORTATEUR_ANON_8645;NINEA_ANON_219;001-I
2535416;Importation;2021-03-11 14:23:14.860;EnCours;Mer;IMPORTATEUR_ANON_2308;NINEA_ANON_475;001-I
2380809;Importation;2020-03-18 16:52:52.200;EnCours;Mer;IMPORTATEUR_ANON_134;NINEA_ANON_630;001-I
2601137;Importation;2021-08-04 16:15:12.640;Initialise;Mer;IMPORTATEUR_ANON_7583;NINEA_ANON_505;001-I
2398054;Importation;2020-04-29 11:19:16.053;EnCours;Mer;IMPORTATEUR_ANON_1308;NINEA_ANON_693;001-I
2351661;Importation;2020-01-24 13:46:18.133;Initialise;Mer;IMPORTATEUR_ANON_7710;NINEA_ANON_594;001-I
2452247;Importation;2020-09-02 10:31:34.310;EnCours;Mer;IMPORTATEUR_ANON_2623;NINEA_ANON_939;001-I
2640543;Importation;2021-11-05 13:03:00.120;EnCours;Mer;IMPORTATEUR_ANON_8011;NINEA_ANON_7;001-I
2390280;Importation;2020-04-09 18:03:53.670;EnCours;Mer;IMPORTATEUR_ANON_8011;NINEA_ANON_856;001-I
2562795;Importation;2021-05-10 07:45:14.267;EnCours;Mer;IMPORTATEUR_ANON_4744;NINEA_ANON_222;001-I
2419790;Importation;2020-06-18 12:29:41.213;EnCours;Mer;IMPORTATEUR_ANON_2957;NINEA_ANON_513;001-I
2561523;Importation;2021-05-05 16:03:31.293;EnCours;Mer;IMPORTATEUR_ANON_3768;NINEA_ANON_664;001-I
2657061;Importation;2021-12-09 16:20:18.300;EnCours;Mer;IMPORTATEUR_ANON_7106;NINEA_ANON_436;001-I
2662964;Importation;2021-12-22 16:23:31.967;EnCours;Mer;IMPORTATEUR_ANON_9284;NINEA_ANON_956;001-I
2438424;Importation;2020-08-03 12:18:48.460;EnCours;Mer;IMPORTATEUR_ANON_9284;NINEA_ANON_956;001-I
2373240;Importation;2020-03-04 16:53:56.363;EnCours;Mer;IMPORTATEUR_ANON_9857;NINEA_ANON_307;001-I
2381659;Importation;2020-03-20 10:18:01.783;EnCours;Mer;IMPORTATEUR_ANON_9284;NINEA_ANON_956;001-I
2392624;Importation;2020-04-16 10:59:32.313;EnCours;Mer;IMPORTATEUR_ANON_3768;NINEA_ANON_664;001-I
2681834;Importation;2022-02-08 13:23:42.200;EnCours;Mer;IMPORTATEUR_ANON_7464;NINEA_ANON_545;001-I
2511982;Importation;2021-01-19 10:37:30.580;EnCours;Mer;IMPORTATEUR_ANON_3863;NINEA_ANON_628;001-I
2662631;Importation;2021-12-22 11:14:18.730;EnCours;Mer;IMPORTATEUR_ANON_9284;NINEA_ANON_956;001-I
2631629;Importation;2021-10-15 10:12:21.170;EnCours;Mer;IMPORTATEUR_ANON_5864;NINEA_ANON_371;001-I
2420277;Importation;2020-06-19 11:17:18.923;Initialise;Mer;IMPORTATEUR_ANON_1895;NINEA_ANON_649;001-I
2398455;Importation;2020-04-30 09:19:27.637;EnCours;Mer;IMPORTATEUR_ANON_7464;NINEA_ANON_545;001-I
2382963;Importation;2020-03-24 10:06:18.537;EnCours;Mer;IMPORTATEUR_ANON_819;NINEA_ANON_349;001-I
2448958;Importation;2020-08-25 13:32:56.810;EnCours;Mer;IMPORTATEUR_ANON_4426;NINEA_ANON_93;001-I
2499760;Importation;2020-12-18 09:02:30.727;EnCours;Mer;IMPORTATEUR_ANON_4426;NINEA_ANON_93;001-I
2618856;Importation;2021-09-15 16:29:21.937;EnCours;Mer;IMPORTATEUR_ANON_7929;NINEA_ANON_740;001-I
2399473;Importation;2020-05-04 12:53:23.520;EnCours;Mer;IMPORTATEUR_ANON_7464;NINEA_ANON_545;001-I
2495163;Importation;2020-12-08 14:51:07.707;EnCours;Mer;IMPORTATEUR_ANON_2308;NINEA_ANON_475;001-I
2642959;Importation;2021-11-11 10:06:04.903;EnCours;Mer;IMPORTATEUR_ANON_4060;NINEA_ANON_533;001-I
2540897;Importation;2021-03-23 09:20:39.080;Initialise;Mer;IMPORTATEUR_ANON_7464;NINEA_ANON_545;001-I
2687962;Importation;2022-02-17 12:34:57.487;Initialise;Mer;IMPORTATEUR_ANON_7166;NINEA_ANON_390;001-I
2646519;Importation;2021-11-18 11:16:49.120;EnCours;Mer;IMPORTATEUR_ANON_5804;NINEA_ANON_779;001-I
2385332;Importation;2020-03-30 09:00:01.140;EnCours;Mer;IMPORTATEUR_ANON_9750;NINEA_ANON_894;001-I
2651079;Importation;2021-11-26 18:40:32.333;EnCours;Mer;IMPORTATEUR_ANON_5606;NINEA_ANON_899;001-I
2476083;Importation;2020-10-27 16:19:01.227;EnCours;Mer;IMPORTATEUR_ANON_2506;NINEA_ANON_212;001-I
2483982;Importation;2020-11-12 16:28:05.443;EnCours;Mer;IMPORTATEUR_ANON_825;NINEA_ANON_51;001-I
2377962;Importation;2020-03-13 09:43:31.463;EnCours;Mer;IMPORTATEUR_ANON_3075;NINEA_ANON_331;001-I
2565054;Importation;2021-05-17 10:01:58.633;EnCours;Mer;IMPORTATEUR_ANON_3863;NINEA_ANON_628;001-I
2542787;Importation;2021-03-26 09:33:10.680;EnCours;Mer;IMPORTATEUR_ANON_134;NINEA_ANON_630;
2572866;Importation;2021-06-02 08:39:13.433;EnCours;Mer;IMPORTATEUR_ANON_5409;NINEA_ANON_85;
2606216;Importation;2021-08-17 10:49:26.113;EnCours;Mer;IMPORTATEUR_ANON_3438;NINEA_ANON_590;
2577345;Importation;2021-06-10 16:58:13.010;Initialise;Mer;IMPORTATEUR_ANON_7166;NINEA_ANON_450;001-I
2411989;Importation;2020-06-02 11:58:40.013;Initialise;Mer;IMPORTATEUR_ANON_6336;NINEA_ANON_145;001-I
2509045;Importation;2021-01-13 09:44:48.123;EnCours;Mer;IMPORTATEUR_ANON_3951;NINEA_ANON_125;001-I
2511076;Importation;2021-01-18 10:36:41.443;EnCours;Mer;IMPORTATEUR_ANON_7464;NINEA_ANON_545;001-I
2665995;Importation;2021-12-30 11:13:50.297;Initialise;Mer;IMPORTATEUR_ANON_7464;NINEA_ANON_545;001-I
2616479;Importation;2021-09-10 09:10:17.033;EnCours;Mer;IMPORTATEUR_ANON_2623;NINEA_ANON_14;001-I
2526781;Importation;2021-02-18 17:23:14.943;EnCours;Mer;IMPORTATEUR_ANON_3951;NINEA_ANON_125;001-I
2467420;Importation;2020-10-08 12:17:34.687;EnCours;Mer;IMPORTATEUR_ANON_134;NINEA_ANON_630;001-I
2558949;Importation;2021-04-29 17:33:15.097;EnCours;Mer;IMPORTATEUR_ANON_7166;NINEA_ANON_390;001-I
2586084;Importation;2021-06-29 16:10:10.123;EnCours;Mer;IMPORTATEUR_ANON_3144;NINEA_ANON_548;001-I
2425959;Importation;2020-07-02 13:00:46.307;EnCours;Mer;IMPORTATEUR_ANON_482;NINEA_ANON_467;001-I
2426879;Importation;2020-07-06 08:47:13.513;EnCours;Mer;IMPORTATEUR_ANON_2623;NINEA_ANON_939;001-I
2411916;Importation;2020-06-02 11:19:08.500;EnCours;Mer;IMPORTATEUR_ANON_3438;NINEA_ANON_590;001-I
2655442;Importation;2021-12-07 11:45:27.130;EnCours;Mer;IMPORTATEUR_ANON_9628;NINEA_ANON_405;001-I
2407658;Importation;2020-05-19 09:05:36.253;EnCours;Mer;IMPORTATEUR_ANON_7944;NINEA_ANON_345;001-I
2341709;Importation;2020-01-07 12:36:17.047;Initialise;Mer;IMPORTATEUR_ANON_3863;NINEA_ANON_628;001-I
2635560;Importation;2021-10-26 08:31:27.657;EnCours;Mer;IMPORTATEUR_ANON_6022;NINEA_ANON_554;001-I
2529305;Importation;2021-02-24 15:37:18.477;EnCours;Mer;IMPORTATEUR_ANON_3438;NINEA_ANON_590;
2464150;Importation;2020-09-29 12:11:06.413;EnCours;Mer;IMPORTATEUR_ANON_2308;NINEA_ANON_475;001-I
2361340;Importation;2020-02-12 12:20:28.503;EnCours;Mer;IMPORTATEUR_ANON_2783;NINEA_ANON_422;001-I
2538336;Importation;2021-03-17 14:46:23.357;EnCours;Mer;IMPORTATEUR_ANON_6862;NINEA_ANON_9;001-I
2405391;Importation;2020-05-13 10:08:33.787;EnCours;Mer;IMPORTATEUR_ANON_1123;NINEA_ANON_764;001-I
2547517;Importation;2021-04-07 10:36:41.400;EnCours;Mer;IMPORTATEUR_ANON_4663;NINEA_ANON_805;001-I
2407743;Importation;2020-05-19 10:33:44.160;Initialise;Mer;IMPORTATEUR_ANON_6857;NINEA_ANON_43;001-I
2428458;Importation;2020-07-08 11:22:32.750;EnCours;Mer;IMPORTATEUR_ANON_5484;NINEA_ANON_42;001-I
2372839;Importation;2020-03-04 12:05:47.043;EnCours;Mer;IMPORTATEUR_ANON_2308;NINEA_ANON_475;001-I
2668388;Importation;2022-01-06 11:28:11.953;EnCours;Mer;IMPORTATEUR_ANON_134;NINEA_ANON_630;001-I
2452011;Importation;2020-09-01 15:52:03.663;EnCours;Mer;IMPORTATEUR_ANON_1818;NINEA_ANON_980;001-I
2584061;Importation;2021-06-24 16:38:38.503;EnCours;Mer;IMPORTATEUR_ANON_134;NINEA_ANON_630;001-I
2341333;Importation;2020-01-07 09:00:31.147;EnCours;Mer;IMPORTATEUR_ANON_2308;NINEA_ANON_475;001-I
2658803;Importation;2021-12-14 12:55:22.240;Initialise;Mer;IMPORTATEUR_ANON_8484;NINEA_ANON_487;001-I
2554567;Importation;2021-04-21 11:30:36.253;Initialise;Mer;IMPORTATEUR_ANON_2308;NINEA_ANON_475;001-I
2402529;Importation;2020-05-06 13:08:42.223;EnCours;Mer;IMPORTATEUR_ANON_134;NINEA_ANON_630;001-I
2455785;Importation;2020-09-09 16:48:57.710;EnCours;Mer;IMPORTATEUR_ANON_1517;NINEA_ANON_449;001-I
2497730;Importation;2020-12-14 15:30:45.143;EnCours;Mer;IMPORTATEUR_ANON_2303;NINEA_ANON_355;
2341764;Importation;2020-01-07 13:12:25.487;EnCours;Mer;IMPORTATEUR_ANON_9284;NINEA_ANON_956;001-I
2533160;Importation;2021-03-05 13:00:48.720;EnCours;Mer;IMPORTATEUR_ANON_134;NINEA_ANON_630;
2427863;Importation;2020-07-07 11:45:04.400;Initialise;Mer;IMPORTATEUR_ANON_3863;NINEA_ANON_628;001-I
2595618;Importation;2021-07-20 16:35:14.560;EnCours;Mer;IMPORTATEUR_ANON_8011;NINEA_ANON_7;001-I
2358735;Importation;2020-02-07 12:02:11.117;EnCours;Mer;IMPORTATEUR_ANON_5501;NINEA_ANON_890;001-I
2610009;Importation;2021-08-26 14:43:55.643;EnCours;Mer;IMPORTATEUR_ANON_517;NINEA_ANON_642;001-I
2655222;Importation;2021-12-07 09:23:07.883;Initialise;Mer;IMPORTATEUR_ANON_7166;NINEA_ANON_450;001-I
2376266;Importation;2020-03-10 16:10:10.353;EnCours;Mer;IMPORTATEUR_ANON_2506;NINEA_ANON_212;001-I
2428834;Importation;2020-07-09 08:24:32.613;EnCours;Mer;IMPORTATEUR_ANON_134;NINEA_ANON_630;001-I
2462698;Importation;2020-09-25 10:45:52.377;EnCours;Mer;IMPORTATEUR_ANON_3658;NINEA_ANON_734;001-I
2655769;Importation;2021-12-07 16:19:52.133;EnCours;Mer;IMPORTATEUR_ANON_6705;NINEA_ANON_239;001-I
2551890;Importation;2021-04-15 14:37:46.503;EnCours;Mer;IMPORTATEUR_ANON_7107;NINEA_ANON_652;
2475936;Importation;2020-10-27 13:54:28.543;EnCours;Mer;IMPORTATEUR_ANON_134;NINEA_ANON_630;001-I
2642131;Importation;2021-11-10 07:58:58.100;EnCours;Mer;IMPORTATEUR_ANON_7987;NINEA_ANON_839;001-I
2677579;Importation;2022-01-27 14:42:13.077;EnCours;Mer;IMPORTATEUR_ANON_1818;NINEA_ANON_980;001-I
2377852;Importation;2020-03-12 17:46:38.813;EnCours;Mer;IMPORTATEUR_ANON_134;NINEA_ANON_630;001-I
2446447;Importation;2020-08-19 11:41:25.100;EnCours;Mer;IMPORTATEUR_ANON_8042;NINEA_ANON_721;001-I
2376043;Importation;2020-03-10 13:20:12.167;EnCours;Mer;IMPORTATEUR_ANON_4663;NINEA_ANON_805;001-I
2468310;Importation;2020-10-09 16:29:01.113;EnCours;Mer;IMPORTATEUR_ANON_3407;NINEA_ANON_902;001-I
2397012;Importation;2020-04-27 13:40:15.793;EnCours;Mer;IMPORTATEUR_ANON_103;NINEA_ANON_168;001-I
2541377;Importation;2021-03-23 15:54:28.383;EnCours;Mer;IMPORTATEUR_ANON_9284;NINEA_ANON_956;001-I
2465162;Importation;2020-10-01 10:01:33.283;EnCours;Mer;IMPORTATEUR_ANON_9628;NINEA_ANON_405;001-I
2489131;Importation;2020-11-25 10:12:47.850;EnCours;Mer;IMPORTATEUR_ANON_4717;NINEA_ANON_357;001-I
2530035;Importation;2021-02-26 08:45:36.463;EnCours;Mer;IMPORTATEUR_ANON_4424;NINEA_ANON_51;001-I
2606172;Importation;2021-08-17 10:19:30.067;EnCours;Mer;IMPORTATEUR_ANON_9942;NINEA_ANON_83;001-I
2544493;Importation;2021-03-30 12:46:01.750;EnCours;Mer;IMPORTATEUR_ANON_9628;NINEA_ANON_405;001-I
2622402;Importation;2021-09-23 12:16:50.163;EnCours;Mer;IMPORTATEUR_ANON_2308;NINEA_ANON_475;001-I
2640026;Importation;2021-11-04 14:52:16.077;EnCours;Mer;IMPORTATEUR_ANON_2261;NINEA_ANON_688;001-I
2457263;Importation;2020-09-14 11:16:19.943;EnCours;Mer;IMPORTATEUR_ANON_7125;NINEA_ANON_595;001-I
2457573;Importation;2020-09-14 15:56:10.483;EnCours;Mer;IMPORTATEUR_ANON_134;NINEA_ANON_630;001-I
2662849;Importation;2021-12-22 14:50:24.477;EnCours;Mer;IMPORTATEUR_ANON_9284;NINEA_ANON_956;001-I
2422546;Importation;2020-06-25 08:07:29.617;EnCours;Mer;IMPORTATEUR_ANON_1818;NINEA_ANON_980;001-I
2433664;Importation;2020-07-20 15:42:12.990;EnCours;Mer;IMPORTATEUR_ANON_9284;NINEA_ANON_956;001-I
2589400;Importation;2021-07-06 15:47:33.310;EnCours;Mer;IMPORTATEUR_ANON_5369;NINEA_ANON_660;
2433096;Importation;2020-07-18 11:38:05.020;EnCours;Mer;IMPORTATEUR_ANON_5864;NINEA_ANON_371;001-I
2370366;Importation;2020-02-28 11:58:56.443;EnCours;Mer;IMPORTATEUR_ANON_2303;NINEA_ANON_774;001-I
2403982;Importation;2020-05-11 08:23:11.500;EnCours;Mer;IMPORTATEUR_ANON_5409;NINEA_ANON_85;001-I
2675451;Importation;2022-01-24 10:44:15.880;EnCours;Mer;IMPORTATEUR_ANON_2308;NINEA_ANON_475;001-I
2362762;Importation;2020-02-14 11:53:49.910;EnCours;Mer;IMPORTATEUR_ANON_4424;NINEA_ANON_51;001-I
2440457;Importation;2020-08-07 09:45:43.730;EnCours;Mer;IMPORTATEUR_ANON_9566;NINEA_ANON_973;001-I
2466725;Importation;2020-10-07 10:36:08.147;EnCours;Mer;IMPORTATEUR_ANON_134;NINEA_ANON_630;001-I
2467306;Importation;2020-10-08 10:45:47.337;EnCours;Mer;IMPORTATEUR_ANON_9284;NINEA_ANON_956;001-I
2611564;Importation;2021-08-31 10:02:32.650;EnCours;Mer;IMPORTATEUR_ANON_134;NINEA_ANON_630;001-I
2369199;Importation;2020-02-26 16:48:11.453;EnCours;Mer;IMPORTATEUR_ANON_9284;NINEA_ANON_956;001-I
2342602;Importation;2020-01-08 15:56:08.537;EnCours;Mer;IMPORTATEUR_ANON_4407;NINEA_ANON_117;001-I
2500631;Importation;2020-12-21 11:38:25.033;EnCours;Mer;IMPORTATEUR_ANON_2506;NINEA_ANON_212;
2384077;Importation;2020-03-25 14:54:29.180;EnCours;Mer;IMPORTATEUR_ANON_9284;NINEA_ANON_956;001-I
2536036;Importation;2021-03-12 15:05:59.380;EnCours;Mer;IMPORTATEUR_ANON_9276;NINEA_ANON_368;001-I
2357669;Importation;2020-02-06 08:25:48.680;EnCours;Mer;IMPORTATEUR_ANON_2303;NINEA_ANON_774;001-I
2602555;Importation;2021-08-09 10:37:21.880;Initialise;Mer;IMPORTATEUR_ANON_1426;NINEA_ANON_616;001-I
2547645;Importation;2021-04-07 12:02:11.817;EnCours;Mer;IMPORTATEUR_ANON_4775;NINEA_ANON_705;001-I
2489479;Importation;2020-11-25 14:56:35.880;EnCours;Mer;IMPORTATEUR_ANON_5014;NINEA_ANON_959;
2449145;Importation;2020-08-25 16:37:54.830;EnCours;Mer;IMPORTATEUR_ANON_3016;NINEA_ANON_671;001-I
2654309;Importation;2021-12-03 16:37:12.097;EnCours;Mer;IMPORTATEUR_ANON_7166;NINEA_ANON_997;001-I
2444285;Importation;2020-08-13 15:17:31.643;EnCours;Mer;IMPORTATEUR_ANON_134;NINEA_ANON_630;001-I
2595200;Importation;2021-07-19 15:49:42.737;EnCours;Mer;IMPORTATEUR_ANON_8531;NINEA_ANON_531;001-I
2668784;Importation;2022-01-07 11:15:14.847;EnCours;Mer;IMPORTATEUR_ANON_9628;NINEA_ANON_405;001-I
2649532;Importation;2021-11-24 11:46:27.220;EnCours;Mer;IMPORTATEUR_ANON_5804;NINEA_ANON_779;001-I
2361960;Importation;2020-02-13 11:01:27.820;Initialise;Mer;IMPORTATEUR_ANON_2783;NINEA_ANON_422;001-I
2384673;Importation;2020-03-26 16:49:56.543;EnCours;Mer;IMPORTATEUR_ANON_134;NINEA_ANON_630;001-I
2395297;Importation;2020-04-22 14:27:16.177;EnCours;Mer;IMPORTATEUR_ANON_2308;NINEA_ANON_475;001-I
2394878;Importation;2020-04-22 09:14:24.310;EnCours;Mer;IMPORTATEUR_ANON_2308;NINEA_ANON_475;001-I
2464320;Importation;2020-09-29 14:56:16.740;EnCours;Mer;IMPORTATEUR_ANON_4424;NINEA_ANON_51;001-I
2679983;Importation;2022-02-02 13:44:07.997;EnCours;Mer;IMPORTATEUR_ANON_9284;NINEA_ANON_956;001-I
2524415;Importation;2021-02-15 11:09:28.157;EnCours;Mer;IMPORTATEUR_ANON_3173;NINEA_ANON_79;001-I
2560643;Importation;2021-05-04 12:37:20.880;EnCours;Mer;IMPORTATEUR_ANON_8875;NINEA_ANON_793;001-I
2428543;Importation;2020-07-08 12:37:06.380;EnCours;Mer;IMPORTATEUR_ANON_347;NINEA_ANON_745;001-I
2643075;Importation;2021-11-11 11:17:07.520;EnCours;Mer;IMPORTATEUR_ANON_6117;NINEA_ANON_137;001-I
2424968;Importation;2020-06-30 16:28:52.123;EnCours;Mer;IMPORTATEUR_ANON_7464;NINEA_ANON_545;001-I
2451891;Importation;2020-09-01 13:59:18.997;EnCours;Mer;IMPORTATEUR_ANON_3407;NINEA_ANON_902;001-I
2454036;Importation;2020-09-07 10:50:41.790;EnCours;Mer;IMPORTATEUR_ANON_5760;NINEA_ANON_572;001-I
2542357;Importation;2021-03-25 11:55:28.057;EnCours;Mer;IMPORTATEUR_ANON_2204;NINEA_ANON_878;
2377744;Importation;2020-03-12 15:51:04.653;Initialise;Mer;IMPORTATEUR_ANON_819;NINEA_ANON_349;001-I
2687740;Importation;2022-02-17 10:34:45.527;EnCours;Mer;IMPORTATEUR_ANON_6857;NINEA_ANON_43;001-I
2660008;Importation;2021-12-16 11:16:36.890;EnCours;Mer;IMPORTATEUR_ANON_7464;NINEA_ANON_545;001-I
2454052;Réexportation;2020-09-07 10:57:22.443;Initialise;Mer;IMPORTATEUR_ANON_3016;NINEA_ANON_671;001-E
2460308;Importation;2020-09-21 12:01:36.123;EnCours;Mer;IMPORTATEUR_ANON_4475;NINEA_ANON_694;001-I
2549576;Importation;2021-04-12 11:14:35.593;EnCours;Mer;IMPORTATEUR_ANON_7743;NINEA_ANON_869;001-I
2572863;Importation;2021-06-02 08:35:42.567;EnCours;Mer;IMPORTATEUR_ANON_3438;NINEA_ANON_590;
2499789;Importation;2020-12-18 09:29:29.187;EnCours;Mer;IMPORTATEUR_ANON_134;NINEA_ANON_756;
2369956;Importation;2020-02-27 16:26:41.003;EnCours;Mer;IMPORTATEUR_ANON_134;NINEA_ANON_630;001-I
2393505;Importation;2020-04-18 09:21:51.690;EnCours;Mer;IMPORTATEUR_ANON_1497;NINEA_ANON_953;001-I
2421633;Importation;2020-06-23 13:35:12.803;EnCours;Mer;IMPORTATEUR_ANON_9640;NINEA_ANON_571;001-I
2556593;Importation;2021-04-26 12:27:44.690;EnCours;Mer;IMPORTATEUR_ANON_219;NINEA_ANON_880;001-I
2629479;Transit;2021-10-11 16:01:59.003;Initialise;Mer;IMPORTATEUR_ANON_3213;NINEA_ANON_35;001-E
2378919;Importation;2020-03-16 12:10:09.167;EnCours;Mer;IMPORTATEUR_ANON_482;NINEA_ANON_467;001-I
2616616;Importation;2021-09-10 11:05:39.247;EnCours;Mer;IMPORTATEUR_ANON_2002;NINEA_ANON_746;001-I
2389718;Importation;2020-04-09 08:44:37.530;EnCours;Mer;IMPORTATEUR_ANON_12;NINEA_ANON_977;001-I
2566472;Importation;2021-05-19 08:19:09.703;EnCours;Mer;IMPORTATEUR_ANON_8011;NINEA_ANON_856;001-I
2366696;Importation;2020-02-21 15:56:47.660;EnCours;Mer;IMPORTATEUR_ANON_808;NINEA_ANON_552;001-I
2382363;Importation;2020-03-23 09:52:46.650;EnCours;Mer;IMPORTATEUR_ANON_134;NINEA_ANON_630;001-I
2522546;Importation;2021-02-10 09:56:46.693;EnCours;Mer;IMPORTATEUR_ANON_134;NINEA_ANON_630;
2679975;Importation;2022-02-02 13:31:14.697;EnCours;Mer;IMPORTATEUR_ANON_134;NINEA_ANON_630;001-I
2374934;Importation;2020-03-09 11:43:42.083;EnCours;Mer;IMPORTATEUR_ANON_5760;NINEA_ANON_572;001-I
2519865;Importation;2021-02-03 16:10:44.190;EnCours;Mer;IMPORTATEUR_ANON_4209;NINEA_ANON_188;001-I
2499909;Importation;2020-12-18 10:47:35.553;EnCours;Mer;IMPORTATEUR_ANON_2908;NINEA_ANON_148;001-I
2594482;Importation;2021-07-16 12:54:57.907;Initialise;Mer;IMPORTATEUR_ANON_4316;NINEA_ANON_742;001-I
2380629;Importation;2020-03-18 14:15:17.563;EnCours;Mer;IMPORTATEUR_ANON_3863;NINEA_ANON_628;001-I
2356954;Importation;2020-02-05 08:57:44.833;EnCours;Mer;IMPORTATEUR_ANON_3185;NINEA_ANON_409;001-I
2600249;Importation;2021-08-03 11:28:32.290;EnCours;Mer;IMPORTATEUR_ANON_6187;NINEA_ANON_791;
2563440;Importation;2021-05-10 15:18:54.757;EnCours;Mer;IMPORTATEUR_ANON_4428;NINEA_ANON_879;001-I
2495940;Importation;2020-12-09 16:48:29.823;EnCours;Mer;IMPORTATEUR_ANON_819;NINEA_ANON_349;001-I
2430865;Importation;2020-07-14 10:58:34.060;EnCours;Mer;IMPORTATEUR_ANON_9750;NINEA_ANON_894;001-I
2381772;Importation;2020-03-20 11:39:23.243;Initialise;Mer;IMPORTATEUR_ANON_819;NINEA_ANON_349;001-I
2474537;Importation;2020-10-23 12:38:07.500;EnCours;Mer;IMPORTATEUR_ANON_3144;NINEA_ANON_548;001-I
2462719;Importation;2020-09-25 11:01:49.027;EnCours;Mer;IMPORTATEUR_ANON_1478;NINEA_ANON_129;001-I
2460242;Importation;2020-09-21 11:00:06.713;EnCours;Mer;IMPORTATEUR_ANON_1133;NINEA_ANON_122;001-I
2534548;Importation;2021-03-10 12:35:50.783;EnCours;Mer;IMPORTATEUR_ANON_3264;NINEA_ANON_644;001-I
2606688;Importation;2021-08-18 10:14:53.680;Initialise;Mer;IMPORTATEUR_ANON_6863;NINEA_ANON_240;001-I
2559192;Importation;2021-04-30 12:01:19.303;EnCours;Mer;IMPORTATEUR_ANON_4137;NINEA_ANON_565;001-I
2426973;Importation;2020-07-06 10:14:43.500;EnCours;Mer;IMPORTATEUR_ANON_134;NINEA_ANON_630;001-I
2491400;Importation;2020-11-30 13:34:34.737;EnCours;Mer;IMPORTATEUR_ANON_4903;NINEA_ANON_37;001-I
2608884;Importation;2021-08-24 14:46:54.820;EnCours;Mer;IMPORTATEUR_ANON_9284;NINEA_ANON_956;001-I
2404040;Transit;2020-05-11 09:28:02.890;Initialise;Mer;IMPORTATEUR_ANON_879;NINEA_ANON_100;001-E
2343042;Importation;2020-01-09 11:35:54.900;Initialise;Mer;IMPORTATEUR_ANON_5910;NINEA_ANON_735;001-I
2473749;Importation;2020-10-22 09:43:58.260;EnCours;Mer;IMPORTATEUR_ANON_6705;NINEA_ANON_314;001-I
2625528;Importation;2021-10-01 12:58:16.563;EnCours;Mer;IMPORTATEUR_ANON_7528;NINEA_ANON_447;001-I
2470480;Importation;2020-10-14 15:52:09.500;EnCours;Mer;IMPORTATEUR_ANON_9284;NINEA_ANON_956;001-I
2498593;Importation;2020-12-16 08:09:51.690;Initialise;Mer;IMPORTATEUR_ANON_3863;NINEA_ANON_628;001-I
2664343;Importation;2021-12-27 11:41:27.320;EnCours;Mer;IMPORTATEUR_ANON_9628;NINEA_ANON_405;001-I
2418902;Importation;2020-06-16 17:00:49.800;EnCours;Mer;IMPORTATEUR_ANON_1827;NINEA_ANON_956;001-I
2517772;Importation;2021-01-29 16:28:49.057;EnCours;Mer;IMPORTATEUR_ANON_819;NINEA_ANON_349;001-I
2484228;Importation;2020-11-13 11:10:33.857;EnCours;Mer;IMPORTATEUR_ANON_6407;NINEA_ANON_344;001-I
2609289;Importation;2021-08-25 12:11:55.093;EnCours;Mer;IMPORTATEUR_ANON_134;NINEA_ANON_630;001-I
2367056;Importation;2020-02-24 10:50:12.590;EnCours;Mer;IMPORTATEUR_ANON_2261;NINEA_ANON_688;001-I
2495240;Importation;2020-12-08 15:50:20.213;Initialise;Mer;IMPORTATEUR_ANON_7464;NINEA_ANON_545;001-I
2411857;Importation;2020-06-02 10:53:02.210;EnCours;Mer;IMPORTATEUR_ANON_2506;NINEA_ANON_212;001-I
2498906;Importation;2020-12-16 12:52:13.183;EnCours;Mer;IMPORTATEUR_ANON_134;NINEA_ANON_756;
2444044;Importation;2020-08-13 11:27:02.100;Initialise;Mer;IMPORTATEUR_ANON_819;NINEA_ANON_349;001-I
2518140;Importation;2021-02-01 10:39:00.467;EnCours;Mer;IMPORTATEUR_ANON_9628;NINEA_ANON_405;001-I
2437432;Importation;2020-07-29 09:42:55.817;EnCours;Mer;IMPORTATEUR_ANON_9284;NINEA_ANON_956;001-I
2520950;Importation;2021-02-05 15:45:58.447;EnCours;Mer;IMPORTATEUR_ANON_9284;NINEA_ANON_956;001-I
2415634;Importation;2020-06-09 16:06:58.570;EnCours;Mer;IMPORTATEUR_ANON_4426;NINEA_ANON_93;001-I
2420580;Importation;2020-06-20 09:25:51.910;EnCours;Mer;IMPORTATEUR_ANON_134;NINEA_ANON_630;001-I
2642979;Importation;2021-11-11 10:18:02.680;EnCours;Mer;IMPORTATEUR_ANON_9361;NINEA_ANON_968;001-I
2590736;Importation;2021-07-08 14:23:41.253;EnCours;Mer;IMPORTATEUR_ANON_7464;NINEA_ANON_545;001-I
2680006;Importation;2022-02-02 14:22:35.060;EnCours;Mer;IMPORTATEUR_ANON_2623;NINEA_ANON_14;001-I
2559384;Importation;2021-04-30 15:55:04.667;EnCours;Mer;IMPORTATEUR_ANON_7464;NINEA_ANON_545;001-I
2414311;Importation;2020-06-06 09:55:36.573;EnCours;Mer;IMPORTATEUR_ANON_134;NINEA_ANON_630;001-I
2619400;Importation;2021-09-16 15:35:16.070;EnCours;Mer;IMPORTATEUR_ANON_134;NINEA_ANON_630;001-I
2667940;Importation;2022-01-05 11:53:33.647;EnCours;Mer;IMPORTATEUR_ANON_7464;NINEA_ANON_545;001-I
2365965;Importation;2020-02-20 14:35:06.007;EnCours;Mer;IMPORTATEUR_ANON_2623;NINEA_ANON_939;001-I
2544214;Importation;2021-03-30 09:44:04.600;EnCours;Mer;IMPORTATEUR_ANON_3863;NINEA_ANON_628;001-I
2542199;Importation;2021-03-25 09:53:44.860;EnCours;Mer;IMPORTATEUR_ANON_7464;NINEA_ANON_545;001-I
2583204;Importation;2021-06-23 11:58:06.277;EnCours;Mer;IMPORTATEUR_ANON_2623;NINEA_ANON_14;001-I
2468126;Importation;2020-10-09 12:48:00.020;EnCours;Mer;IMPORTATEUR_ANON_9284;NINEA_ANON_956;001-I
2583956;Importation;2021-06-24 15:33:58.233;EnCours;Mer;IMPORTATEUR_ANON_3923;NINEA_ANON_709;001-I
2596272;Importation;2021-07-26 09:50:21.523;EnCours;Mer;IMPORTATEUR_ANON_3428;NINEA_ANON_29;
2422161;Importation;2020-06-24 11:38:43.867;EnCours;Mer;IMPORTATEUR_ANON_134;NINEA_ANON_630;001-I
2545517;Importation;2021-04-01 10:20:25.407;EnCours;Mer;IMPORTATEUR_ANON_428;NINEA_ANON_244;001-I
2656078;Importation;2021-12-08 11:11:14.050;EnCours;Mer;IMPORTATEUR_ANON_3951;NINEA_ANON_125;001-I
2507588;Importation;2021-01-11 09:23:54.070;EnCours;Mer;IMPORTATEUR_ANON_7959;NINEA_ANON_373;001-I
2583336;Importation;2021-06-23 14:01:45.783;EnCours;Mer;IMPORTATEUR_ANON_6863;NINEA_ANON_240;001-I
2680867;Importation;2022-02-04 10:53:46.180;EnCours;Mer;IMPORTATEUR_ANON_2623;NINEA_ANON_14;001-I
2632428;Importation;2021-10-18 12:55:22.237;EnCours;Mer;IMPORTATEUR_ANON_3660;NINEA_ANON_379;001-I
2379968;Importation;2020-03-17 14:49:38.650;EnCours;Mer;IMPORTATEUR_ANON_1893;NINEA_ANON_932;001-I
2640900;Importation;2021-11-06 17:54:14.953;EnCours;Mer;IMPORTATEUR_ANON_134;NINEA_ANON_630;001-I
2454575;Importation;2020-09-08 10:18:26.340;EnCours;Mer;IMPORTATEUR_ANON_3863;NINEA_ANON_628;001-I
2386076;Importation;2020-03-31 10:35:46.883;EnCours;Mer;IMPORTATEUR_ANON_1793;NINEA_ANON_614;001-I
2568809;Importation;2021-05-25 11:27:06.713;EnCours;Mer;IMPORTATEUR_ANON_9284;NINEA_ANON_956;001-I
2641824;Importation;2021-11-09 15:14:21.480;EnCours;Mer;IMPORTATEUR_ANON_134;NINEA_ANON_630;001-I
2692174;Importation;2022-02-24 13:00:30.753;EnCours;Mer;IMPORTATEUR_ANON_134;NINEA_ANON_630;001-I
2458447;Importation;2020-09-16 09:57:39.550;EnCours;Mer;IMPORTATEUR_ANON_4663;NINEA_ANON_805;001-I
2531388;Importation;2021-03-02 10:23:40.020;EnCours;Mer;IMPORTATEUR_ANON_9284;NINEA_ANON_956;001-I
2626153;Importation;2021-10-04 12:51:55.770;EnCours;Mer;IMPORTATEUR_ANON_286;NINEA_ANON_686;001-I
2567001;Importation;2021-05-19 16:01:15.623;EnCours;Mer;IMPORTATEUR_ANON_7464;NINEA_ANON_545;001-I
2341007;Importation;2020-01-06 13:56:33.880;Initialise;Mer;IMPORTATEUR_ANON_8958;NINEA_ANON_25;001-I
2568919;Importation;2021-05-25 12:24:18.910;EnCours;Mer;IMPORTATEUR_ANON_9284;NINEA_ANON_956;001-I
2473932;Importation;2020-10-22 11:59:53.360;EnCours;Mer;IMPORTATEUR_ANON_8011;NINEA_ANON_856;001-I
2523732;Importation;2021-02-12 10:05:12.907;EnCours;Mer;IMPORTATEUR_ANON_9628;NINEA_ANON_405;001-I
2539526;Importation;2021-03-19 11:49:32.547;EnCours;Mer;IMPORTATEUR_ANON_428;NINEA_ANON_244;001-I
2629883;Importation;2021-10-12 12:27:50.803;EnCours;Mer;IMPORTATEUR_ANON_134;NINEA_ANON_630;001-I
2602672;Importation;2021-08-09 12:11:40.743;EnCours;Mer;IMPORTATEUR_ANON_2623;NINEA_ANON_14;001-I
2620139;Importation;2021-09-18 16:40:47.167;EnCours;Mer;IMPORTATEUR_ANON_4390;NINEA_ANON_898;001-I
2501389;Importation;2020-12-22 12:11:40.170;EnCours;Mer;IMPORTATEUR_ANON_2187;NINEA_ANON_654;
2639178;Importation;2021-11-03 11:07:35.290;EnCours;Mer;IMPORTATEUR_ANON_8713;NINEA_ANON_398;001-I
2468027;Importation;2020-10-09 11:32:50.523;EnCours;Mer;IMPORTATEUR_ANON_4590;NINEA_ANON_266;001-I
2506580;Importation;2021-01-07 11:00:38.817;EnCours;Mer;IMPORTATEUR_ANON_8555;NINEA_ANON_265;001-I
2402910;Importation;2020-05-07 10:25:39.550;EnCours;Mer;IMPORTATEUR_ANON_1088;NINEA_ANON_280;001-I
2541240;Importation;2021-03-23 13:31:10.277;EnCours;Mer;IMPORTATEUR_ANON_9284;NINEA_ANON_956;001-I
2380963;Importation;2020-03-19 09:50:25.760;EnCours;Mer;IMPORTATEUR_ANON_2085;NINEA_ANON_653;001-I
2512492;Importation;2021-01-19 16:36:06.997;EnCours;Mer;IMPORTATEUR_ANON_5864;NINEA_ANON_371;001-I
2623853;Importation;2021-09-28 16:27:44.010;EnCours;Mer;IMPORTATEUR_ANON_9284;NINEA_ANON_956;001-I
2475845;Importation;2020-10-27 12:22:47.880;EnCours;Mer;IMPORTATEUR_ANON_9749;NINEA_ANON_190;001-I
2497001;Importation;2020-12-11 15:11:13.553;EnCours;Mer;IMPORTATEUR_ANON_1936;NINEA_ANON_930;001-I
2377975;Importation;2020-03-13 09:57:24.600;EnCours;Mer;IMPORTATEUR_ANON_134;NINEA_ANON_630;001-I
2462772;Importation;2020-09-25 11:37:58.467;EnCours;Mer;IMPORTATEUR_ANON_8208;NINEA_ANON_946;001-I
2665261;Importation;2021-12-29 08:49:20.827;EnCours;Mer;IMPORTATEUR_ANON_819;NINEA_ANON_349;001-I
2508515;Importation;2021-01-12 11:30:33.770;Initialise;Mer;IMPORTATEUR_ANON_8532;NINEA_ANON_461;001-I
2543788;Importation;2021-03-29 12:35:01.283;EnCours;Mer;IMPORTATEUR_ANON_3135;NINEA_ANON_687;001-I
2558104;Importation;2021-04-28 14:26:53.420;EnCours;Mer;IMPORTATEUR_ANON_2308;NINEA_ANON_475;001-I
2638514;Importation;2021-11-02 11:04:12.680;EnCours;Mer;IMPORTATEUR_ANON_6006;NINEA_ANON_364;001-I
2579035;Importation;2021-06-15 10:50:54.357;EnCours;Mer;IMPORTATEUR_ANON_4060;NINEA_ANON_533;001-I
2362944;Importation;2020-02-14 15:31:07.893;EnCours;Mer;IMPORTATEUR_ANON_134;NINEA_ANON_630;001-I
2616764;Importation;2021-09-10 13:04:56.213;EnCours;Mer;IMPORTATEUR_ANON_569;NINEA_ANON_299;001-I
2403312;Importation;2020-05-07 16:16:53.200;EnCours;Mer;IMPORTATEUR_ANON_9216;NINEA_ANON_379;001-I
2378551;Importation;2020-03-14 12:16:14.297;EnCours;Mer;IMPORTATEUR_ANON_2623;NINEA_ANON_939;001-I
2580063;Importation;2021-06-16 15:22:11.940;EnCours;Mer;IMPORTATEUR_ANON_7514;NINEA_ANON_521;001-I
2498679;Importation;2020-12-16 09:50:43.690;EnCours;Mer;IMPORTATEUR_ANON_5760;NINEA_ANON_572;001-I
2663737;Importation;2021-12-24 10:37:21.573;EnCours;Mer;IMPORTATEUR_ANON_2783;NINEA_ANON_422;001-I
2651208;Importation;2021-11-29 09:31:45.883;EnCours;Mer;IMPORTATEUR_ANON_9284;NINEA_ANON_956;001-I
2363195;Importation;2020-02-17 09:16:34.690;EnCours;Mer;IMPORTATEUR_ANON_3438;NINEA_ANON_590;001-I
2555822;Importation;2021-04-23 11:57:39.270;EnCours;Mer;IMPORTATEUR_ANON_7116;NINEA_ANON_518;001-I
2463181;Importation;2020-09-28 09:01:28.140;EnCours;Mer;IMPORTATEUR_ANON_8895;NINEA_ANON_393;001-I
2399390;Importation;2020-05-04 12:01:56.797;EnCours;Mer;IMPORTATEUR_ANON_2261;NINEA_ANON_688;001-I
2375415;Importation;2020-03-09 17:21:40.543;EnCours;Mer;IMPORTATEUR_ANON_6681;NINEA_ANON_809;001-I
2541221;Importation;2021-03-23 13:15:36.437;EnCours;Mer;IMPORTATEUR_ANON_9284;NINEA_ANON_956;001-I
2674245;Importation;2022-01-20 09:36:30.453;EnCours;Mer;IMPORTATEUR_ANON_9284;NINEA_ANON_956;001-I
2438986;Importation;2020-08-04 12:41:53.630;EnCours;Mer;IMPORTATEUR_ANON_2117;NINEA_ANON_418;001-I
2657263;Importation;2021-12-10 10:42:02.303;EnCours;Mer;IMPORTATEUR_ANON_191;NINEA_ANON_164;001-I
2510185;Importation;2021-01-14 16:07:36.150;EnCours;Mer;IMPORTATEUR_ANON_312;NINEA_ANON_946;001-I
2355104;Importation;2020-01-31 11:08:36.327;EnCours;Mer;IMPORTATEUR_ANON_8060;NINEA_ANON_730;001-I
2417769;Importation;2020-06-15 10:40:55.403;EnCours;Mer;IMPORTATEUR_ANON_3863;NINEA_ANON_628;001-I
2427251;Importation;2020-07-06 13:41:49.453;EnCours;Mer;IMPORTATEUR_ANON_7528;NINEA_ANON_447;001-I
2565322;Importation;2021-05-17 12:19:16.317;EnCours;Mer;IMPORTATEUR_ANON_3863;NINEA_ANON_628;001-I
2407304;Importation;2020-05-18 13:11:10.233;EnCours;Mer;IMPORTATEUR_ANON_7514;NINEA_ANON_624;001-I
2605875;Importation;2021-08-16 15:04:08.343;EnCours;Mer;IMPORTATEUR_ANON_428;NINEA_ANON_244;001-I
2541640;Importation;2021-03-24 10:55:31.863;Initialise;Mer;IMPORTATEUR_ANON_6169;NINEA_ANON_619;001-I
2454558;Importation;2020-09-08 09:59:01.867;EnCours;Mer;IMPORTATEUR_ANON_1793;NINEA_ANON_614;001-I
2577046;Importation;2021-06-10 12:42:01.150;EnCours;Mer;IMPORTATEUR_ANON_2223;NINEA_ANON_102;001-I
2598700;Importation;2021-07-29 16:26:48.560;EnCours;Mer;IMPORTATEUR_ANON_5606;NINEA_ANON_899;001-I
2687419;Importation;2022-02-16 17:02:02.230;EnCours;Mer;IMPORTATEUR_ANON_3768;NINEA_ANON_664;001-I
2616304;Importation;2021-09-09 16:17:27.417;EnCours;Mer;IMPORTATEUR_ANON_8011;NINEA_ANON_7;001-I
2355527;Importation;2020-02-03 09:04:16.987;EnCours;Mer;IMPORTATEUR_ANON_3407;NINEA_ANON_902;001-I
2508469;Importation;2021-01-12 11:01:05.943;EnCours;Mer;IMPORTATEUR_ANON_4428;NINEA_ANON_802;001-I
2474688;Importation;2020-10-23 16:05:22.563;EnCours;Mer;IMPORTATEUR_ANON_8126;NINEA_ANON_987;001-I
2595665;Importation;2021-07-22 10:31:59.327;EnCours;Mer;IMPORTATEUR_ANON_2247;NINEA_ANON_593;
2435871;Importation;2020-07-24 15:24:43.120;EnCours;Mer;IMPORTATEUR_ANON_9095;NINEA_ANON_136;001-I
2502372;Importation;2020-12-24 09:42:06.440;EnCours;Mer;IMPORTATEUR_ANON_7464;NINEA_ANON_545;001-I
2464845;Importation;2020-09-30 14:22:35.690;EnCours;Mer;IMPORTATEUR_ANON_7848;NINEA_ANON_322;001-I
2693387;Importation;2022-02-28 10:53:49.450;EnCours;Mer;IMPORTATEUR_ANON_7987;NINEA_ANON_839;001-I
2672879;Importation;2022-01-18 08:31:33.950;EnCours;Mer;IMPORTATEUR_ANON_5804;NINEA_ANON_779;001-I
2459770;Importation;2020-09-18 12:29:45.117;EnCours;Mer;IMPORTATEUR_ANON_3866;NINEA_ANON_565;001-I
2507611;Importation;2021-01-11 09:49:22.483;EnCours;Mer;IMPORTATEUR_ANON_7929;NINEA_ANON_740;001-I
2504578;Importation;2020-12-31 11:19:38.247;EnCours;Mer;IMPORTATEUR_ANON_9284;NINEA_ANON_956;001-I
2634012;Importation;2021-10-21 15:06:54.327;EnCours;Mer;IMPORTATEUR_ANON_3726;NINEA_ANON_343;001-I
2603615;Importation;2021-08-10 16:34:06.700;EnCours;Mer;IMPORTATEUR_ANON_134;NINEA_ANON_630;001-I
2346693;Importation;2020-01-16 09:11:47.447;EnCours;Mer;IMPORTATEUR_ANON_8360;NINEA_ANON_879;001-I
2676096;Importation;2022-01-25 10:35:51.170;EnCours;Mer;IMPORTATEUR_ANON_2308;NINEA_ANON_475;001-I
2686569;Importation;2022-02-16 08:55:10.760;EnCours;Mer;IMPORTATEUR_ANON_9556;NINEA_ANON_623;001-I
2640731;Importation;2021-11-05 16:32:27.947;EnCours;Mer;IMPORTATEUR_ANON_9284;NINEA_ANON_956;001-I
2510934;Importation;2021-01-18 09:02:30.880;EnCours;Mer;IMPORTATEUR_ANON_819;NINEA_ANON_349;001-I
2509470;Importation;2021-01-13 15:30:54.513;EnCours;Mer;IMPORTATEUR_ANON_9284;NINEA_ANON_956;001-I
2610276;Importation;2021-08-27 08:31:53.920;EnCours;Mer;IMPORTATEUR_ANON_9284;NINEA_ANON_956;001-I
2389630;Importation;2020-04-08 15:47:53.670;Initialise;Mer;IMPORTATEUR_ANON_134;NINEA_ANON_630;001-I
2434397;Importation;2020-07-22 09:29:54.800;EnCours;Mer;IMPORTATEUR_ANON_1124;NINEA_ANON_625;001-I
2475361;Importation;2020-10-26 14:34:54.180;EnCours;Mer;IMPORTATEUR_ANON_2308;NINEA_ANON_475;001-I
2573781;Importation;2021-06-03 11:44:41.243;EnCours;Mer;IMPORTATEUR_ANON_7929;NINEA_ANON_740;001-I
2415013;Importation;2020-06-08 16:18:00.140;EnCours;Mer;IMPORTATEUR_ANON_3515;NINEA_ANON_230;001-I
2443463;Importation;2020-08-12 11:25:49.303;EnCours;Mer;IMPORTATEUR_ANON_5804;NINEA_ANON_779;001-I
2621090;Importation;2021-09-21 12:10:19.637;EnCours;Mer;IMPORTATEUR_ANON_1497;NINEA_ANON_889;001-I
2515393;Importation;2021-01-26 09:19:55.807;EnCours;Mer;IMPORTATEUR_ANON_2623;NINEA_ANON_939;001-I
2494100;Importation;2020-12-05 14:24:52.547;EnCours;Mer;IMPORTATEUR_ANON_8467;NINEA_ANON_345;001-I
2477442;Importation;2020-11-02 09:26:21.810;EnCours;Mer;IMPORTATEUR_ANON_1827;NINEA_ANON_956;001-I
2592160;Importation;2021-07-12 14:23:55.330;EnCours;Mer;IMPORTATEUR_ANON_3726;NINEA_ANON_343;001-I
2674920;Importation;2022-01-21 10:14:19.763;EnCours;Mer;IMPORTATEUR_ANON_9628;NINEA_ANON_405;001-I
2406084;Importation;2020-05-14 12:08:49.200;EnCours;Mer;IMPORTATEUR_ANON_8470;NINEA_ANON_754;001-I
2451052;Importation;2020-08-31 10:51:59.760;EnCours;Mer;IMPORTATEUR_ANON_9564;NINEA_ANON_214;001-I
2479179;Importation;2020-11-04 15:01:22.870;EnCours;Mer;IMPORTATEUR_ANON_9628;NINEA_ANON_405;001-I
2479143;Importation;2020-11-04 14:14:25.400;EnCours;Mer;IMPORTATEUR_ANON_6077;NINEA_ANON_233;001-I
2513378;Importation;2021-01-21 11:07:10.280;EnCours;Mer;IMPORTATEUR_ANON_638;NINEA_ANON_384;001-I
2581151;Importation;2021-06-18 12:30:24.863;EnCours;Mer;IMPORTATEUR_ANON_1380;NINEA_ANON_312;
2421057;Importation;2020-06-22 14:21:37.977;EnCours;Mer;IMPORTATEUR_ANON_7464;NINEA_ANON_545;001-I
2562454;Importation;2021-05-07 12:21:07.233;EnCours;Mer;IMPORTATEUR_ANON_9284;NINEA_ANON_956;001-I
2419442;Importation;2020-06-17 16:22:30.483;EnCours;Mer;IMPORTATEUR_ANON_8659;NINEA_ANON_544;001-I
2553055;Importation;2021-04-19 10:53:38.103;EnCours;Mer;IMPORTATEUR_ANON_1133;NINEA_ANON_122;001-I
2669987;Importation;2022-01-11 12:08:58.113;EnCours;Mer;IMPORTATEUR_ANON_2002;NINEA_ANON_746;001-I
2409844;Importation;2020-05-26 15:16:22.870;Initialise;Mer;IMPORTATEUR_ANON_3863;NINEA_ANON_628;001-I
2422416;Importation;2020-06-24 15:53:39.590;EnCours;Mer;IMPORTATEUR_ANON_134;NINEA_ANON_630;001-I
2558340;Importation;2021-04-29 09:01:24.440;EnCours;Mer;IMPORTATEUR_ANON_6452;NINEA_ANON_831;001-I
2429651;Importation;2020-07-10 11:37:39.853;EnCours;Mer;IMPORTATEUR_ANON_8699;NINEA_ANON_91;001-I
2462092;Importation;2020-09-24 11:11:50.330;Initialise;Mer;IMPORTATEUR_ANON_5331;NINEA_ANON_481;001-I
2675215;Importation;2022-01-21 16:04:03.233;EnCours;Mer;IMPORTATEUR_ANON_9825;NINEA_ANON_307;001-I
2442980;Importation;2020-08-11 13:55:11.200;EnCours;Mer;IMPORTATEUR_ANON_6539;NINEA_ANON_481;001-I
2387598;Importation;2020-04-02 15:10:49.720;Initialise;Mer;IMPORTATEUR_ANON_9218;NINEA_ANON_750;001-I
2675358;Importation;2022-01-24 09:24:19.727;EnCours;Mer;IMPORTATEUR_ANON_2749;NINEA_ANON_300;001-I
2624709;Importation;2021-09-30 10:29:00.390;EnCours;Mer;IMPORTATEUR_ANON_6368;NINEA_ANON_526;001-I
2641946;Importation;2021-11-09 16:16:24.533;EnCours;Mer;IMPORTATEUR_ANON_9284;NINEA_ANON_956;001-I
2691920;Importation;2022-02-24 10:36:41.020;EnCours;Mer;IMPORTATEUR_ANON_7464;NINEA_ANON_545;001-I
2637917;Transit;2021-10-29 13:03:32.983;Initialise;Mer;IMPORTATEUR_ANON_1096;NINEA_ANON_301;001-E
2480138;Importation;2020-11-06 09:57:48.903;EnCours;Mer;IMPORTATEUR_ANON_6770;NINEA_ANON_768;001-I
2543977;Importation;2021-03-29 15:29:51.250;EnCours;Mer;IMPORTATEUR_ANON_6064;NINEA_ANON_886;001-I
2410567;Transit;2020-05-27 16:56:19.397;Initialise;Mer;IMPORTATEUR_ANON_6742;NINEA_ANON_760;001-E
2491479;Importation;2020-11-30 15:00:41.270;EnCours;Mer;IMPORTATEUR_ANON_9284;NINEA_ANON_956;001-I
2667077;Importation;2022-01-03 16:01:51.360;EnCours;Mer;IMPORTATEUR_ANON_4000;NINEA_ANON_733;001-I
2518124;Importation;2021-02-01 10:27:52.650;EnCours;Mer;IMPORTATEUR_ANON_1818;NINEA_ANON_980;001-I
2347183;Importation;2020-01-16 14:55:29.573;EnCours;Mer;IMPORTATEUR_ANON_7990;NINEA_ANON_900;001-I
2616854;Importation;2021-09-10 15:13:29.830;EnCours;Mer;IMPORTATEUR_ANON_8713;NINEA_ANON_398;001-I
2340551;Importation;2020-01-04 15:26:04.230;EnCours;Mer;IMPORTATEUR_ANON_1088;NINEA_ANON_280;001-I
2657075;Importation;2021-12-09 16:32:01.340;EnCours;Mer;IMPORTATEUR_ANON_2308;NINEA_ANON_475;001-I
2368187;Importation;2020-02-25 13:53:07.693;EnCours;Mer;IMPORTATEUR_ANON_3951;NINEA_ANON_125;001-I
2464421;Importation;2020-09-29 16:37:18.900;EnCours;Mer;IMPORTATEUR_ANON_9284;NINEA_ANON_956;001-I
2686742;Importation;2022-02-16 10:39:22.117;EnCours;Mer;IMPORTATEUR_ANON_9628;NINEA_ANON_405;001-I
2430327;Importation;2020-07-13 11:56:43.380;EnCours;Mer;IMPORTATEUR_ANON_3407;NINEA_ANON_902;001-I
2608592;Importation;2021-08-24 10:47:06.380;EnCours;Mer;IMPORTATEUR_ANON_7528;NINEA_ANON_447;001-I
2552400;Importation;2021-04-16 11:12:46.203;Initialise;Mer;IMPORTATEUR_ANON_5864;NINEA_ANON_371;001-I
2433895;Importation;2020-07-21 10:48:48.127;EnCours;Mer;IMPORTATEUR_ANON_2002;NINEA_ANON_746;001-I
2602164;Importation;2021-08-06 15:26:23.983;Initialise;Mer;IMPORTATEUR_ANON_5922;NINEA_ANON_66;001-I
2524175;Importation;2021-02-13 12:12:06.963;EnCours;Mer;IMPORTATEUR_ANON_7464;NINEA_ANON_545;001-I
2424941;Importation;2020-06-30 16:04:07.450;EnCours;Mer;IMPORTATEUR_ANON_4424;NINEA_ANON_51;001-I
2567899;Transit;2021-05-21 10:14:32.173;Initialise;Mer;IMPORTATEUR_ANON_8310;NINEA_ANON_903;001-E
2342597;Importation;2020-01-08 15:54:41.780;EnCours;Mer;IMPORTATEUR_ANON_9284;NINEA_ANON_956;001-I
2439965;Importation;2020-08-06 10:36:22.877;EnCours;Mer;IMPORTATEUR_ANON_7056;NINEA_ANON_4;001-I
2671559;Importation;2022-01-14 09:16:19.030;EnCours;Mer;IMPORTATEUR_ANON_3407;NINEA_ANON_467;001-I
2460078;Importation;2020-09-21 09:12:13.040;EnCours;Mer;IMPORTATEUR_ANON_4478;NINEA_ANON_460;001-I
2404226;Importation;2020-05-11 11:11:16.187;EnCours;Mer;IMPORTATEUR_ANON_819;NINEA_ANON_349;001-I
2451803;Importation;2020-09-01 12:26:48.793;EnCours;Mer;IMPORTATEUR_ANON_569;NINEA_ANON_299;001-I
2664005;Importation;2021-12-24 16:02:33.473;EnCours;Mer;IMPORTATEUR_ANON_3519;NINEA_ANON_128;001-I
2444086;Importation;2020-08-13 11:45:02.727;EnCours;Mer;IMPORTATEUR_ANON_7959;NINEA_ANON_199;001-I
2385341;Importation;2020-03-30 09:08:17.360;EnCours;Mer;IMPORTATEUR_ANON_879;NINEA_ANON_100;001-I
2462635;Importation;2020-09-25 10:10:28.440;EnCours;Mer;IMPORTATEUR_ANON_2623;NINEA_ANON_939;001-I
2635570;Importation;2021-10-26 08:41:33.810;EnCours;Mer;IMPORTATEUR_ANON_4984;NINEA_ANON_313;001-I
2384515;Importation;2020-03-26 13:30:02.703;EnCours;Mer;IMPORTATEUR_ANON_4478;NINEA_ANON_105;001-I
2668664;Importation;2022-01-07 08:36:09.513;EnCours;Mer;IMPORTATEUR_ANON_1818;NINEA_ANON_980;001-I
2531914;Importation;2021-03-03 09:37:52.530;EnCours;Mer;IMPORTATEUR_ANON_7464;NINEA_ANON_545;001-I
2566557;Importation;2021-05-19 09:36:53.710;EnCours;Mer;IMPORTATEUR_ANON_5458;NINEA_ANON_857;001-I
2642626;Importation;2021-11-10 14:09:12.603;EnCours;Mer;IMPORTATEUR_ANON_9284;NINEA_ANON_956;001-I
2421697;Importation;2020-06-23 14:32:19.267;EnCours;Mer;IMPORTATEUR_ANON_2308;NINEA_ANON_475;001-I
2495218;Importation;2020-12-08 15:37:01.343;EnCours;Mer;IMPORTATEUR_ANON_569;NINEA_ANON_299;001-I
2644769;Importation;2021-11-15 16:08:04.520;EnCours;Mer;IMPORTATEUR_ANON_1827;NINEA_ANON_956;001-I
2370802;Importation;2020-02-29 13:58:41.527;EnCours;Mer;IMPORTATEUR_ANON_3570;NINEA_ANON_839;001-I
2445122;Importation;2020-08-17 10:10:21.230;EnCours;Mer;IMPORTATEUR_ANON_819;NINEA_ANON_349;001-I
2607335;Importation;2021-08-20 11:31:45.447;EnCours;Mer;IMPORTATEUR_ANON_2623;NINEA_ANON_14;001-I
2495892;Importation;2020-12-09 16:04:44.510;EnCours;Mer;IMPORTATEUR_ANON_1818;NINEA_ANON_980;001-I
2436541;Importation;2020-07-27 15:38:51.663;EnCours;Mer;IMPORTATEUR_ANON_2747;NINEA_ANON_365;001-I
2496238;Importation;2020-12-10 11:17:55.550;EnCours;Mer;IMPORTATEUR_ANON_4663;NINEA_ANON_805;001-I
2474522;Importation;2020-10-23 12:20:48.140;Initialise;Mer;IMPORTATEUR_ANON_2085;NINEA_ANON_653;001-I
2355223;Importation;2020-01-31 12:14:34.940;EnCours;Mer;IMPORTATEUR_ANON_3563;NINEA_ANON_409;001-I
2383752;Importation;2020-03-25 10:58:54.110;EnCours;Mer;IMPORTATEUR_ANON_1124;NINEA_ANON_111;001-I
2657900;Importation;2021-12-13 11:29:05.437;EnCours;Mer;IMPORTATEUR_ANON_3951;NINEA_ANON_125;001-I
2361903;Importation;2020-02-13 10:17:38.600;EnCours;Mer;IMPORTATEUR_ANON_7514;NINEA_ANON_490;001-I
2367209;Importation;2020-02-24 12:19:13.620;EnCours;Mer;IMPORTATEUR_ANON_5484;NINEA_ANON_42;001-I
2645391;Importation;2021-11-16 14:27:36.160;EnCours;Mer;IMPORTATEUR_ANON_3863;NINEA_ANON_628;001-I
2508667;Importation;2021-01-12 12:47:52.490;EnCours;Mer;IMPORTATEUR_ANON_2308;NINEA_ANON_475;001-I
2686337;Importation;2022-02-15 16:09:07.907;EnCours;Mer;IMPORTATEUR_ANON_8705;NINEA_ANON_151;001-I
2639420;Importation;2021-11-03 15:16:35.770;EnCours;Mer;IMPORTATEUR_ANON_2308;NINEA_ANON_475;001-I
2438437;Importation;2020-08-03 12:35:50.687;EnCours;Mer;IMPORTATEUR_ANON_9284;NINEA_ANON_956;001-I
2673487;Importation;2022-01-18 15:46:45.947;EnCours;Mer;IMPORTATEUR_ANON_296;NINEA_ANON_80;001-I
2455602;Importation;2020-09-09 14:07:51.770;Initialise;Mer;IMPORTATEUR_ANON_4047;NINEA_ANON_588;001-I
2560607;Importation;2021-05-04 12:16:04.303;EnCours;Mer;IMPORTATEUR_ANON_6232;NINEA_ANON_621;
2483994;Importation;2020-11-12 16:41:57.487;EnCours;Mer;IMPORTATEUR_ANON_5864;NINEA_ANON_371;001-I
2408697;Importation;2020-05-22 08:51:09.700;EnCours;Mer;IMPORTATEUR_ANON_134;NINEA_ANON_630;001-I
2542545;Importation;2021-03-25 14:56:36.547;EnCours;Mer;IMPORTATEUR_ANON_5804;NINEA_ANON_779;001-I
2453497;Importation;2020-09-04 11:24:21.693;EnCours;Mer;IMPORTATEUR_ANON_134;NINEA_ANON_756;001-I
2439711;Importation;2020-08-05 16:07:59.670;EnCours;Mer;IMPORTATEUR_ANON_1352;NINEA_ANON_854;001-I
2508110;Importation;2021-01-11 15:33:19.260;Initialise;Mer;IMPORTATEUR_ANON_9942;NINEA_ANON_641;001-I
2676110;Importation;2022-01-25 10:44:15.703;EnCours;Mer;IMPORTATEUR_ANON_134;NINEA_ANON_630;001-I
2400374;Importation;2020-05-06 09:52:47.110;EnCours;Mer;IMPORTATEUR_ANON_9284;NINEA_ANON_956;001-I
2487777;Importation;2020-11-23 10:18:57.100;EnCours;Mer;IMPORTATEUR_ANON_2308;NINEA_ANON_475;001-I
2397890;Importation;2020-04-29 08:38:19.820;EnCours;Mer;IMPORTATEUR_ANON_134;NINEA_ANON_630;001-I
2363125;Importation;2020-02-15 16:11:05.020;EnCours;Mer;IMPORTATEUR_ANON_134;NINEA_ANON_630;001-I
2375378;Importation;2020-03-09 16:44:28.540;EnCours;Mer;IMPORTATEUR_ANON_134;NINEA_ANON_630;001-I
2397261;Importation;2020-04-28 09:04:35.577;EnCours;Mer;IMPORTATEUR_ANON_3438;NINEA_ANON_590;001-I
2604025;Importation;2021-08-11 13:15:35.473;EnCours;Mer;IMPORTATEUR_ANON_957;NINEA_ANON_332;
2596271;Importation;2021-07-26 09:47:45.997;EnCours;Mer;IMPORTATEUR_ANON_5606;NINEA_ANON_352;001-I
2673432;Importation;2022-01-18 15:01:36.750;EnCours;Mer;IMPORTATEUR_ANON_9284;NINEA_ANON_956;001-I
2495599;Importation;2020-12-09 11:39:01.893;EnCours;Mer;IMPORTATEUR_ANON_9556;NINEA_ANON_504;001-I
2487685;Importation;2020-11-23 09:08:36.363;EnCours;Mer;IMPORTATEUR_ANON_3726;NINEA_ANON_343;001-I
2505454;Importation;2021-01-05 09:31:28.493;EnCours;Mer;IMPORTATEUR_ANON_2308;NINEA_ANON_475;001-I
2465423;Importation;2020-10-01 13:35:08.970;EnCours;Mer;IMPORTATEUR_ANON_4744;NINEA_ANON_747;001-I
2508883;Importation;2021-01-12 16:30:24.177;EnCours;Mer;IMPORTATEUR_ANON_569;NINEA_ANON_299;001-I
2620316;Importation;2021-09-20 10:46:08.147;EnCours;Mer;IMPORTATEUR_ANON_4428;NINEA_ANON_725;001-I
2572453;Importation;2021-06-01 12:05:31.483;EnCours;Mer;IMPORTATEUR_ANON_1497;NINEA_ANON_490;001-I
2421272;Importation;2020-06-22 18:46:33.913;EnCours;Mer;IMPORTATEUR_ANON_4907;NINEA_ANON_98;001-I
2530249;Importation;2021-02-26 11:24:14.697;EnCours;Mer;IMPORTATEUR_ANON_6681;NINEA_ANON_809;001-I
2370126;Importation;2020-02-28 09:23:54.350;EnCours;Mer;IMPORTATEUR_ANON_2308;NINEA_ANON_475;001-I
2673495;Importation;2022-01-18 15:55:30.020;Initialise;Mer;IMPORTATEUR_ANON_2308;NINEA_ANON_475;001-I
2646613;Importation;2021-11-18 12:14:02.110;EnCours;Mer;IMPORTATEUR_ANON_7155;NINEA_ANON_7;001-I
2389747;Importation;2020-04-09 09:32:25.753;EnCours;Mer;IMPORTATEUR_ANON_4424;NINEA_ANON_51;001-I
2507834;Importation;2021-01-11 11:59:37.867;EnCours;Mer;IMPORTATEUR_ANON_1914;NINEA_ANON_93;001-I
2657911;Importation;2021-12-13 11:35:27.903;EnCours;Mer;IMPORTATEUR_ANON_134;NINEA_ANON_630;001-I
2667886;Importation;2022-01-05 10:57:45.650;EnCours;Mer;IMPORTATEUR_ANON_4478;NINEA_ANON_1;001-I
2439681;Importation;2020-08-05 15:27:43.967;EnCours;Mer;IMPORTATEUR_ANON_6379;NINEA_ANON_734;001-I
2537612;Importation;2021-03-16 14:48:47.127;EnCours;Mer;IMPORTATEUR_ANON_2308;NINEA_ANON_475;001-I
2433447;Importation;2020-07-20 12:03:52.470;EnCours;Mer;IMPORTATEUR_ANON_3660;NINEA_ANON_166;001-I
2649598;Importation;2021-11-24 12:31:07.710;EnCours;Mer;IMPORTATEUR_ANON_8011;NINEA_ANON_7;001-I
2411663;Importation;2020-06-01 15:11:47.763;EnCours;Mer;IMPORTATEUR_ANON_134;NINEA_ANON_630;001-I
2439163;Importation;2020-08-04 15:46:59.760;EnCours;Mer;IMPORTATEUR_ANON_4663;NINEA_ANON_805;001-I
2510805;Importation;2021-01-15 17:08:39.123;EnCours;Mer;IMPORTATEUR_ANON_9564;NINEA_ANON_214;001-I
2395332;Importation;2020-04-22 15:00:08.630;EnCours;Mer;IMPORTATEUR_ANON_134;NINEA_ANON_630;001-I
2412809;Importation;2020-06-03 12:43:15.140;EnCours;Mer;IMPORTATEUR_ANON_9284;NINEA_ANON_956;001-I
2623054;Importation;2021-09-24 14:29:50.793;EnCours;Mer;IMPORTATEUR_ANON_9052;NINEA_ANON_862;001-I
2572369;Importation;2021-06-01 11:17:10.553;EnCours;Mer;IMPORTATEUR_ANON_9750;NINEA_ANON_894;001-I
2530701;Importation;2021-03-01 09:18:53.650;EnCours;Mer;IMPORTATEUR_ANON_5484;NINEA_ANON_42;001-I
2419059;Importation;2020-06-17 10:07:01.760;EnCours;Mer;IMPORTATEUR_ANON_9741;NINEA_ANON_724;001-I
2634876;Importation;2021-10-25 09:17:06.800;EnCours;Mer;IMPORTATEUR_ANON_7464;NINEA_ANON_545;001-I
2657812;Importation;2021-12-13 10:11:21.883;EnCours;Mer;IMPORTATEUR_ANON_2308;NINEA_ANON_475;001-I
2599165;Importation;2021-07-30 15:31:52.107;EnCours;Mer;IMPORTATEUR_ANON_9284;NINEA_ANON_956;001-I
2421144;Importation;2020-06-22 15:55:42.080;EnCours;Mer;IMPORTATEUR_ANON_3660;NINEA_ANON_379;001-I
2581406;Importation;2021-06-19 13:02:06.363;EnCours;Mer;IMPORTATEUR_ANON_5864;NINEA_ANON_371;001-I
2430615;Importation;2020-07-13 16:44:34.693;EnCours;Mer;IMPORTATEUR_ANON_2308;NINEA_ANON_475;001-I
2606063;Importation;2021-08-17 08:42:20.593;EnCours;Mer;IMPORTATEUR_ANON_3660;NINEA_ANON_379;001-I
2576245;Importation;2021-06-09 10:33:15.853;EnCours;Mer;IMPORTATEUR_ANON_819;NINEA_ANON_349;001-I
2469490;Importation;2020-10-13 11:50:24.387;EnCours;Mer;IMPORTATEUR_ANON_2805;NINEA_ANON_531;001-I
2428147;Importation;2020-07-07 15:58:27.180;EnCours;Mer;IMPORTATEUR_ANON_7528;NINEA_ANON_447;001-I
2660759;Importation;2021-12-17 12:32:59.553;EnCours;Mer;IMPORTATEUR_ANON_6309;NINEA_ANON_385;001-I
2529068;Importation;2021-02-24 11:28:40.557;EnCours;Mer;IMPORTATEUR_ANON_134;NINEA_ANON_630;
2376756;Importation;2020-03-11 12:35:09.090;EnCours;Mer;IMPORTATEUR_ANON_9284;NINEA_ANON_956;001-I
2354523;Importation;2020-01-30 12:12:57.430;EnCours;Mer;IMPORTATEUR_ANON_7480;NINEA_ANON_504;001-I
2509988;Importation;2021-01-14 12:59:08.840;EnCours;Mer;IMPORTATEUR_ANON_3135;NINEA_ANON_687;001-I
2576354;Importation;2021-06-09 11:36:18.447;EnCours;Mer;IMPORTATEUR_ANON_5910;NINEA_ANON_413;001-I
2534283;Importation;2021-03-10 10:01:31.460;EnCours;Mer;IMPORTATEUR_ANON_6857;NINEA_ANON_43;001-I
2482037;Importation;2020-11-09 13:16:57.483;EnCours;Mer;IMPORTATEUR_ANON_395;NINEA_ANON_918;001-I
2462651;Importation;2020-09-25 10:20:13.970;EnCours;Mer;IMPORTATEUR_ANON_2805;NINEA_ANON_531;001-I
2659079;Importation;2021-12-14 16:37:59.247;EnCours;Mer;IMPORTATEUR_ANON_1124;NINEA_ANON_111;001-I
2348703;Importation;2020-01-20 15:11:35.840;EnCours;Mer;IMPORTATEUR_ANON_9284;NINEA_ANON_956;001-I
2647518;Importation;2021-11-19 12:57:13.303;EnCours;Mer;IMPORTATEUR_ANON_9628;NINEA_ANON_405;001-I
2418345;Importation;2020-06-16 08:46:42.013;EnCours;Mer;IMPORTATEUR_ANON_1827;NINEA_ANON_956;001-I
2434364;Importation;2020-07-22 08:50:30.730;EnCours;Mer;IMPORTATEUR_ANON_3660;NINEA_ANON_379;001-I
2526833;Importation;2021-02-19 08:32:26.657;EnCours;Mer;IMPORTATEUR_ANON_819;NINEA_ANON_349;001-I
2427013;Importation;2020-07-06 10:36:12.757;EnCours;Mer;IMPORTATEUR_ANON_2142;NINEA_ANON_157;001-I
2427841;Importation;2020-07-07 11:30:20.823;Initialise;Mer;IMPORTATEUR_ANON_103;NINEA_ANON_168;001-I
2489767;Importation;2020-11-26 09:58:52.717;EnCours;Mer;IMPORTATEUR_ANON_1818;NINEA_ANON_980;001-I
2388057;Importation;2020-04-03 12:53:33.643;EnCours;Mer;IMPORTATEUR_ANON_6131;NINEA_ANON_724;001-I
2411921;Importation;2020-06-02 11:21:33.603;EnCours;Mer;IMPORTATEUR_ANON_4209;NINEA_ANON_188;001-I
2649024;Importation;2021-11-23 13:11:29.943;Initialise;Mer;IMPORTATEUR_ANON_4060;NINEA_ANON_533;001-I
2467437;Importation;2020-10-08 12:39:42.067;EnCours;Mer;IMPORTATEUR_ANON_5014;NINEA_ANON_262;001-I
2474317;Importation;2020-10-23 09:27:22.463;EnCours;Mer;IMPORTATEUR_ANON_9284;NINEA_ANON_956;001-I
2458035;Importation;2020-09-15 12:48:29.867;EnCours;Mer;IMPORTATEUR_ANON_3240;NINEA_ANON_724;001-I
2408056;Importation;2020-05-19 16:20:30.237;EnCours;Mer;IMPORTATEUR_ANON_7166;NINEA_ANON_390;001-I
2477301;Importation;2020-10-29 17:09:16.780;EnCours;Mer;IMPORTATEUR_ANON_9284;NINEA_ANON_956;001-I
2530207;Importation;2021-02-26 10:53:58.413;EnCours;Mer;IMPORTATEUR_ANON_9628;NINEA_ANON_405;001-I
2416889;Importation;2020-06-11 16:36:37.647;EnCours;Mer;IMPORTATEUR_ANON_4308;NINEA_ANON_852;001-I
2378390;Importation;2020-03-13 16:03:25.963;EnCours;Mer;IMPORTATEUR_ANON_9750;NINEA_ANON_850;001-I
2691891;Importation;2022-02-24 10:16:55.647;EnCours;Mer;IMPORTATEUR_ANON_9750;NINEA_ANON_894;001-I
2513915;Importation;2021-01-22 09:28:12.460;EnCours;Mer;IMPORTATEUR_ANON_9284;NINEA_ANON_956;001-I
2406842;Importation;2020-05-15 15:42:28.947;EnCours;Mer;IMPORTATEUR_ANON_17;NINEA_ANON_782;001-I
2535501;Importation;2021-03-11 15:50:19.623;EnCours;Mer;IMPORTATEUR_ANON_7453;NINEA_ANON_166;001-I
2453511;Importation;2020-09-04 11:37:03.737;Initialise;Mer;IMPORTATEUR_ANON_9284;NINEA_ANON_956;001-I
2434537;Importation;2020-07-22 11:20:42.617;EnCours;Mer;IMPORTATEUR_ANON_9354;NINEA_ANON_779;001-I
2587581;Importation;2021-07-02 11:03:49.297;EnCours;Mer;IMPORTATEUR_ANON_7464;NINEA_ANON_545;001-I
2502638;Importation;2020-12-24 14:04:56.737;EnCours;Mer;IMPORTATEUR_ANON_5799;NINEA_ANON_264;001-I
2619507;Importation;2021-09-16 16:53:47.987;EnCours;Mer;IMPORTATEUR_ANON_6681;NINEA_ANON_809;001-I
2529622;Importation;2021-02-25 10:57:49.650;EnCours;Mer;IMPORTATEUR_ANON_6857;NINEA_ANON_43;001-I
2428971;Importation;2020-07-09 10:39:17.990;EnCours;Mer;IMPORTATEUR_ANON_2747;NINEA_ANON_365;001-I
2378333;Importation;2020-03-13 15:12:06.117;EnCours;Mer;IMPORTATEUR_ANON_9284;NINEA_ANON_956;001-I
2396841;Importation;2020-04-27 11:41:22.993;EnCours;Mer;IMPORTATEUR_ANON_3287;NINEA_ANON_511;001-I
2645863;Importation;2021-11-17 11:41:48.167;EnCours;Mer;IMPORTATEUR_ANON_8071;NINEA_ANON_539;001-I
2424004;Importation;2020-06-29 11:29:55.603;EnCours;Mer;IMPORTATEUR_ANON_9750;NINEA_ANON_850;001-I
2419251;Importation;2020-06-17 12:31:28.120;EnCours;Mer;IMPORTATEUR_ANON_3438;NINEA_ANON_590;001-I
2397134;Importation;2020-04-27 15:39:07.407;EnCours;Mer;IMPORTATEUR_ANON_3863;NINEA_ANON_628;001-I
2349661;Importation;2020-01-21 15:57:09.443;EnCours;Mer;IMPORTATEUR_ANON_2308;NINEA_ANON_475;001-I
2682932;Importation;2022-02-09 14:00:18.193;EnCours;Mer;IMPORTATEUR_ANON_8659;NINEA_ANON_874;001-I
2514868;Importation;2021-01-25 12:03:26.887;EnCours;Mer;IMPORTATEUR_ANON_3438;NINEA_ANON_590;
2480273;Exportation;2020-11-06 11:44:52.557;EnCours;Mer;IMPORTATEUR_ANON_5050;NINEA_ANON_151;001-E
2556996;Importation;2021-04-27 09:00:02.193;EnCours;Mer;IMPORTATEUR_ANON_3863;NINEA_ANON_628;001-I
2641192;Importation;2021-11-08 11:50:43.130;Initialise;Mer;IMPORTATEUR_ANON_17;NINEA_ANON_782;001-I
2520749;Importation;2021-02-05 11:57:36.790;Initialise;Mer;IMPORTATEUR_ANON_5980;NINEA_ANON_316;001-I
2528634;Importation;2021-02-23 14:11:06.707;Initialise;Mer;IMPORTATEUR_ANON_3863;NINEA_ANON_628;001-I
2645531;Importation;2021-11-16 16:29:28.017;EnCours;Mer;IMPORTATEUR_ANON_593;NINEA_ANON_724;001-I
2510916;Importation;2021-01-18 08:34:24.577;EnCours;Mer;IMPORTATEUR_ANON_3863;NINEA_ANON_628;001-I
2430809;Importation;2020-07-14 10:11:55.870;EnCours;Mer;IMPORTATEUR_ANON_4209;NINEA_ANON_188;001-I
2643697;Importation;2021-11-12 11:18:01.787;EnCours;Mer;IMPORTATEUR_ANON_2308;NINEA_ANON_475;001-I
2519131;Importation;2021-02-02 13:14:57.703;EnCours;Mer;IMPORTATEUR_ANON_3863;NINEA_ANON_628;001-I
2470727;Importation;2020-10-15 10:47:18.087;EnCours;Mer;IMPORTATEUR_ANON_6368;NINEA_ANON_526;001-I
2385724;Importation;2020-03-30 13:46:41.060;Initialise;Mer;IMPORTATEUR_ANON_1914;NINEA_ANON_93;001-I
2584565;Importation;2021-06-25 15:33:35.240;EnCours;Mer;IMPORTATEUR_ANON_17;NINEA_ANON_782;001-I
2522264;Importation;2021-02-09 14:30:52.520;EnCours;Mer;IMPORTATEUR_ANON_9284;NINEA_ANON_956;001-I
2601677;Importation;2021-08-05 16:08:54.167;EnCours;Mer;IMPORTATEUR_ANON_3895;NINEA_ANON_64;001-I
2392653;Importation;2020-04-16 11:21:15.557;EnCours;Mer;IMPORTATEUR_ANON_3660;NINEA_ANON_166;001-I
2392759;Importation;2020-04-16 12:45:38.170;EnCours;Mer;IMPORTATEUR_ANON_7166;NINEA_ANON_390;001-I
2611296;Importation;2021-08-30 15:10:18.987;Initialise;Mer;IMPORTATEUR_ANON_819;NINEA_ANON_349;001-I
2551920;Importation;2021-04-15 14:59:04.643;EnCours;Mer;IMPORTATEUR_ANON_6705;NINEA_ANON_314;001-I
2511969;Importation;2021-01-19 10:28:19.503;Initialise;Mer;IMPORTATEUR_ANON_3863;NINEA_ANON_628;001-I
2627630;Importation;2021-10-06 16:28:02.737;EnCours;Mer;IMPORTATEUR_ANON_5864;NINEA_ANON_371;001-I
2389427;Importation;2020-04-08 09:44:35.663;EnCours;Mer;IMPORTATEUR_ANON_599;NINEA_ANON_916;001-I
2612430;Importation;2021-09-01 14:55:04.767;EnCours;Mer;IMPORTATEUR_ANON_5864;NINEA_ANON_371;001-I
2658804;Importation;2021-12-14 12:56:33.997;EnCours;Mer;IMPORTATEUR_ANON_9628;NINEA_ANON_405;001-I
2689457;Importation;2022-02-21 11:10:31.267;EnCours;Mer;IMPORTATEUR_ANON_1096;NINEA_ANON_868;001-I
2427421;Importation;2020-07-06 16:06:51.210;EnCours;Mer;IMPORTATEUR_ANON_7464;NINEA_ANON_545;001-I
2505651;Importation;2021-01-05 12:15:06.263;EnCours;Mer;IMPORTATEUR_ANON_9628;NINEA_ANON_405;001-I
2564549;Importation;2021-05-12 13:14:47.543;Initialise;Mer;IMPORTATEUR_ANON_4744;NINEA_ANON_222;001-I
2366314;Importation;2020-02-21 10:00:47.370;EnCours;Mer;IMPORTATEUR_ANON_134;NINEA_ANON_630;001-I
2461513;Importation;2020-09-23 10:32:59.243;EnCours;Mer;IMPORTATEUR_ANON_2308;NINEA_ANON_475;001-I
2575732;Importation;2021-06-08 12:10:48.913;EnCours;Mer;IMPORTATEUR_ANON_2623;NINEA_ANON_14;001-I
2458904;Importation;2020-09-16 16:59:45.537;EnCours;Mer;IMPORTATEUR_ANON_134;NINEA_ANON_630;001-I
2508642;Importation;2021-01-12 12:36:55.953;EnCours;Mer;IMPORTATEUR_ANON_773;NINEA_ANON_658;001-I
2622110;Importation;2021-09-23 09:00:15.537;EnCours;Mer;IMPORTATEUR_ANON_2308;NINEA_ANON_475;001-I
2377080;Importation;2020-03-11 16:59:27.940;EnCours;Mer;IMPORTATEUR_ANON_7270;NINEA_ANON_428;001-I
2681669;Importation;2022-02-08 12:01:18.980;EnCours;Mer;IMPORTATEUR_ANON_1497;NINEA_ANON_889;001-I
2507034;Importation;2021-01-08 09:31:04.777;EnCours;Mer;IMPORTATEUR_ANON_3951;NINEA_ANON_125;001-I
2490940;Importation;2020-11-28 14:37:27.680;EnCours;Mer;IMPORTATEUR_ANON_134;NINEA_ANON_630;001-I
2635369;Importation;2021-10-25 14:53:01.550;EnCours;Mer;IMPORTATEUR_ANON_2002;NINEA_ANON_746;001-I
2405408;Exportation;2020-05-13 10:22:57.890;EnCours;Mer;IMPORTATEUR_ANON_8232;NINEA_ANON_386;001-E
2576760;Importation;2021-06-10 09:22:12.613;EnCours;Mer;IMPORTATEUR_ANON_7552;NINEA_ANON_137;
2345537;Importation;2020-01-14 12:29:30.250;EnCours;Mer;IMPORTATEUR_ANON_2308;NINEA_ANON_475;001-I
2436467;Importation;2020-07-27 14:13:10.607;EnCours;Mer;IMPORTATEUR_ANON_2506;NINEA_ANON_212;001-I
2407020;Importation;2020-05-18 09:43:05.597;EnCours;Mer;IMPORTATEUR_ANON_4707;NINEA_ANON_349;001-I
2395084;Importation;2020-04-22 11:28:07.623;EnCours;Mer;IMPORTATEUR_ANON_7166;NINEA_ANON_390;001-I
2384728;Importation;2020-03-27 08:52:50.513;EnCours;Mer;IMPORTATEUR_ANON_2303;NINEA_ANON_774;001-I
2506934;Importation;2021-01-07 16:18:43.493;EnCours;Mer;IMPORTATEUR_ANON_9284;NINEA_ANON_956;001-I
2374672;Importation;2020-03-09 08:38:51.067;EnCours;Mer;IMPORTATEUR_ANON_9750;NINEA_ANON_894;001-I
2667006;Importation;2022-01-03 14:57:07.477;EnCours;Mer;IMPORTATEUR_ANON_9284;NINEA_ANON_956;001-I
2414756;Importation;2020-06-08 12:28:35.470;EnCours;Mer;IMPORTATEUR_ANON_3108;NINEA_ANON_121;001-I
2494478;Importation;2020-12-07 13:01:58.270;EnCours;Mer;IMPORTATEUR_ANON_6681;NINEA_ANON_809;
2597479;Importation;2021-07-27 16:33:28.800;EnCours;Mer;IMPORTATEUR_ANON_1923;NINEA_ANON_48;001-I
2655864;Importation;2021-12-07 17:46:15.400;EnCours;Mer;IMPORTATEUR_ANON_7719;NINEA_ANON_218;001-I
2624833;Importation;2021-09-30 11:54:38.573;Initialise;Mer;IMPORTATEUR_ANON_8532;NINEA_ANON_461;001-I
2545156;Importation;2021-03-31 14:02:14.617;EnCours;Mer;IMPORTATEUR_ANON_8360;NINEA_ANON_879;001-I
2671252;Importation;2022-01-13 12:51:56.250;EnCours;Mer;IMPORTATEUR_ANON_3058;NINEA_ANON_686;001-I
2634671;Importation;2021-10-22 16:04:16.727;EnCours;Mer;IMPORTATEUR_ANON_8023;NINEA_ANON_831;001-I
2464687;Importation;2020-09-30 11:13:53.160;EnCours;Mer;IMPORTATEUR_ANON_4744;NINEA_ANON_747;001-I
2604497;Importation;2021-08-12 12:31:23.150;EnCours;Mer;IMPORTATEUR_ANON_4707;NINEA_ANON_639;001-I
2605663;Importation;2021-08-16 11:51:09.727;EnCours;Mer;IMPORTATEUR_ANON_2506;NINEA_ANON_212;
2355506;Importation;2020-02-03 08:44:35.303;EnCours;Mer;IMPORTATEUR_ANON_3407;NINEA_ANON_902;001-I
2682594;Importation;2022-02-09 11:05:34.637;EnCours;Mer;IMPORTATEUR_ANON_3144;NINEA_ANON_548;001-I
2655778;Importation;2021-12-07 16:25:01.533;EnCours;Mer;IMPORTATEUR_ANON_7166;NINEA_ANON_390;001-I
2356257;Importation;2020-02-04 09:56:04.160;EnCours;Mer;IMPORTATEUR_ANON_7166;NINEA_ANON_390;001-I
2344615;Importation;2020-01-13 11:42:55.433;EnCours;Mer;IMPORTATEUR_ANON_3332;NINEA_ANON_846;
2429782;Importation;2020-07-10 13:14:33.753;EnCours;Mer;IMPORTATEUR_ANON_819;NINEA_ANON_349;001-I
2467506;Importation;2020-10-08 13:50:44.237;EnCours;Mer;IMPORTATEUR_ANON_9564;NINEA_ANON_214;001-I
2548105;Importation;2021-04-08 08:35:40.727;EnCours;Mer;IMPORTATEUR_ANON_584;NINEA_ANON_24;001-I
2630311;Importation;2021-10-13 10:05:21.030;EnCours;Mer;IMPORTATEUR_ANON_134;NINEA_ANON_630;001-I
2574870;Importation;2021-06-07 10:37:46.710;EnCours;Mer;IMPORTATEUR_ANON_2623;NINEA_ANON_14;001-I
2534981;Importation;2021-03-11 08:45:33.127;EnCours;Mer;IMPORTATEUR_ANON_3863;NINEA_ANON_628;001-I
2469562;Importation;2020-10-13 12:27:34.643;EnCours;Mer;IMPORTATEUR_ANON_9749;NINEA_ANON_190;001-I
2689493;Importation;2022-02-21 11:27:30.173;EnCours;Mer;IMPORTATEUR_ANON_9273;NINEA_ANON_593;001-I
2411910;Importation;2020-06-02 11:14:45.663;EnCours;Mer;IMPORTATEUR_ANON_134;NINEA_ANON_630;001-I
2362027;Importation;2020-02-13 11:38:40.840;EnCours;Mer;IMPORTATEUR_ANON_5864;NINEA_ANON_371;001-I
2343629;Importation;2020-01-10 10:13:44.917;EnCours;Mer;IMPORTATEUR_ANON_3438;NINEA_ANON_590;
2432985;Importation;2020-07-17 15:44:30.080;EnCours;Mer;IMPORTATEUR_ANON_1960;NINEA_ANON_164;001-I
2450421;Importation;2020-08-28 10:31:26.080;Initialise;Mer;IMPORTATEUR_ANON_8013;NINEA_ANON_596;001-I
2601979;Importation;2021-08-06 11:47:40.583;EnCours;Mer;IMPORTATEUR_ANON_5864;NINEA_ANON_371;001-I
2603825;Importation;2021-08-11 10:32:12.313;EnCours;Mer;IMPORTATEUR_ANON_4426;NINEA_ANON_68;001-I
2494300;Importation;2020-12-07 10:51:20.550;EnCours;Mer;IMPORTATEUR_ANON_2308;NINEA_ANON_475;001-I
2434934;Importation;2020-07-23 08:44:56.193;EnCours;Mer;IMPORTATEUR_ANON_5520;NINEA_ANON_462;001-I
2639099;Importation;2021-11-03 10:14:40.277;EnCours;Mer;IMPORTATEUR_ANON_3108;NINEA_ANON_121;001-I
2685293;Importation;2022-02-14 15:59:09.790;Initialise;Mer;IMPORTATEUR_ANON_1539;NINEA_ANON_684;001-I
2534687;Importation;2021-03-10 14:44:04.333;EnCours;Mer;IMPORTATEUR_ANON_1123;NINEA_ANON_764;001-I
2565726;Importation;2021-05-18 08:40:40.530;Initialise;Mer;IMPORTATEUR_ANON_4060;NINEA_ANON_533;001-I
2603227;Importation;2021-08-10 11:12:13.020;EnCours;Mer;IMPORTATEUR_ANON_7937;NINEA_ANON_122;001-I
2349660;Importation;2020-01-21 15:56:51.223;EnCours;Mer;IMPORTATEUR_ANON_134;NINEA_ANON_630;001-I
2419720;Importation;2020-06-18 11:18:51.087;EnCours;Mer;IMPORTATEUR_ANON_5804;NINEA_ANON_779;001-I
2498706;Importation;2020-12-16 10:10:10.597;EnCours;Mer;IMPORTATEUR_ANON_134;NINEA_ANON_756;
2645875;Importation;2021-11-17 11:46:22.657;EnCours;Mer;IMPORTATEUR_ANON_3108;NINEA_ANON_121;001-I
2680584;Importation;2022-02-03 15:18:25.927;EnCours;Mer;IMPORTATEUR_ANON_4060;NINEA_ANON_533;001-I
2571420;Importation;2021-05-31 09:04:18.693;EnCours;Mer;IMPORTATEUR_ANON_819;NINEA_ANON_349;001-I
2640184;Importation;2021-11-04 16:59:42.113;EnCours;Mer;IMPORTATEUR_ANON_7464;NINEA_ANON_545;001-I
2421200;Importation;2020-06-22 16:37:58.047;EnCours;Mer;IMPORTATEUR_ANON_5527;NINEA_ANON_166;001-I
2598280;Importation;2021-07-29 10:35:42.903;EnCours;Mer;IMPORTATEUR_ANON_7127;NINEA_ANON_937;
2429902;Importation;2020-07-10 16:00:51.330;EnCours;Mer;IMPORTATEUR_ANON_7485;NINEA_ANON_82;001-I
2684315;Importation;2022-02-11 11:51:58.503;Initialise;Mer;IMPORTATEUR_ANON_1614;NINEA_ANON_766;001-I
2430946;Importation;2020-07-14 11:54:28.663;EnCours;Mer;IMPORTATEUR_ANON_2506;NINEA_ANON_212;001-I
2468154;Importation;2020-10-09 13:08:45.517;EnCours;Mer;IMPORTATEUR_ANON_9284;NINEA_ANON_152;001-I
2522280;Importation;2021-02-09 14:51:30.507;EnCours;Mer;IMPORTATEUR_ANON_7262;NINEA_ANON_143;001-I
2597458;Importation;2021-07-27 16:21:01.427;EnCours;Mer;IMPORTATEUR_ANON_9284;NINEA_ANON_956;001-I
2342578;Importation;2020-01-08 15:41:29.553;EnCours;Mer;IMPORTATEUR_ANON_6681;NINEA_ANON_809;001-I
2477407;Importation;2020-11-02 08:32:17.387;EnCours;Mer;IMPORTATEUR_ANON_134;NINEA_ANON_630;001-I
2436843;Importation;2020-07-28 10:28:10.897;EnCours;Mer;IMPORTATEUR_ANON_2308;NINEA_ANON_475;001-I
2385171;Importation;2020-03-27 15:40:05.223;Initialise;Mer;IMPORTATEUR_ANON_2858;NINEA_ANON_40;001-I
2425514;Importation;2020-07-01 15:31:31.030;EnCours;Mer;IMPORTATEUR_ANON_4187;NINEA_ANON_818;001-I
2549510;Importation;2021-04-12 10:43:51.890;EnCours;Mer;IMPORTATEUR_ANON_6368;NINEA_ANON_526;001-I
2477047;Importation;2020-10-29 11:22:41.673;EnCours;Mer;IMPORTATEUR_ANON_7464;NINEA_ANON_545;001-I
2430966;Importation;2020-07-14 12:11:32.830;EnCours;Mer;IMPORTATEUR_ANON_9284;NINEA_ANON_956;001-I
2457866;Importation;2020-09-15 10:55:11.643;EnCours;Mer;IMPORTATEUR_ANON_134;NINEA_ANON_630;001-I
2363566;Importation;2020-02-17 12:41:05.507;EnCours;Mer;IMPORTATEUR_ANON_2783;NINEA_ANON_422;001-I
2368418;Importation;2020-02-25 17:04:06.430;EnCours;Mer;IMPORTATEUR_ANON_134;NINEA_ANON_630;001-I
2690017;Importation;2022-02-21 16:04:43.133;EnCours;Mer;IMPORTATEUR_ANON_2308;NINEA_ANON_475;001-I
2603547;Importation;2021-08-10 15:31:59.147;Initialise;Mer;IMPORTATEUR_ANON_2506;NINEA_ANON_212;
2377417;Importation;2020-03-12 11:01:37.160;EnCours;Mer;IMPORTATEUR_ANON_9284;NINEA_ANON_956;001-I
2396335;Importation;2020-04-24 13:03:50.453;EnCours;Mer;IMPORTATEUR_ANON_9284;NINEA_ANON_956;001-I
2403213;Importation;2020-05-07 14:39:57.440;EnCours;Mer;IMPORTATEUR_ANON_4209;NINEA_ANON_188;001-I
2460754;Importation;2020-09-22 09:55:28.170;EnCours;Mer;IMPORTATEUR_ANON_2308;NINEA_ANON_475;001-I
2588749;Importation;2021-07-05 16:07:53.133;EnCours;Mer;IMPORTATEUR_ANON_9628;NINEA_ANON_405;001-I
2684635;Importation;2022-02-11 16:40:52.553;Initialise;Mer;IMPORTATEUR_ANON_9284;NINEA_ANON_956;001-I
2473252;Importation;2020-10-21 10:39:50.267;EnCours;Mer;IMPORTATEUR_ANON_9749;NINEA_ANON_190;001-I
2397982;Importation;2020-04-29 10:04:08.730;EnCours;Mer;IMPORTATEUR_ANON_482;NINEA_ANON_467;001-I
2390946;Importation;2020-04-14 09:16:25.750;EnCours;Mer;IMPORTATEUR_ANON_9284;NINEA_ANON_956;001-I
2354447;Importation;2020-01-30 11:32:38.927;EnCours;Mer;IMPORTATEUR_ANON_2308;NINEA_ANON_475;001-I
2491913;Importation;2020-12-01 11:29:36.860;EnCours;Mer;IMPORTATEUR_ANON_9218;NINEA_ANON_750;
2688481;Importation;2022-02-18 09:38:51.463;Initialise;Mer;IMPORTATEUR_ANON_1914;NINEA_ANON_156;001-I
2477309;Importation;2020-10-29 17:23:26.250;EnCours;Mer;IMPORTATEUR_ANON_8011;NINEA_ANON_856;001-I
2692892;Importation;2022-02-25 13:41:00.230;EnCours;Mer;IMPORTATEUR_ANON_6098;NINEA_ANON_626;001-I
2538341;Importation;2021-03-17 14:48:55.633;EnCours;Mer;IMPORTATEUR_ANON_2623;NINEA_ANON_939;001-I
2558983;Importation;2021-04-30 08:41:55.887;EnCours;Mer;IMPORTATEUR_ANON_819;NINEA_ANON_349;001-I
2340752;Importation;2020-01-06 11:13:53.410;EnCours;Mer;IMPORTATEUR_ANON_3863;NINEA_ANON_628;001-I
2632183;Importation;2021-10-18 09:58:34.813;EnCours;Mer;IMPORTATEUR_ANON_5804;NINEA_ANON_779;001-I
2666393;Importation;2021-12-31 09:25:12.010;EnCours;Mer;IMPORTATEUR_ANON_134;NINEA_ANON_630;001-I
2490808;Importation;2020-11-27 16:30:14.743;EnCours;Mer;IMPORTATEUR_ANON_9284;NINEA_ANON_956;001-I
2538202;Importation;2021-03-17 12:43:46.797;EnCours;Mer;IMPORTATEUR_ANON_4143;NINEA_ANON_983;001-I
2387215;Importation;2020-04-02 10:15:47.230;EnCours;Mer;IMPORTATEUR_ANON_9284;NINEA_ANON_956;001-I
2469967;Importation;2020-10-14 08:55:52.970;EnCours;Mer;IMPORTATEUR_ANON_3407;NINEA_ANON_902;001-I
2545438;Importation;2021-04-01 09:18:52.087;EnCours;Mer;IMPORTATEUR_ANON_6705;NINEA_ANON_314;001-I
2374408;Importation;2020-03-06 15:49:04.370;EnCours;Mer;IMPORTATEUR_ANON_2308;NINEA_ANON_475;001-I
2476034;Importation;2020-10-27 15:37:17.637;EnCours;Mer;IMPORTATEUR_ANON_7514;NINEA_ANON_521;001-I
2368103;Importation;2020-02-25 12:44:35.227;EnCours;Mer;IMPORTATEUR_ANON_1818;NINEA_ANON_980;001-I
2502321;Importation;2020-12-24 07:39:13.237;EnCours;Mer;IMPORTATEUR_ANON_4744;NINEA_ANON_747;001-I
2522243;Importation;2021-02-09 14:03:24.963;EnCours;Mer;IMPORTATEUR_ANON_1637;NINEA_ANON_113;001-I
2343313;Importation;2020-01-09 15:34:39.883;EnCours;Mer;IMPORTATEUR_ANON_6858;NINEA_ANON_924;001-I
2527926;Importation;2021-02-22 13:16:49.023;EnCours;Mer;IMPORTATEUR_ANON_3863;NINEA_ANON_628;001-I
2396648;Importation;2020-04-27 09:04:04.107;EnCours;Mer;IMPORTATEUR_ANON_4546;NINEA_ANON_724;001-I
2563256;Importation;2021-05-10 12:48:22.770;EnCours;Mer;IMPORTATEUR_ANON_7920;NINEA_ANON_757;001-I
2361797;Importation;2020-02-13 09:17:12.277;EnCours;Mer;IMPORTATEUR_ANON_2506;NINEA_ANON_212;001-I
2381215;Importation;2020-03-19 12:50:26.657;EnCours;Mer;IMPORTATEUR_ANON_134;NINEA_ANON_630;001-I
2534221;Importation;2021-03-10 08:49:52.797;EnCours;Mer;IMPORTATEUR_ANON_4426;NINEA_ANON_944;001-I
2571682;Importation;2021-05-31 11:30:52.637;EnCours;Mer;IMPORTATEUR_ANON_3743;NINEA_ANON_378;
2617325;Importation;2021-09-13 12:02:51.543;EnCours;Mer;IMPORTATEUR_ANON_1146;NINEA_ANON_10;001-I
2486886;Importation;2020-11-19 15:42:45.927;EnCours;Mer;IMPORTATEUR_ANON_2506;NINEA_ANON_212;001-I
2636805;Importation;2021-10-27 15:54:50.523;EnCours;Mer;IMPORTATEUR_ANON_7464;NINEA_ANON_545;001-I
2400283;Importation;2020-05-05 18:39:30.450;EnCours;Mer;IMPORTATEUR_ANON_2388;NINEA_ANON_154;001-I
2430810;Importation;2020-07-14 10:12:11.527;EnCours;Mer;IMPORTATEUR_ANON_4209;NINEA_ANON_188;001-I
2400278;Importation;2020-05-05 18:17:41.593;EnCours;Mer;IMPORTATEUR_ANON_6689;NINEA_ANON_850;001-I
2437556;Importation;2020-07-29 11:10:32.170;EnCours;Mer;IMPORTATEUR_ANON_819;NINEA_ANON_349;001-I
2607012;Importation;2021-08-18 14:43:48.940;EnCours;Mer;IMPORTATEUR_ANON_5804;NINEA_ANON_779;001-I
2529043;Importation;2021-02-24 11:17:42.477;EnCours;Mer;IMPORTATEUR_ANON_7464;NINEA_ANON_545;001-I
2445778;Importation;2020-08-18 10:59:28.650;EnCours;Mer;IMPORTATEUR_ANON_460;NINEA_ANON_8;001-I
2371154;Importation;2020-03-02 11:26:14.777;Initialise;Mer;IMPORTATEUR_ANON_6903;NINEA_ANON_450;001-I
2681370;Importation;2022-02-08 09:27:14.033;EnCours;Mer;IMPORTATEUR_ANON_9202;NINEA_ANON_628;001-I
2612185;Importation;2021-09-01 11:27:01.527;EnCours;Mer;IMPORTATEUR_ANON_819;NINEA_ANON_349;001-I
2592720;Importation;2021-07-13 13:32:45.207;EnCours;Mer;IMPORTATEUR_ANON_9564;NINEA_ANON_214;001-I
2662937;Importation;2021-12-22 15:55:05.647;EnCours;Mer;IMPORTATEUR_ANON_9284;NINEA_ANON_956;001-I
2362327;Importation;2020-02-13 16:10:14.390;EnCours;Mer;IMPORTATEUR_ANON_8713;NINEA_ANON_398;001-I
2384964;Importation;2020-03-27 11:49:31.993;Initialise;Mer;IMPORTATEUR_ANON_9218;NINEA_ANON_750;001-I
2616801;Importation;2021-09-10 14:20:11.690;EnCours;Mer;IMPORTATEUR_ANON_9284;NINEA_ANON_956;001-I
2370150;Importation;2020-02-28 09:41:35.630;EnCours;Mer;IMPORTATEUR_ANON_134;NINEA_ANON_630;001-I
2415905;Importation;2020-06-10 10:51:24.580;EnCours;Mer;IMPORTATEUR_ANON_2982;NINEA_ANON_457;001-I
2489801;Importation;2020-11-26 10:21:48.857;EnCours;Mer;IMPORTATEUR_ANON_2614;NINEA_ANON_448;
2478962;Importation;2020-11-04 11:23:37.197;EnCours;Mer;IMPORTATEUR_ANON_5767;NINEA_ANON_255;001-I
2525382;Importation;2021-02-16 15:27:58.463;EnCours;Mer;IMPORTATEUR_ANON_12;NINEA_ANON_215;001-I
2385304;Importation;2020-03-30 08:25:07.180;EnCours;Mer;IMPORTATEUR_ANON_5409;NINEA_ANON_85;001-I
2474656;Importation;2020-10-23 15:40:40.923;EnCours;Mer;IMPORTATEUR_ANON_5910;NINEA_ANON_413;001-I
2557544;Importation;2021-04-27 15:39:42.643;EnCours;Mer;IMPORTATEUR_ANON_2308;NINEA_ANON_475;001-I
2599716;Importation;2021-08-02 12:30:20.697;EnCours;Mer;IMPORTATEUR_ANON_134;NINEA_ANON_630;001-I
2582639;Importation;2021-06-22 13:46:48.390;EnCours;Mer;IMPORTATEUR_ANON_2002;NINEA_ANON_746;001-I
2407474;Importation;2020-05-18 15:32:42.703;EnCours;Mer;IMPORTATEUR_ANON_3866;NINEA_ANON_565;001-I
2634435;Importation;2021-10-22 11:56:26.723;EnCours;Mer;IMPORTATEUR_ANON_7464;NINEA_ANON_545;001-I
2538643;Importation;2021-03-18 09:35:10.787;EnCours;Mer;IMPORTATEUR_ANON_5804;NINEA_ANON_779;001-I
2475635;Importation;2020-10-27 10:07:49.740;EnCours;Mer;IMPORTATEUR_ANON_5409;NINEA_ANON_85;001-I
2551958;Importation;2021-04-15 15:32:21.427;EnCours;Mer;IMPORTATEUR_ANON_3438;NINEA_ANON_590;
2557690;Importation;2021-04-28 08:55:59.583;EnCours;Mer;IMPORTATEUR_ANON_2308;NINEA_ANON_475;001-I
2689832;Importation;2022-02-21 14:42:46.857;EnCours;Mer;IMPORTATEUR_ANON_9284;NINEA_ANON_956;001-I
2352156;Importation;2020-01-27 10:36:44.210;EnCours;Mer;IMPORTATEUR_ANON_5760;NINEA_ANON_572;001-I
2488252;Importation;2020-11-23 16:37:51.700;EnCours;Mer;IMPORTATEUR_ANON_9284;NINEA_ANON_956;001-I
2485859;Importation;2020-11-18 09:03:32.387;EnCours;Mer;IMPORTATEUR_ANON_7056;NINEA_ANON_897;001-I
2586052;Importation;2021-06-29 15:40:10.877;EnCours;Mer;IMPORTATEUR_ANON_6434;NINEA_ANON_876;001-I
2598879;Importation;2021-07-30 10:21:03.337;EnCours;Mer;IMPORTATEUR_ANON_8713;NINEA_ANON_398;001-I
2436957;Importation;2020-07-28 11:45:04.007;EnCours;Mer;IMPORTATEUR_ANON_3896;NINEA_ANON_624;001-I
2655176;Importation;2021-12-07 08:31:30.373;EnCours;Mer;IMPORTATEUR_ANON_4663;NINEA_ANON_805;001-I
2682439;Importation;2022-02-09 09:57:49.457;EnCours;Mer;IMPORTATEUR_ANON_584;NINEA_ANON_890;001-I
2439301;Importation;2020-08-05 09:15:48.600;EnCours;Mer;IMPORTATEUR_ANON_9750;NINEA_ANON_628;001-I
2683660;Importation;2022-02-10 12:38:23.110;EnCours;Mer;IMPORTATEUR_ANON_2623;NINEA_ANON_14;001-I
2482623;Importation;2020-11-10 13:11:17.660;EnCours;Mer;IMPORTATEUR_ANON_2442;NINEA_ANON_576;001-I
2577777;Importation;2021-06-11 12:41:19.280;EnCours;Mer;IMPORTATEUR_ANON_9711;NINEA_ANON_386;001-I
2664976;Importation;2021-12-28 12:42:27.897;EnCours;Mer;IMPORTATEUR_ANON_3839;NINEA_ANON_376;001-I
2585113;Importation;2021-06-28 12:29:49.860;EnCours;Mer;IMPORTATEUR_ANON_1133;NINEA_ANON_122;001-I
2673362;Importation;2022-01-18 14:12:31.193;EnCours;Mer;IMPORTATEUR_ANON_7464;NINEA_ANON_545;001-I
2418768;Importation;2020-06-16 14:42:24.203;EnCours;Mer;IMPORTATEUR_ANON_2740;NINEA_ANON_663;001-I
2438382;Importation;2020-08-03 11:45:38.353;EnCours;Mer;IMPORTATEUR_ANON_134;NINEA_ANON_630;001-I
2551251;Importation;2021-04-14 14:55:47.403;EnCours;Mer;IMPORTATEUR_ANON_1914;NINEA_ANON_93;001-I
2389840;Importation;2020-04-09 11:02:35.870;EnCours;Mer;IMPORTATEUR_ANON_1748;NINEA_ANON_21;001-I
2693883;Importation;2022-02-28 16:02:02.607;EnCours;Mer;IMPORTATEUR_ANON_5913;NINEA_ANON_537;001-I
2448101;Importation;2020-08-24 10:32:22.173;EnCours;Mer;IMPORTATEUR_ANON_5606;NINEA_ANON_429;001-I
2647413;Importation;2021-11-19 12:01:50.780;EnCours;Mer;IMPORTATEUR_ANON_2308;NINEA_ANON_475;001-I
2602232;Importation;2021-08-06 16:47:32.473;EnCours;Mer;IMPORTATEUR_ANON_2308;NINEA_ANON_475;001-I
2477059;Importation;2020-10-29 11:34:54.743;EnCours;Mer;IMPORTATEUR_ANON_3397;NINEA_ANON_279;001-I
2514842;Importation;2021-01-25 11:52:47.677;EnCours;Mer;IMPORTATEUR_ANON_134;NINEA_ANON_756;
2526797;Importation;2021-02-18 19:06:58.790;EnCours;Mer;IMPORTATEUR_ANON_8011;NINEA_ANON_856;001-I
2436283;Importation;2020-07-27 11:25:19.390;EnCours;Mer;IMPORTATEUR_ANON_134;NINEA_ANON_630;001-I
2437739;Importation;2020-07-29 15:09:20.677;EnCours;Mer;IMPORTATEUR_ANON_7485;NINEA_ANON_82;001-I
2489859;Importation;2020-11-26 11:14:17.673;EnCours;Mer;IMPORTATEUR_ANON_2623;NINEA_ANON_939;001-I
2396362;Importation;2020-04-24 13:29:56.917;EnCours;Mer;IMPORTATEUR_ANON_9284;NINEA_ANON_956;001-I
2676648;Importation;2022-01-26 09:59:22.913;EnCours;Mer;IMPORTATEUR_ANON_2308;NINEA_ANON_475;001-I
2464716;Importation;2020-09-30 11:38:35.953;Initialise;Mer;IMPORTATEUR_ANON_7464;NINEA_ANON_545;001-I
2413818;Importation;2020-06-05 09:39:48.420;EnCours;Mer;IMPORTATEUR_ANON_5409;NINEA_ANON_85;001-I
2570805;Importation;2021-05-28 09:23:18.027;EnCours;Mer;IMPORTATEUR_ANON_4744;NINEA_ANON_222;001-I
2561140;Importation;2021-05-05 11:05:53.197;EnCours;Mer;IMPORTATEUR_ANON_3660;NINEA_ANON_379;001-I
2456465;Importation;2020-09-10 17:27:29.700;EnCours;Mer;IMPORTATEUR_ANON_58;NINEA_ANON_791;001-I
2563603;Importation;2021-05-11 09:03:45.387;Initialise;Mer;IMPORTATEUR_ANON_9889;NINEA_ANON_389;001-I
2631160;Importation;2021-10-14 13:39:11.840;EnCours;Mer;IMPORTATEUR_ANON_134;NINEA_ANON_630;001-I
2588337;Importation;2021-07-05 10:48:53.667;Initialise;Mer;IMPORTATEUR_ANON_2623;NINEA_ANON_14;001-I
2657209;Importation;2021-12-10 09:33:44.623;EnCours;Mer;IMPORTATEUR_ANON_2308;NINEA_ANON_475;001-I
2483318;Importation;2020-11-11 14:44:44.920;EnCours;Mer;IMPORTATEUR_ANON_9564;NINEA_ANON_214;001-I
2366210;Importation;2020-02-21 08:33:57.433;EnCours;Mer;IMPORTATEUR_ANON_1497;NINEA_ANON_889;001-I
2395049;Importation;2020-04-22 11:05:58.620;EnCours;Mer;IMPORTATEUR_ANON_8488;NINEA_ANON_578;001-I
2577685;Importation;2021-06-11 11:28:43.397;EnCours;Mer;IMPORTATEUR_ANON_2442;NINEA_ANON_212;001-I
2516768;Importation;2021-01-28 09:58:11.437;EnCours;Mer;IMPORTATEUR_ANON_9598;NINEA_ANON_980;001-I
2434106;Importation;2020-07-21 13:53:19.400;EnCours;Mer;IMPORTATEUR_ANON_12;NINEA_ANON_215;001-I
2364889;Importation;2020-02-19 09:55:01.200;EnCours;Mer;IMPORTATEUR_ANON_5864;NINEA_ANON_371;001-I
2639746;Importation;2021-11-04 10:41:29.287;EnCours;Mer;IMPORTATEUR_ANON_1936;NINEA_ANON_930;001-I
2418960;Importation;2020-06-17 08:26:16.280;EnCours;Mer;IMPORTATEUR_ANON_134;NINEA_ANON_630;001-I
2423277;Importation;2020-06-26 10:36:06.470;EnCours;Mer;IMPORTATEUR_ANON_1133;NINEA_ANON_122;001-I
2452772;Importation;2020-09-03 10:20:41.083;EnCours;Mer;IMPORTATEUR_ANON_1088;NINEA_ANON_280;001-I
2467632;Importation;2020-10-08 15:53:38.920;EnCours;Mer;IMPORTATEUR_ANON_8438;NINEA_ANON_699;001-I
2472742;Importation;2020-10-20 12:18:15.710;Initialise;Mer;IMPORTATEUR_ANON_7640;NINEA_ANON_288;001-I
2593493;Importation;2021-07-14 17:03:53.983;EnCours;Mer;IMPORTATEUR_ANON_7569;NINEA_ANON_834;001-I
2681652;Importation;2022-02-08 11:55:58.027;Initialise;Mer;IMPORTATEUR_ANON_6109;NINEA_ANON_312;001-I
2509680;Importation;2021-01-14 09:52:03.813;EnCours;Mer;IMPORTATEUR_ANON_4663;NINEA_ANON_805;001-I
2355285;Importation;2020-01-31 13:22:49.983;EnCours;Mer;IMPORTATEUR_ANON_134;NINEA_ANON_630;001-I
2557263;Importation;2021-04-27 11:46:09.660;EnCours;Mer;IMPORTATEUR_ANON_3660;NINEA_ANON_379;001-I
2384104;Importation;2020-03-25 15:21:17.967;EnCours;Mer;IMPORTATEUR_ANON_9284;NINEA_ANON_956;001-I
2363145;Importation;2020-02-17 08:26:38.317;EnCours;Mer;IMPORTATEUR_ANON_1124;NINEA_ANON_111;001-I
2573380;Importation;2021-06-02 15:54:41.910;EnCours;Mer;IMPORTATEUR_ANON_1161;NINEA_ANON_64;001-I
2576136;Importation;2021-06-09 08:27:59.670;EnCours;Mer;IMPORTATEUR_ANON_3232;NINEA_ANON_89;001-I
2444561;Importation;2020-08-14 10:48:28.020;EnCours;Mer;IMPORTATEUR_ANON_1426;NINEA_ANON_856;001-I
2497965;Transit;2020-12-15 09:24:16.173;Initialise;Mer;IMPORTATEUR_ANON_3213;NINEA_ANON_30;001-E
2344870;Importation;2020-01-13 14:47:22.193;Initialise;Mer;IMPORTATEUR_ANON_1409;NINEA_ANON_198;001-I
2669941;Importation;2022-01-11 11:41:55.580;EnCours;Mer;IMPORTATEUR_ANON_2623;NINEA_ANON_14;001-I
2417367;Importation;2020-06-12 15:12:46.497;EnCours;Mer;IMPORTATEUR_ANON_7464;NINEA_ANON_545;001-I
2615130;Importation;2021-09-08 09:50:07.717;Initialise;Mer;IMPORTATEUR_ANON_5864;NINEA_ANON_371;001-I
2689917;Importation;2022-02-21 15:18:29.627;EnCours;Mer;IMPORTATEUR_ANON_7464;NINEA_ANON_545;001-I
2674973;Importation;2022-01-21 10:51:42.157;EnCours;Mer;IMPORTATEUR_ANON_7166;NINEA_ANON_390;001-I
2658643;Importation;2021-12-14 11:09:57.640;Initialise;Mer;IMPORTATEUR_ANON_1777;NINEA_ANON_326;001-I
2601625;Importation;2021-08-05 14:54:08.253;EnCours;Mer;IMPORTATEUR_ANON_2623;NINEA_ANON_14;001-I
2359120;Importation;2020-02-08 09:52:39.263;EnCours;Mer;IMPORTATEUR_ANON_134;NINEA_ANON_630;001-I
2679990;Importation;2022-02-02 13:52:35.953;EnCours;Mer;IMPORTATEUR_ANON_134;NINEA_ANON_630;001-I
2656964;Importation;2021-12-09 15:20:48.270;EnCours;Mer;IMPORTATEUR_ANON_2308;NINEA_ANON_475;001-I
2651622;Importation;2021-11-29 13:21:58.203;EnCours;Mer;IMPORTATEUR_ANON_134;NINEA_ANON_630;001-I
2442770;Importation;2020-08-11 11:07:24.253;EnCours;Mer;IMPORTATEUR_ANON_9628;NINEA_ANON_405;001-I
2579463;Importation;2021-06-15 16:25:40.810;Initialise;Mer;IMPORTATEUR_ANON_428;NINEA_ANON_244;001-I
2397264;Importation;2020-04-28 09:05:47.083;EnCours;Mer;IMPORTATEUR_ANON_3438;NINEA_ANON_590;001-I
2635035;Importation;2021-10-25 11:24:14.613;EnCours;Mer;IMPORTATEUR_ANON_134;NINEA_ANON_630;001-I
2536763;Importation;2021-03-15 13:02:08.573;EnCours;Mer;IMPORTATEUR_ANON_9284;NINEA_ANON_956;001-I
2525775;Importation;2021-02-17 11:31:42.720;EnCours;Mer;IMPORTATEUR_ANON_8273;NINEA_ANON_767;001-I
2521307;Importation;2021-02-08 10:39:18.860;EnCours;Mer;IMPORTATEUR_ANON_5484;NINEA_ANON_42;001-I
2496777;Importation;2020-12-11 10:46:54.750;EnCours;Mer;IMPORTATEUR_ANON_2623;NINEA_ANON_939;001-I
2382612;Importation;2020-03-23 12:50:49.290;EnCours;Mer;IMPORTATEUR_ANON_7959;NINEA_ANON_199;001-I
2642886;Importation;2021-11-11 09:18:11.617;EnCours;Mer;IMPORTATEUR_ANON_2308;NINEA_ANON_475;001-I
2477811;Importation;2020-11-02 13:11:20.360;EnCours;Mer;IMPORTATEUR_ANON_7333;NINEA_ANON_396;001-I
2388544;Importation;2020-04-06 12:39:03.360;Initialise;Mer;IMPORTATEUR_ANON_8534;NINEA_ANON_695;001-I
2367030;Importation;2020-02-24 10:27:45.493;Initialise;Mer;IMPORTATEUR_ANON_7640;NINEA_ANON_288;001-I
2399350;Importation;2020-05-04 11:33:06.470;EnCours;Mer;IMPORTATEUR_ANON_7464;NINEA_ANON_545;001-I
2581403;Importation;2021-06-19 12:56:50.073;EnCours;Mer;IMPORTATEUR_ANON_5864;NINEA_ANON_371;001-I
2412680;Importation;2020-06-03 11:25:11.963;EnCours;Mer;IMPORTATEUR_ANON_9284;NINEA_ANON_956;001-I
2556556;Importation;2021-04-26 12:01:03.287;EnCours;Mer;IMPORTATEUR_ANON_428;NINEA_ANON_244;001-I
2465425;Importation;2020-10-01 13:40:47.950;EnCours;Mer;IMPORTATEUR_ANON_4424;NINEA_ANON_51;001-I
2446555;Importation;2020-08-19 13:10:39.497;Initialise;Mer;IMPORTATEUR_ANON_5731;NINEA_ANON_966;001-I
2546615;Importation;2021-04-05 10:11:52.240;EnCours;Mer;IMPORTATEUR_ANON_134;NINEA_ANON_630;
2491183;Importation;2020-11-30 11:08:28.593;EnCours;Mer;IMPORTATEUR_ANON_723;NINEA_ANON_641;001-I
2570879;Importation;2021-05-28 10:26:51.000;EnCours;Mer;IMPORTATEUR_ANON_2308;NINEA_ANON_475;001-I
2353434;Importation;2020-01-28 16:27:16.260;EnCours;Mer;IMPORTATEUR_ANON_2783;NINEA_ANON_422;001-I
2490281;Importation;2020-11-26 18:25:20.817;EnCours;Mer;IMPORTATEUR_ANON_8011;NINEA_ANON_856;001-I
2462325;Importation;2020-09-24 15:10:22.340;EnCours;Mer;IMPORTATEUR_ANON_9284;NINEA_ANON_956;001-I
2651125;Importation;2021-11-28 22:03:30.957;EnCours;Mer;IMPORTATEUR_ANON_9284;NINEA_ANON_956;001-I
2681346;Importation;2022-02-08 08:59:51.317;EnCours;Mer;IMPORTATEUR_ANON_8096;NINEA_ANON_269;001-I
2492923;Importation;2020-12-02 17:57:50.540;EnCours;Mer;IMPORTATEUR_ANON_6742;NINEA_ANON_760;001-I
2509299;Importation;2021-01-13 12:50:32.933;EnCours;Mer;IMPORTATEUR_ANON_8532;NINEA_ANON_461;001-I
2644079;Importation;2021-11-13 12:46:32.543;EnCours;Mer;IMPORTATEUR_ANON_5804;NINEA_ANON_779;001-I
2463212;Importation;2020-09-28 09:27:58.350;EnCours;Mer;IMPORTATEUR_ANON_8895;NINEA_ANON_393;001-I
2502406;Importation;2020-12-24 10:13:41.433;Initialise;Mer;IMPORTATEUR_ANON_8463;NINEA_ANON_382;001-I
2574055;Importation;2021-06-03 16:32:53.627;EnCours;Mer;IMPORTATEUR_ANON_9956;NINEA_ANON_627;001-I
2625791;Importation;2021-10-02 15:51:15.037;EnCours;Mer;IMPORTATEUR_ANON_134;NINEA_ANON_630;001-I
2667968;Importation;2022-01-05 12:23:38.257;EnCours;Mer;IMPORTATEUR_ANON_5293;NINEA_ANON_277;001-I
2634455;Importation;2021-10-22 12:08:50.000;EnCours;Mer;IMPORTATEUR_ANON_6270;NINEA_ANON_903;001-I
2578223;Importation;2021-06-14 09:49:05.490;EnCours;Mer;IMPORTATEUR_ANON_5804;NINEA_ANON_779;001-I
2348206;Importation;2020-01-20 09:39:13.607;EnCours;Mer;IMPORTATEUR_ANON_9284;NINEA_ANON_956;001-I
2354600;Importation;2020-01-30 13:12:26.280;EnCours;Mer;IMPORTATEUR_ANON_134;NINEA_ANON_630;001-I
2459101;Importation;2020-09-17 10:26:30.493;Initialise;Mer;IMPORTATEUR_ANON_4209;NINEA_ANON_188;001-I
2371053;Importation;2020-03-02 10:34:49.560;EnCours;Mer;IMPORTATEUR_ANON_3177;NINEA_ANON_513;001-I
2438354;Importation;2020-08-03 11:21:10.350;Initialise;Mer;IMPORTATEUR_ANON_6026;NINEA_ANON_771;001-I
2463271;Importation;2020-09-28 10:05:49.440;EnCours;Mer;IMPORTATEUR_ANON_1133;NINEA_ANON_122;001-I
2352261;Importation;2020-01-27 11:21:52.340;EnCours;Mer;IMPORTATEUR_ANON_4279;NINEA_ANON_450;001-I
2581774;Importation;2021-06-21 12:22:41.397;EnCours;Mer;IMPORTATEUR_ANON_278;NINEA_ANON_59;001-I
2620976;Importation;2021-09-21 11:04:35.780;EnCours;Mer;IMPORTATEUR_ANON_8398;NINEA_ANON_917;001-I
2442822;Importation;2020-08-11 11:37:40.463;EnCours;Mer;IMPORTATEUR_ANON_9749;NINEA_ANON_190;001-I
2413790;Importation;2020-06-05 09:13:17.893;EnCours;Mer;IMPORTATEUR_ANON_7959;NINEA_ANON_199;001-I
2390292;Importation;2020-04-10 08:13:44.120;Initialise;Mer;IMPORTATEUR_ANON_8958;NINEA_ANON_25;001-I
2343062;Importation;2020-01-09 11:49:38.617;Initialise;Mer;IMPORTATEUR_ANON_9260;NINEA_ANON_380;001-I
2458754;Importation;2020-09-16 14:50:36.220;EnCours;Mer;IMPORTATEUR_ANON_428;NINEA_ANON_244;001-I
2535386;Importation;2021-03-11 13:29:55.873;EnCours;Mer;IMPORTATEUR_ANON_6319;NINEA_ANON_918;001-I
2421442;Importation;2020-06-23 11:02:06.920;EnCours;Mer;IMPORTATEUR_ANON_2848;NINEA_ANON_875;001-I
2530307;Importation;2021-02-26 12:07:31.670;EnCours;Mer;IMPORTATEUR_ANON_134;NINEA_ANON_630;
2350478;Importation;2020-01-22 16:52:37.450;EnCours;Mer;IMPORTATEUR_ANON_278;NINEA_ANON_355;001-I
2508289;Importation;2021-01-12 08:45:17.857;EnCours;Mer;IMPORTATEUR_ANON_3438;NINEA_ANON_590;
2523975;Importation;2021-02-12 13:19:10.330;EnCours;Mer;IMPORTATEUR_ANON_7929;NINEA_ANON_740;001-I
2583391;Importation;2021-06-23 15:19:11.080;EnCours;Mer;IMPORTATEUR_ANON_9628;NINEA_ANON_405;001-I
2553190;Importation;2021-04-19 11:53:07.210;Initialise;Mer;IMPORTATEUR_ANON_5041;NINEA_ANON_106;001-I
2444303;Importation;2020-08-13 15:32:23.320;EnCours;Mer;IMPORTATEUR_ANON_9284;NINEA_ANON_956;001-I
2655491;Importation;2021-12-07 12:13:57.497;EnCours;Mer;IMPORTATEUR_ANON_1468;NINEA_ANON_161;001-I
2597131;Importation;2021-07-27 11:42:17.453;EnCours;Mer;IMPORTATEUR_ANON_3332;NINEA_ANON_846;
2560700;Importation;2021-05-04 13:22:13.123;EnCours;Mer;IMPORTATEUR_ANON_4426;NINEA_ANON_93;001-I
2628616;Importation;2021-10-08 13:36:44.913;EnCours;Mer;IMPORTATEUR_ANON_9564;NINEA_ANON_214;001-I
2597383;Importation;2021-07-27 15:17:15.707;EnCours;Mer;IMPORTATEUR_ANON_9628;NINEA_ANON_405;001-I
2406396;Importation;2020-05-15 09:12:17.853;EnCours;Mer;IMPORTATEUR_ANON_3407;NINEA_ANON_902;001-I
2489596;Importation;2020-11-25 16:19:43.003;EnCours;Mer;IMPORTATEUR_ANON_7409;NINEA_ANON_272;001-I
2544251;Importation;2021-03-30 10:09:24.077;EnCours;Mer;IMPORTATEUR_ANON_3863;NINEA_ANON_628;001-I
2408294;Importation;2020-05-20 11:01:42.733;EnCours;Mer;IMPORTATEUR_ANON_12;NINEA_ANON_215;001-I
2340787;Importation;2020-01-06 11:29:36.277;EnCours;Mer;IMPORTATEUR_ANON_4428;NINEA_ANON_802;001-I
2575946;Importation;2021-06-08 15:33:20.120;EnCours;Mer;IMPORTATEUR_ANON_8060;NINEA_ANON_730;
2656280;Importation;2021-12-08 15:04:04.020;EnCours;Mer;IMPORTATEUR_ANON_7464;NINEA_ANON_545;001-I
2436300;Importation;2020-07-27 11:36:04.020;EnCours;Mer;IMPORTATEUR_ANON_1096;NINEA_ANON_301;001-I
2661910;Importation;2021-12-21 10:04:28.870;EnCours;Mer;IMPORTATEUR_ANON_3144;NINEA_ANON_548;001-I
2550338;Importation;2021-04-13 11:27:04.077;EnCours;Mer;IMPORTATEUR_ANON_9284;NINEA_ANON_956;001-I
2541554;Importation;2021-03-24 09:42:08.177;EnCours;Mer;IMPORTATEUR_ANON_2308;NINEA_ANON_475;001-I
2563165;Importation;2021-05-10 11:49:53.030;EnCours;Mer;IMPORTATEUR_ANON_1426;NINEA_ANON_616;001-I
2434838;Importation;2020-07-22 16:03:41.727;EnCours;Mer;IMPORTATEUR_ANON_4426;NINEA_ANON_93;001-I
2692125;Importation;2022-02-24 12:33:26.633;EnCours;Mer;IMPORTATEUR_ANON_4699;NINEA_ANON_651;001-I
2352881;Importation;2020-01-28 10:04:33.590;Initialise;Mer;IMPORTATEUR_ANON_1308;NINEA_ANON_693;001-I
2647538;Importation;2021-11-19 13:14:08.913;EnCours;Mer;IMPORTATEUR_ANON_134;NINEA_ANON_630;001-I
2593143;Transit;2021-07-14 10:40:42.063;EnCours;Mer;IMPORTATEUR_ANON_8393;NINEA_ANON_585;
2684685;Importation;2022-02-11 17:29:05.370;Initialise;Mer;IMPORTATEUR_ANON_9284;NINEA_ANON_956;001-I
2571646;Importation;2021-05-31 11:12:42.357;EnCours;Mer;IMPORTATEUR_ANON_9112;NINEA_ANON_835;001-I
2422545;Importation;2020-06-25 07:58:27.193;EnCours;Mer;IMPORTATEUR_ANON_1818;NINEA_ANON_980;001-I
2549946;Importation;2021-04-12 15:41:45.647;EnCours;Mer;IMPORTATEUR_ANON_7959;NINEA_ANON_373;
2656021;Importation;2021-12-08 10:31:13.190;EnCours;Mer;IMPORTATEUR_ANON_9628;NINEA_ANON_405;001-I
2416221;Importation;2020-06-10 15:52:13.980;EnCours;Mer;IMPORTATEUR_ANON_3866;NINEA_ANON_565;001-I
2556813;Importation;2021-04-26 15:31:38.460;EnCours;Mer;IMPORTATEUR_ANON_6452;NINEA_ANON_831;001-I
2531203;Importation;2021-03-01 15:59:20.160;EnCours;Mer;IMPORTATEUR_ANON_957;NINEA_ANON_332;001-I
2493475;Importation;2020-12-03 16:21:06.933;EnCours;Mer;IMPORTATEUR_ANON_2308;NINEA_ANON_475;001-I
2625987;Importation;2021-10-04 11:16:25.697;EnCours;Mer;IMPORTATEUR_ANON_134;NINEA_ANON_630;001-I
2620648;Importation;2021-09-20 15:09:44.960;EnCours;Mer;IMPORTATEUR_ANON_8414;NINEA_ANON_551;001-I
2350775;Importation;2020-01-23 11:25:30.810;EnCours;Mer;IMPORTATEUR_ANON_1426;NINEA_ANON_856;001-I
2674370;Importation;2022-01-20 11:12:21.090;EnCours;Mer;IMPORTATEUR_ANON_5484;NINEA_ANON_42;001-I
2489480;Importation;2020-11-25 14:56:42.083;EnCours;Mer;IMPORTATEUR_ANON_7166;NINEA_ANON_390;001-I
2685284;Importation;2022-02-14 15:55:46.550;EnCours;Mer;IMPORTATEUR_ANON_4102;NINEA_ANON_526;001-I
2558526;Importation;2021-04-29 11:12:15.990;EnCours;Mer;IMPORTATEUR_ANON_8438;NINEA_ANON_699;
2348574;Importation;2020-01-20 13:06:59.173;EnCours;Mer;IMPORTATEUR_ANON_9284;NINEA_ANON_956;001-I
2583472;Importation;2021-06-23 16:26:56.243;EnCours;Mer;IMPORTATEUR_ANON_9354;NINEA_ANON_779;001-I
2474319;Importation;2020-10-23 09:28:04.080;EnCours;Mer;IMPORTATEUR_ANON_3438;NINEA_ANON_590;001-I
2624266;Importation;2021-09-29 13:01:28.863;EnCours;Mer;IMPORTATEUR_ANON_3863;NINEA_ANON_628;001-I
2593092;Importation;2021-07-14 10:03:21.897;EnCours;Mer;IMPORTATEUR_ANON_1818;NINEA_ANON_980;001-I
2410782;Importation;2020-05-28 11:15:35.357;Initialise;Mer;IMPORTATEUR_ANON_9947;NINEA_ANON_272;001-I
2432570;Importation;2020-07-17 08:45:19.260;EnCours;Mer;IMPORTATEUR_ANON_2303;NINEA_ANON_96;001-I
2582486;Importation;2021-06-22 11:41:31.227;EnCours;Mer;IMPORTATEUR_ANON_9284;NINEA_ANON_956;001-I
2428261;Importation;2020-07-08 08:29:00.567;EnCours;Mer;IMPORTATEUR_ANON_2949;NINEA_ANON_738;001-I
2457202;Importation;2020-09-14 10:48:07.600;EnCours;Mer;IMPORTATEUR_ANON_1827;NINEA_ANON_956;001-I
2378142;Importation;2020-03-13 11:34:17.440;EnCours;Mer;IMPORTATEUR_ANON_9750;NINEA_ANON_628;001-I
2619076;Importation;2021-09-16 10:47:44.760;EnCours;Mer;IMPORTATEUR_ANON_4428;NINEA_ANON_879;001-I
2641339;Importation;2021-11-08 13:10:10.363;EnCours;Mer;IMPORTATEUR_ANON_8054;NINEA_ANON_662;001-I
2574573;Importation;2021-06-04 16:35:55.913;EnCours;Mer;IMPORTATEUR_ANON_9284;NINEA_ANON_956;001-I
2662370;Importation;2021-12-21 16:39:47.223;EnCours;Mer;IMPORTATEUR_ANON_2308;NINEA_ANON_475;001-I
2377662;Importation;2020-03-12 14:44:47.383;EnCours;Mer;IMPORTATEUR_ANON_819;NINEA_ANON_349;001-I
2544347;Importation;2021-03-30 11:03:15.343;EnCours;Mer;IMPORTATEUR_ANON_3863;NINEA_ANON_628;001-I
2463633;Importation;2020-09-28 13:46:14.437;EnCours;Mer;IMPORTATEUR_ANON_1150;NINEA_ANON_246;001-I
2513585;Importation;2021-01-21 13:10:32.187;EnCours;Mer;IMPORTATEUR_ANON_6159;NINEA_ANON_84;001-I
2424908;Importation;2020-06-30 15:08:27.770;EnCours;Mer;IMPORTATEUR_ANON_134;NINEA_ANON_630;001-I
2412900;Importation;2020-06-03 13:49:12.303;EnCours;Mer;IMPORTATEUR_ANON_7514;NINEA_ANON_624;001-I
2446562;Importation;2020-08-19 13:19:18.020;EnCours;Mer;IMPORTATEUR_ANON_7995;NINEA_ANON_615;001-I
2637407;Importation;2021-10-28 16:05:49.850;Initialise;Mer;IMPORTATEUR_ANON_4558;NINEA_ANON_985;001-I
2443668;Importation;2020-08-12 15:13:07.490;EnCours;Mer;IMPORTATEUR_ANON_2506;NINEA_ANON_212;001-I
2563592;Importation;2021-05-11 08:46:50.870;EnCours;Mer;IMPORTATEUR_ANON_2623;NINEA_ANON_14;001-I
2659681;Importation;2021-12-15 16:03:59.670;EnCours;Mer;IMPORTATEUR_ANON_991;NINEA_ANON_548;001-I
2591478;Importation;2021-07-09 14:53:35.990;EnCours;Mer;IMPORTATEUR_ANON_3428;NINEA_ANON_29;
2598463;Importation;2021-07-29 12:35:45.180;EnCours;Mer;IMPORTATEUR_ANON_7533;NINEA_ANON_993;001-I
2683562;Importation;2022-02-10 11:43:18.057;Initialise;Mer;IMPORTATEUR_ANON_8982;NINEA_ANON_37;001-I
2449648;Importation;2020-08-26 15:44:15.880;EnCours;Mer;IMPORTATEUR_ANON_3951;NINEA_ANON_125;001-I
2488783;Importation;2020-11-24 14:52:33.190;EnCours;Mer;IMPORTATEUR_ANON_1818;NINEA_ANON_980;001-I
2427223;Importation;2020-07-06 12:59:05.127;EnCours;Mer;IMPORTATEUR_ANON_3863;NINEA_ANON_628;001-I
2547874;Importation;2021-04-07 14:56:35.100;EnCours;Mer;IMPORTATEUR_ANON_9628;NINEA_ANON_405;001-I
2415256;Importation;2020-06-09 10:33:36.547;EnCours;Mer;IMPORTATEUR_ANON_2749;NINEA_ANON_300;001-I
2377099;Importation;2020-03-11 17:28:44.597;EnCours;Mer;IMPORTATEUR_ANON_652;NINEA_ANON_856;001-I
2664187;Importation;2021-12-27 10:22:25.817;EnCours;Mer;IMPORTATEUR_ANON_134;NINEA_ANON_630;001-I
2688278;Importation;2022-02-17 16:39:56.870;EnCours;Mer;IMPORTATEUR_ANON_7464;NINEA_ANON_545;001-I
2548140;Importation;2021-04-08 09:13:57.603;EnCours;Mer;IMPORTATEUR_ANON_2308;NINEA_ANON_475;001-I
2370550;Importation;2020-02-28 15:15:09.893;EnCours;Mer;IMPORTATEUR_ANON_3660;NINEA_ANON_166;001-I
2631520;Importation;2021-10-15 08:43:33.170;EnCours;Mer;IMPORTATEUR_ANON_1914;NINEA_ANON_156;001-I
2619511;Importation;2021-09-16 17:03:45.377;EnCours;Mer;IMPORTATEUR_ANON_2261;NINEA_ANON_688;001-I
2573960;Importation;2021-06-03 15:05:44.797;EnCours;Mer;IMPORTATEUR_ANON_4744;NINEA_ANON_222;001-I
2496443;Importation;2020-12-10 14:42:25.300;EnCours;Mer;IMPORTATEUR_ANON_5484;NINEA_ANON_42;001-I
2570669;Importation;2021-05-27 16:30:12.557;EnCours;Mer;IMPORTATEUR_ANON_7464;NINEA_ANON_545;001-I
2662504;Importation;2021-12-22 09:15:30.627;EnCours;Mer;IMPORTATEUR_ANON_2308;NINEA_ANON_475;001-I
2671370;Importation;2022-01-13 15:40:50.280;EnCours;Mer;IMPORTATEUR_ANON_1733;NINEA_ANON_336;001-I
2369187;Importation;2020-02-26 16:36:54.170;EnCours;Mer;IMPORTATEUR_ANON_9284;NINEA_ANON_956;001-I
2424875;Importation;2020-06-30 14:30:20.183;EnCours;Mer;IMPORTATEUR_ANON_4663;NINEA_ANON_805;001-I
2485145;Importation;2020-11-16 15:57:10.390;EnCours;Mer;IMPORTATEUR_ANON_3144;NINEA_ANON_548;001-I
2473704;Importation;2020-10-22 09:04:15.820;EnCours;Mer;IMPORTATEUR_ANON_3438;NINEA_ANON_590;001-I
2528721;Importation;2021-02-23 15:52:50.567;EnCours;Mer;IMPORTATEUR_ANON_2223;NINEA_ANON_102;001-I
2499178;Importation;2020-12-17 08:29:36.703;EnCours;Mer;IMPORTATEUR_ANON_3438;NINEA_ANON_590;
2411121;Importation;2020-05-29 08:33:06.940;EnCours;Mer;IMPORTATEUR_ANON_428;NINEA_ANON_244;001-I
2468502;Importation;2020-10-12 09:33:16.577;EnCours;Mer;IMPORTATEUR_ANON_7499;NINEA_ANON_501;001-I
2648476;Importation;2021-11-22 15:58:45.350;EnCours;Mer;IMPORTATEUR_ANON_7464;NINEA_ANON_545;001-I
2646549;Importation;2021-11-18 11:33:18.197;EnCours;Mer;IMPORTATEUR_ANON_7464;NINEA_ANON_545;001-I
2384118;Importation;2020-03-25 15:40:56.817;EnCours;Mer;IMPORTATEUR_ANON_4663;NINEA_ANON_805;001-I
2520769;Importation;2021-02-05 12:09:53.893;Initialise;Mer;IMPORTATEUR_ANON_424;NINEA_ANON_278;001-I
2448787;Importation;2020-08-25 11:09:50.180;EnCours;Mer;IMPORTATEUR_ANON_2623;NINEA_ANON_939;001-I
2384252;Importation;2020-03-26 09:59:33.260;Initialise;Mer;IMPORTATEUR_ANON_2308;NINEA_ANON_475;001-I
2390297;Importation;2020-04-10 08:22:54.317;EnCours;Mer;IMPORTATEUR_ANON_7464;NINEA_ANON_545;001-I
2508688;Importation;2021-01-12 13:03:42.080;EnCours;Mer;IMPORTATEUR_ANON_7929;NINEA_ANON_740;001-I
2488263;Importation;2020-11-23 16:47:49.820;EnCours;Mer;IMPORTATEUR_ANON_4060;NINEA_ANON_533;001-I
2462415;Importation;2020-09-24 16:29:21.203;EnCours;Mer;IMPORTATEUR_ANON_2506;NINEA_ANON_212;001-I
2604058;Importation;2021-08-11 14:21:43.463;EnCours;Mer;IMPORTATEUR_ANON_9284;NINEA_ANON_956;001-I
2571160;Importation;2021-05-28 15:09:23.417;EnCours;Mer;IMPORTATEUR_ANON_1818;NINEA_ANON_980;001-I
2622973;Importation;2021-09-24 12:41:32.410;EnCours;Mer;IMPORTATEUR_ANON_4428;NINEA_ANON_879;001-I
2490700;Importation;2020-11-27 14:34:07.303;EnCours;Mer;IMPORTATEUR_ANON_9284;NINEA_ANON_956;001-I
2556123;Importation;2021-04-23 18:14:22.910;EnCours;Mer;IMPORTATEUR_ANON_8011;NINEA_ANON_856;001-I
2689322;Importation;2022-02-21 10:07:44.090;EnCours;Mer;IMPORTATEUR_ANON_134;NINEA_ANON_630;001-I
2372357;Importation;2020-03-03 14:48:12.553;EnCours;Mer;IMPORTATEUR_ANON_4396;NINEA_ANON_907;001-I
2392604;Importation;2020-04-16 10:48:50.077;Initialise;Mer;IMPORTATEUR_ANON_9284;NINEA_ANON_956;001-I
2453427;Importation;2020-09-04 10:40:03.100;EnCours;Mer;IMPORTATEUR_ANON_134;NINEA_ANON_630;001-I
2522691;Importation;2021-02-10 11:34:05.993;EnCours;Mer;IMPORTATEUR_ANON_9749;NINEA_ANON_190;
2514918;Importation;2021-01-25 12:22:38.553;EnCours;Mer;IMPORTATEUR_ANON_3438;NINEA_ANON_590;
2601811;Importation;2021-08-06 09:36:24.360;EnCours;Mer;IMPORTATEUR_ANON_9556;NINEA_ANON_171;001-I
2384190;Importation;2020-03-26 08:25:37.687;EnCours;Mer;IMPORTATEUR_ANON_1124;NINEA_ANON_111;001-I
2510777;Importation;2021-01-15 16:30:57.853;EnCours;Mer;IMPORTATEUR_ANON_3951;NINEA_ANON_125;001-I
2644225;Importation;2021-11-15 10:16:56.380;EnCours;Mer;IMPORTATEUR_ANON_9628;NINEA_ANON_405;001-I
2508620;Importation;2021-01-12 12:19:40.513;EnCours;Mer;IMPORTATEUR_ANON_9942;NINEA_ANON_641;001-I
2535409;Importation;2021-03-11 13:57:10.487;EnCours;Mer;IMPORTATEUR_ANON_2002;NINEA_ANON_746;001-I
2621377;Importation;2021-09-21 16:46:32.587;EnCours;Mer;IMPORTATEUR_ANON_8363;NINEA_ANON_211;001-I
2647838;Importation;2021-11-20 14:43:31.090;EnCours;Mer;IMPORTATEUR_ANON_134;NINEA_ANON_630;001-I
2496330;Importation;2020-12-10 12:20:32.300;EnCours;Mer;IMPORTATEUR_ANON_134;NINEA_ANON_630;001-I
2688327;Importation;2022-02-17 17:14:25.107;EnCours;Mer;IMPORTATEUR_ANON_347;NINEA_ANON_745;001-I
2586077;Importation;2021-06-29 16:00:42.440;Initialise;Mer;IMPORTATEUR_ANON_9284;NINEA_ANON_956;001-I
2614314;Importation;2021-09-06 15:45:49.960;EnCours;Mer;IMPORTATEUR_ANON_3660;NINEA_ANON_379;001-I
2520078;Importation;2021-02-04 10:09:16.013;EnCours;Mer;IMPORTATEUR_ANON_9942;NINEA_ANON_641;001-I
2441919;Importation;2020-08-08 20:51:46.850;EnCours;Mer;IMPORTATEUR_ANON_6069;NINEA_ANON_343;001-I
2551146;Importation;2021-04-14 12:49:12.763;EnCours;Mer;IMPORTATEUR_ANON_2842;NINEA_ANON_103;001-I
2469845;Importation;2020-10-13 16:37:30.970;EnCours;Mer;IMPORTATEUR_ANON_2265;NINEA_ANON_589;001-I
2361220;Importation;2020-02-12 11:26:03.293;EnCours;Mer;IMPORTATEUR_ANON_3173;NINEA_ANON_850;001-I
2475842;Importation;2020-10-27 12:20:27.730;EnCours;Mer;IMPORTATEUR_ANON_9749;NINEA_ANON_190;001-I
2475630;Importation;2020-10-27 10:05:33.590;EnCours;Mer;IMPORTATEUR_ANON_5760;NINEA_ANON_572;001-I
2415088;Importation;2020-06-08 20:06:52.223;EnCours;Mer;IMPORTATEUR_ANON_3866;NINEA_ANON_565;001-I
2397108;Importation;2020-04-27 15:07:07.650;Initialise;Mer;IMPORTATEUR_ANON_9457;NINEA_ANON_21;001-I
2491641;Importation;2020-11-30 16:54:50.080;EnCours;Mer;IMPORTATEUR_ANON_4428;NINEA_ANON_802;001-I
2596309;Importation;2021-07-26 10:18:59.887;EnCours;Mer;IMPORTATEUR_ANON_5122;NINEA_ANON_724;001-I
2363661;Importation;2020-02-17 14:16:32.433;EnCours;Mer;IMPORTATEUR_ANON_7891;NINEA_ANON_637;001-I
2367593;Importation;2020-02-24 17:33:13.300;EnCours;Mer;IMPORTATEUR_ANON_1818;NINEA_ANON_980;001-I
2623667;Importation;2021-09-28 13:06:57.407;EnCours;Mer;IMPORTATEUR_ANON_134;NINEA_ANON_630;001-I
2584560;Importation;2021-06-25 15:19:39.207;EnCours;Mer;IMPORTATEUR_ANON_3508;NINEA_ANON_461;001-I
2514776;Importation;2021-01-25 11:35:42.173;EnCours;Mer;IMPORTATEUR_ANON_1818;NINEA_ANON_980;001-I
2392283;Importation;2020-04-15 15:07:45.270;EnCours;Mer;IMPORTATEUR_ANON_7056;NINEA_ANON_4;001-I
2519839;Importation;2021-02-03 16:00:08.797;EnCours;Mer;IMPORTATEUR_ANON_5326;NINEA_ANON_212;001-I
2422411;Importation;2020-06-24 15:52:23.037;EnCours;Mer;IMPORTATEUR_ANON_134;NINEA_ANON_630;001-I
2588341;Importation;2021-07-05 10:51:14.040;EnCours;Mer;IMPORTATEUR_ANON_6187;NINEA_ANON_791;001-I
2602670;Importation;2021-08-09 12:09:56.550;EnCours;Mer;IMPORTATEUR_ANON_3651;NINEA_ANON_42;001-I
2628717;Importation;2021-10-08 15:49:26.910;Initialise;Mer;IMPORTATEUR_ANON_4777;NINEA_ANON_336;001-I
2514242;Importation;2021-01-22 12:37:45.380;EnCours;Mer;IMPORTATEUR_ANON_4663;NINEA_ANON_805;001-I
2555145;Importation;2021-04-22 11:38:42.790;EnCours;Mer;IMPORTATEUR_ANON_5542;NINEA_ANON_371;
2423445;Importation;2020-06-26 12:08:12.440;EnCours;Mer;IMPORTATEUR_ANON_1133;NINEA_ANON_122;001-I
2407852;Importation;2020-05-19 11:59:26.303;EnCours;Mer;IMPORTATEUR_ANON_1272;NINEA_ANON_493;001-I
2506701;Importation;2021-01-07 12:31:32.273;EnCours;Mer;IMPORTATEUR_ANON_8659;NINEA_ANON_544;001-I
2645488;Importation;2021-11-16 15:55:18.780;EnCours;Mer;IMPORTATEUR_ANON_7464;NINEA_ANON_545;001-I
2374184;Importation;2020-03-06 11:49:41.290;EnCours;Mer;IMPORTATEUR_ANON_1818;NINEA_ANON_980;001-I
2431125;Importation;2020-07-14 15:08:38.047;EnCours;Mer;IMPORTATEUR_ANON_8488;NINEA_ANON_578;001-I
2367617;Importation;2020-02-24 18:04:00.600;EnCours;Mer;IMPORTATEUR_ANON_5864;NINEA_ANON_371;001-I
2632438;Importation;2021-10-18 13:03:04.100;EnCours;Mer;IMPORTATEUR_ANON_9628;NINEA_ANON_405;001-I
2412852;Importation;2020-06-03 13:04:35.200;EnCours;Mer;IMPORTATEUR_ANON_9284;NINEA_ANON_956;001-I
2689496;Importation;2022-02-21 11:30:32.940;EnCours;Mer;IMPORTATEUR_ANON_3660;NINEA_ANON_647;001-I
2616769;Importation;2021-09-10 13:10:49.867;EnCours;Mer;IMPORTATEUR_ANON_4989;NINEA_ANON_376;001-I
2548387;Importation;2021-04-08 12:08:52.407;EnCours;Mer;IMPORTATEUR_ANON_2303;NINEA_ANON_355;
2680712;Importation;2022-02-03 17:27:47.017;EnCours;Mer;IMPORTATEUR_ANON_5606;NINEA_ANON_899;001-I
2354052;Importation;2020-01-29 15:30:41.970;EnCours;Mer;IMPORTATEUR_ANON_2308;NINEA_ANON_475;001-I
2484794;Importation;2020-11-16 11:03:16.493;EnCours;Mer;IMPORTATEUR_ANON_1524;NINEA_ANON_38;001-I
2419728;Importation;2020-06-18 11:29:00.950;EnCours;Mer;IMPORTATEUR_ANON_4805;NINEA_ANON_531;001-I
2462385;Importation;2020-09-24 16:03:24.667;EnCours;Mer;IMPORTATEUR_ANON_5864;NINEA_ANON_371;001-I
2434632;Importation;2020-07-22 12:26:39.307;EnCours;Mer;IMPORTATEUR_ANON_9284;NINEA_ANON_956;001-I
2388717;Importation;2020-04-06 15:09:00.050;EnCours;Mer;IMPORTATEUR_ANON_2261;NINEA_ANON_688;001-I
2447115;Importation;2020-08-20 12:40:02.217;EnCours;Mer;IMPORTATEUR_ANON_819;NINEA_ANON_349;001-I
2583000;Importation;2021-06-23 09:36:43.113;EnCours;Mer;IMPORTATEUR_ANON_134;NINEA_ANON_630;001-I
2512221;Importation;2021-01-19 12:28:56.040;EnCours;Mer;IMPORTATEUR_ANON_8011;NINEA_ANON_856;001-I
2414508;Importation;2020-06-08 10:16:16.327;EnCours;Mer;IMPORTATEUR_ANON_134;NINEA_ANON_630;001-I
2473638;Importation;2020-10-21 17:01:29.313;EnCours;Mer;IMPORTATEUR_ANON_6862;NINEA_ANON_980;001-I
2473832;Importation;2020-10-22 10:47:23.650;EnCours;Mer;IMPORTATEUR_ANON_6003;NINEA_ANON_70;001-I
2655823;Importation;2021-12-07 16:57:29.937;EnCours;Mer;IMPORTATEUR_ANON_5771;NINEA_ANON_965;001-I
2669381;Importation;2022-01-10 12:11:31.003;EnCours;Mer;IMPORTATEUR_ANON_134;NINEA_ANON_630;001-I
2583869;Importation;2021-06-24 13:33:14.993;EnCours;Mer;IMPORTATEUR_ANON_134;NINEA_ANON_630;001-I
2381034;Importation;2020-03-19 10:43:48.770;EnCours;Mer;IMPORTATEUR_ANON_3951;NINEA_ANON_125;001-I
2572192;Importation;2021-06-01 09:22:21.930;EnCours;Mer;IMPORTATEUR_ANON_5014;NINEA_ANON_959;
2559354;Importation;2021-04-30 15:17:16.693;EnCours;Mer;IMPORTATEUR_ANON_7464;NINEA_ANON_545;001-I
2521958;Importation;2021-02-09 10:32:08.640;EnCours;Mer;IMPORTATEUR_ANON_2623;NINEA_ANON_939;001-I
2425276;Importation;2020-07-01 11:17:03.240;EnCours;Mer;IMPORTATEUR_ANON_278;NINEA_ANON_355;001-I
2638254;Importation;2021-10-31 13:07:16.450;EnCours;Mer;IMPORTATEUR_ANON_1923;NINEA_ANON_48;001-I
2665714;Importation;2021-12-29 15:47:08.820;EnCours;Mer;IMPORTATEUR_ANON_3883;NINEA_ANON_931;001-I
2652800;Importation;2021-12-01 10:15:50.357;EnCours;Mer;IMPORTATEUR_ANON_5804;NINEA_ANON_779;001-I
2647174;Importation;2021-11-19 10:01:02.713;EnCours;Mer;IMPORTATEUR_ANON_134;NINEA_ANON_630;001-I
2364287;Importation;2020-02-18 12:13:14.123;EnCours;Mer;IMPORTATEUR_ANON_9004;NINEA_ANON_782;001-I
2621457;Importation;2021-09-22 08:28:10.600;EnCours;Mer;IMPORTATEUR_ANON_3863;NINEA_ANON_628;001-I
2645445;Importation;2021-11-16 15:35:49.420;EnCours;Mer;IMPORTATEUR_ANON_3863;NINEA_ANON_628;001-I
2545882;Importation;2021-04-01 16:03:40.267;EnCours;Mer;IMPORTATEUR_ANON_2308;NINEA_ANON_475;001-I
2460762;Importation;2020-09-22 09:58:02.197;EnCours;Mer;IMPORTATEUR_ANON_9284;NINEA_ANON_956;001-I
2616434;Importation;2021-09-09 20:17:29.580;EnCours;Mer;IMPORTATEUR_ANON_9284;NINEA_ANON_956;001-I
2492776;Importation;2020-12-02 15:15:38.120;Initialise;Mer;IMPORTATEUR_ANON_2106;NINEA_ANON_851;001-I
2572581;Importation;2021-06-01 14:12:07.030;Initialise;Mer;IMPORTATEUR_ANON_6670;NINEA_ANON_558;001-I
2414032;Importation;2020-06-05 12:22:50.853;EnCours;Mer;IMPORTATEUR_ANON_9284;NINEA_ANON_956;001-I
2394502;Importation;2020-04-21 11:58:30.763;EnCours;Mer;IMPORTATEUR_ANON_9284;NINEA_ANON_956;001-I
2411204;Importation;2020-05-29 10:06:54.623;EnCours;Mer;IMPORTATEUR_ANON_134;NINEA_ANON_630;001-I
2365634;Importation;2020-02-20 10:18:32.090;Initialise;Mer;IMPORTATEUR_ANON_9284;NINEA_ANON_956;001-I
2496686;Importation;2020-12-11 09:32:01.850;EnCours;Mer;IMPORTATEUR_ANON_4426;NINEA_ANON_93;001-I
2540312;Importation;2021-03-22 11:55:57.890;EnCours;Mer;IMPORTATEUR_ANON_8795;NINEA_ANON_663;
2548966;Importation;2021-04-09 11:57:58.117;EnCours;Mer;IMPORTATEUR_ANON_3332;NINEA_ANON_846;
2490740;Importation;2020-11-27 15:24:53.943;EnCours;Mer;IMPORTATEUR_ANON_9628;NINEA_ANON_405;001-I
2634958;Importation;2021-10-25 10:29:39.247;EnCours;Mer;IMPORTATEUR_ANON_9628;NINEA_ANON_405;001-I
2518216;Importation;2021-02-01 11:09:28.780;EnCours;Mer;IMPORTATEUR_ANON_9628;NINEA_ANON_405;001-I
2541724;Importation;2021-03-24 11:52:48.663;EnCours;Mer;IMPORTATEUR_ANON_9859;NINEA_ANON_985;001-I
2516521;Importation;2021-01-27 15:07:11.773;EnCours;Mer;IMPORTATEUR_ANON_7056;NINEA_ANON_4;001-I
2502196;Importation;2020-12-23 15:57:10.003;EnCours;Mer;IMPORTATEUR_ANON_9094;NINEA_ANON_854;001-I
2347548;Importation;2020-01-17 09:57:35.510;EnCours;Mer;IMPORTATEUR_ANON_7514;NINEA_ANON_521;
2526442;Importation;2021-02-18 11:54:56.983;EnCours;Mer;IMPORTATEUR_ANON_6767;NINEA_ANON_350;
2675414;Importation;2022-01-24 10:20:57.797;EnCours;Mer;IMPORTATEUR_ANON_8011;NINEA_ANON_7;001-I
2576919;Importation;2021-06-10 11:14:26.287;EnCours;Mer;IMPORTATEUR_ANON_134;NINEA_ANON_630;001-I
2479223;Importation;2020-11-04 15:34:22.343;EnCours;Mer;IMPORTATEUR_ANON_5085;NINEA_ANON_643;001-I
2448885;Importation;2020-08-25 12:30:25.753;EnCours;Mer;IMPORTATEUR_ANON_449;NINEA_ANON_718;001-I
2410687;Importation;2020-05-28 10:05:39.920;EnCours;Mer;IMPORTATEUR_ANON_9284;NINEA_ANON_956;001-I
2383560;Importation;2020-03-25 09:03:40.597;EnCours;Mer;IMPORTATEUR_ANON_3438;NINEA_ANON_590;001-I
2406141;Importation;2020-05-14 13:08:24.910;EnCours;Mer;IMPORTATEUR_ANON_1397;NINEA_ANON_893;001-I
2627420;Importation;2021-10-06 12:14:54.703;EnCours;Mer;IMPORTATEUR_ANON_134;NINEA_ANON_630;001-I
2391699;Importation;2020-04-15 08:15:21.150;Initialise;Mer;IMPORTATEUR_ANON_3863;NINEA_ANON_628;001-I
2597712;Importation;2021-07-28 10:41:40.623;EnCours;Mer;IMPORTATEUR_ANON_1818;NINEA_ANON_980;001-I
2447006;Importation;2020-08-20 11:05:42.583;Initialise;Mer;IMPORTATEUR_ANON_945;NINEA_ANON_601;001-I
2487523;Importation;2020-11-20 16:26:08.320;EnCours;Mer;IMPORTATEUR_ANON_7514;NINEA_ANON_521;001-I
2472758;Importation;2020-10-20 12:27:42.377;EnCours;Mer;IMPORTATEUR_ANON_4834;NINEA_ANON_425;001-I
2643762;Importation;2021-11-12 11:59:17.700;EnCours;Mer;IMPORTATEUR_ANON_7166;NINEA_ANON_997;001-I
2567316;Importation;2021-05-20 11:19:18.380;EnCours;Mer;IMPORTATEUR_ANON_347;NINEA_ANON_745;001-I
2436801;Importation;2020-07-28 10:11:27.217;EnCours;Mer;IMPORTATEUR_ANON_2623;NINEA_ANON_939;001-I
2473222;Importation;2020-10-21 10:19:09.737;EnCours;Mer;IMPORTATEUR_ANON_5760;NINEA_ANON_572;001-I
2647240;Importation;2021-11-19 10:24:42.790;EnCours;Mer;IMPORTATEUR_ANON_2623;NINEA_ANON_14;001-I
2616946;Importation;2021-09-10 16:26:34.723;EnCours;Mer;IMPORTATEUR_ANON_4834;NINEA_ANON_568;001-I
2466821;Importation;2020-10-07 11:53:38.797;Initialise;Mer;IMPORTATEUR_ANON_8060;NINEA_ANON_730;001-I
2603733;Importation;2021-08-11 08:58:26.403;EnCours;Mer;IMPORTATEUR_ANON_2308;NINEA_ANON_475;001-I
2564272;Importation;2021-05-12 09:17:44.040;EnCours;Mer;IMPORTATEUR_ANON_219;NINEA_ANON_472;001-I
2623153;Importation;2021-09-24 16:24:55.190;EnCours;Mer;IMPORTATEUR_ANON_9628;NINEA_ANON_405;001-I
2497932;Importation;2020-12-15 08:50:38.090;EnCours;Mer;IMPORTATEUR_ANON_9284;NINEA_ANON_956;001-I
2487479;Importation;2020-11-20 15:55:26.250;Initialise;Mer;IMPORTATEUR_ANON_7029;NINEA_ANON_274;001-I
2590354;Importation;2021-07-08 09:34:48.247;EnCours;Mer;IMPORTATEUR_ANON_2623;NINEA_ANON_14;001-I
2629670;Importation;2021-10-12 10:07:49.193;Initialise;Mer;IMPORTATEUR_ANON_9942;NINEA_ANON_641;001-I
2434230;Importation;2020-07-21 16:12:55.773;EnCours;Mer;IMPORTATEUR_ANON_1255;NINEA_ANON_538;001-I
2406157;Importation;2020-05-14 13:26:24.093;EnCours;Mer;IMPORTATEUR_ANON_7056;NINEA_ANON_4;001-I
2434723;Importation;2020-07-22 13:52:40.980;EnCours;Mer;IMPORTATEUR_ANON_4624;NINEA_ANON_415;001-I
2678747;Importation;2022-01-31 13:38:38.393;EnCours;Mer;IMPORTATEUR_ANON_8880;NINEA_ANON_393;001-I
2548352;Importation;2021-04-08 11:41:31.200;EnCours;Mer;IMPORTATEUR_ANON_7166;NINEA_ANON_390;001-I
2550662;Importation;2021-04-13 16:16:12.183;EnCours;Mer;IMPORTATEUR_ANON_819;NINEA_ANON_349;001-I
2459567;Importation;2020-09-18 09:35:44.343;EnCours;Mer;IMPORTATEUR_ANON_9284;NINEA_ANON_956;001-I
2622539;Importation;2021-09-23 15:08:41.720;EnCours;Mer;IMPORTATEUR_ANON_3660;NINEA_ANON_379;001-I
2622644;Importation;2021-09-23 17:18:37.843;EnCours;Mer;IMPORTATEUR_ANON_3951;NINEA_ANON_125;001-I
2579417;Importation;2021-06-15 15:55:32.327;EnCours;Mer;IMPORTATEUR_ANON_17;NINEA_ANON_782;001-I
2525984;Importation;2021-02-17 14:54:26.390;EnCours;Mer;IMPORTATEUR_ANON_3660;NINEA_ANON_379;001-I
2576374;Importation;2021-06-09 11:41:56.003;Initialise;Mer;IMPORTATEUR_ANON_8958;NINEA_ANON_25;001-I
2589190;Importation;2021-07-06 12:31:04.013;EnCours;Mer;IMPORTATEUR_ANON_819;NINEA_ANON_349;001-I
2457558;Importation;2020-09-14 15:40:35.290;EnCours;Mer;IMPORTATEUR_ANON_8001;NINEA_ANON_65;001-I
2501571;Importation;2020-12-22 15:14:49.417;EnCours;Mer;IMPORTATEUR_ANON_4663;NINEA_ANON_805;001-I
2536002;Importation;2021-03-12 13:46:03.460;EnCours;Mer;IMPORTATEUR_ANON_4744;NINEA_ANON_747;001-I
2584413;Importation;2021-06-25 11:59:04.810;EnCours;Mer;IMPORTATEUR_ANON_134;NINEA_ANON_630;001-I
2449526;Importation;2020-08-26 13:12:53.490;EnCours;Mer;IMPORTATEUR_ANON_4478;NINEA_ANON_105;001-I
2492959;Importation;2020-12-03 08:37:35.917;EnCours;Mer;IMPORTATEUR_ANON_8330;NINEA_ANON_575;001-I
2518242;Importation;2021-02-01 11:18:08.820;EnCours;Mer;IMPORTATEUR_ANON_3863;NINEA_ANON_450;001-I
2384256;Importation;2020-03-26 10:05:01.153;EnCours;Mer;IMPORTATEUR_ANON_4344;NINEA_ANON_927;001-I
2570407;Importation;2021-05-27 12:24:10.987;EnCours;Mer;IMPORTATEUR_ANON_819;NINEA_ANON_349;001-I
2649737;Importation;2021-11-24 14:59:47.533;EnCours;Mer;IMPORTATEUR_ANON_134;NINEA_ANON_630;001-I
2576561;Importation;2021-06-09 14:31:41.583;EnCours;Mer;IMPORTATEUR_ANON_4303;NINEA_ANON_61;
2416868;Importation;2020-06-11 16:14:37.083;EnCours;Mer;IMPORTATEUR_ANON_134;NINEA_ANON_630;001-I
2659203;Importation;2021-12-15 09:08:57.320;EnCours;Mer;IMPORTATEUR_ANON_1923;NINEA_ANON_48;001-I
2424073;Importation;2020-06-29 12:09:04.507;Initialise;Mer;IMPORTATEUR_ANON_1426;NINEA_ANON_856;001-I
2594634;Importation;2021-07-16 16:28:03.563;EnCours;Mer;IMPORTATEUR_ANON_2623;NINEA_ANON_14;001-I
2649070;Importation;2021-11-23 13:57:48.397;Initialise;Mer;IMPORTATEUR_ANON_4060;NINEA_ANON_533;001-I
2346895;Importation;2020-01-16 11:19:53.413;EnCours;Mer;IMPORTATEUR_ANON_3600;NINEA_ANON_984;
2546165;Importation;2021-04-02 10:26:49.443;Initialise;Mer;IMPORTATEUR_ANON_5864;NINEA_ANON_371;001-I
2539821;Importation;2021-03-19 16:46:26.790;EnCours;Mer;IMPORTATEUR_ANON_7270;NINEA_ANON_428;001-I
2423142;Importation;2020-06-26 07:48:38.697;EnCours;Mer;IMPORTATEUR_ANON_1818;NINEA_ANON_980;001-I
2498553;Importation;2020-12-15 17:29:06.583;EnCours;Mer;IMPORTATEUR_ANON_7464;NINEA_ANON_545;001-I
2346638;Importation;2020-01-15 19:20:03.027;EnCours;Mer;IMPORTATEUR_ANON_7127;NINEA_ANON_937;001-I
2483328;Importation;2020-11-11 14:54:57.603;Initialise;Mer;IMPORTATEUR_ANON_428;NINEA_ANON_244;001-I
2525398;Importation;2021-02-16 15:36:35.300;EnCours;Mer;IMPORTATEUR_ANON_1818;NINEA_ANON_980;001-I
2413327;Importation;2020-06-04 10:53:06.153;EnCours;Mer;IMPORTATEUR_ANON_7464;NINEA_ANON_545;001-I
2523371;Importation;2021-02-11 13:04:21.373;EnCours;Mer;IMPORTATEUR_ANON_8142;NINEA_ANON_453;001-I
2608769;Importation;2021-08-24 12:59:28.580;EnCours;Mer;IMPORTATEUR_ANON_497;NINEA_ANON_543;001-I
2578874;Importation;2021-06-15 08:53:59.083;EnCours;Mer;IMPORTATEUR_ANON_2308;NINEA_ANON_475;001-I
2355241;Importation;2020-01-31 12:32:37.187;Initialise;Mer;IMPORTATEUR_ANON_6751;NINEA_ANON_4;001-I
2472279;Importation;2020-10-19 16:12:49.160;EnCours;Mer;IMPORTATEUR_ANON_4554;NINEA_ANON_545;001-I
2601860;Importation;2021-08-06 10:10:08.890;EnCours;Mer;IMPORTATEUR_ANON_819;NINEA_ANON_349;001-I
2419044;Importation;2020-06-17 09:53:46.320;EnCours;Mer;IMPORTATEUR_ANON_7291;NINEA_ANON_724;001-I
2429192;Importation;2020-07-09 13:24:57.143;EnCours;Mer;IMPORTATEUR_ANON_1827;NINEA_ANON_956;001-I
2592505;Importation;2021-07-13 10:46:16.707;EnCours;Mer;IMPORTATEUR_ANON_9284;NINEA_ANON_956;001-I
2651536;Importation;2021-11-29 12:32:52.643;EnCours;Mer;IMPORTATEUR_ANON_8868;NINEA_ANON_98;001-I
2655231;Importation;2021-12-07 09:28:24.877;EnCours;Mer;IMPORTATEUR_ANON_5864;NINEA_ANON_371;001-I
2445037;Importation;2020-08-17 08:31:18.717;EnCours;Mer;IMPORTATEUR_ANON_9628;NINEA_ANON_405;001-I
2463523;Importation;2020-09-28 12:15:34.837;EnCours;Mer;IMPORTATEUR_ANON_9284;NINEA_ANON_956;001-I
2609068;Importation;2021-08-24 21:54:15.760;EnCours;Mer;IMPORTATEUR_ANON_7035;NINEA_ANON_59;001-I
2359258;Importation;2020-02-10 09:43:19.990;EnCours;Mer;IMPORTATEUR_ANON_2308;NINEA_ANON_475;001-I
2510071;Importation;2021-01-14 14:29:50.627;EnCours;Mer;IMPORTATEUR_ANON_9284;NINEA_ANON_956;001-I
2421106;Importation;2020-06-22 15:17:34.933;EnCours;Mer;IMPORTATEUR_ANON_7880;NINEA_ANON_172;001-I
2597580;Importation;2021-07-28 08:40:33.883;EnCours;Mer;IMPORTATEUR_ANON_1818;NINEA_ANON_980;001-I
2534697;Importation;2021-03-10 14:51:21.430;EnCours;Mer;IMPORTATEUR_ANON_2308;NINEA_ANON_475;001-I
2692766;Importation;2022-02-25 12:02:03.390;Initialise;Mer;IMPORTATEUR_ANON_3016;NINEA_ANON_514;001-I
2426028;Importation;2020-07-02 14:14:23.603;Initialise;Mer;IMPORTATEUR_ANON_4060;NINEA_ANON_533;001-I
2591603;Importation;2021-07-10 10:18:40.480;EnCours;Mer;IMPORTATEUR_ANON_134;NINEA_ANON_630;001-I
2420278;Importation;2020-06-19 11:18:33.773;EnCours;Mer;IMPORTATEUR_ANON_9628;NINEA_ANON_405;001-I
2601205;Importation;2021-08-04 18:40:57.897;EnCours;Mer;IMPORTATEUR_ANON_8599;NINEA_ANON_894;001-I
2428041;Importation;2020-07-07 14:37:18.670;EnCours;Mer;IMPORTATEUR_ANON_2623;NINEA_ANON_939;001-I
2423094;Importation;2020-06-25 16:28:07.050;Initialise;Mer;IMPORTATEUR_ANON_134;NINEA_ANON_630;001-I
2379723;Importation;2020-03-17 11:31:22.873;EnCours;Mer;IMPORTATEUR_ANON_7002;NINEA_ANON_585;001-I
2629366;Importation;2021-10-11 14:45:39.910;EnCours;Mer;IMPORTATEUR_ANON_3863;NINEA_ANON_628;001-I
2412087;Importation;2020-06-02 12:53:07.557;EnCours;Mer;IMPORTATEUR_ANON_3438;NINEA_ANON_590;001-I
2352666;Importation;2020-01-27 16:57:04.247;EnCours;Mer;IMPORTATEUR_ANON_134;NINEA_ANON_630;001-I
2466080;Importation;2020-10-02 16:41:27.797;EnCours;Mer;IMPORTATEUR_ANON_819;NINEA_ANON_349;001-I
2424673;Importation;2020-06-30 11:05:59.437;EnCours;Mer;IMPORTATEUR_ANON_4663;NINEA_ANON_805;001-I
2350756;Importation;2020-01-23 11:13:53.447;EnCours;Mer;IMPORTATEUR_ANON_7749;NINEA_ANON_437;001-I
2487361;Importation;2020-11-20 12:54:18.190;Initialise;Mer;IMPORTATEUR_ANON_5864;NINEA_ANON_371;001-I
2422600;Importation;2020-06-25 09:42:04.893;Initialise;Mer;IMPORTATEUR_ANON_5767;NINEA_ANON_102;001-I
2623727;Importation;2021-09-28 13:50:20.017;EnCours;Mer;IMPORTATEUR_ANON_9284;NINEA_ANON_956;001-I
2686549;Importation;2022-02-16 08:31:32.940;EnCours;Mer;IMPORTATEUR_ANON_134;NINEA_ANON_630;001-I
2653056;Importation;2021-12-01 14:56:29.933;EnCours;Mer;IMPORTATEUR_ANON_9564;NINEA_ANON_214;001-I
2533515;Importation;2021-03-09 10:16:19.150;Initialise;Mer;IMPORTATEUR_ANON_9218;NINEA_ANON_750;001-I
2459841;Importation;2020-09-18 13:52:16.167;EnCours;Mer;IMPORTATEUR_ANON_5484;NINEA_ANON_42;001-I
2513045;Importation;2021-01-20 15:14:49.730;EnCours;Mer;IMPORTATEUR_ANON_2623;NINEA_ANON_939;001-I
2352784;Importation;2020-01-28 09:00:19.063;EnCours;Mer;IMPORTATEUR_ANON_3438;NINEA_ANON_590;
2378572;Importation;2020-03-14 15:48:43.450;EnCours;Mer;IMPORTATEUR_ANON_8011;NINEA_ANON_856;001-I
2361655;Importation;2020-02-12 16:40:34.597;EnCours;Mer;IMPORTATEUR_ANON_9628;NINEA_ANON_405;001-I
2508639;Importation;2021-01-12 12:35:09.650;EnCours;Mer;IMPORTATEUR_ANON_2308;NINEA_ANON_475;001-I
2520754;Importation;2021-02-05 12:00:54.663;Initialise;Mer;IMPORTATEUR_ANON_6522;NINEA_ANON_121;001-I
2419716;Importation;2020-06-18 11:15:18.397;EnCours;Mer;IMPORTATEUR_ANON_9628;NINEA_ANON_405;001-I
2659451;Importation;2021-12-15 12:32:18.117;EnCours;Mer;IMPORTATEUR_ANON_1827;NINEA_ANON_956;001-I
2575089;Importation;2021-06-07 12:58:37.240;Initialise;Mer;IMPORTATEUR_ANON_2770;NINEA_ANON_573;001-I
2612876;Importation;2021-09-02 12:59:02.150;Initialise;Mer;IMPORTATEUR_ANON_1793;NINEA_ANON_732;001-I
2426744;Importation;2020-07-03 16:47:52.903;EnCours;Mer;IMPORTATEUR_ANON_8713;NINEA_ANON_398;001-I
2609556;Importation;2021-08-25 17:14:05.267;EnCours;Mer;IMPORTATEUR_ANON_8011;NINEA_ANON_7;001-I
2588490;Importation;2021-07-05 12:21:16.553;EnCours;Mer;IMPORTATEUR_ANON_134;NINEA_ANON_630;001-I
2649494;Importation;2021-11-24 11:22:45.563;Initialise;Mer;IMPORTATEUR_ANON_3863;NINEA_ANON_55;001-I
2650295;Importation;2021-11-25 15:01:32.200;Initialise;Mer;IMPORTATEUR_ANON_5356;NINEA_ANON_352;001-I
2483914;Importation;2020-11-12 15:22:13.520;EnCours;Mer;IMPORTATEUR_ANON_3232;NINEA_ANON_89;001-I
2498693;Importation;2020-12-16 09:57:37.580;EnCours;Mer;IMPORTATEUR_ANON_3108;NINEA_ANON_121;001-I
2497286;Importation;2020-12-14 09:30:56.500;EnCours;Mer;IMPORTATEUR_ANON_2506;NINEA_ANON_212;
2409591;Importation;2020-05-26 12:01:52.360;EnCours;Mer;IMPORTATEUR_ANON_7464;NINEA_ANON_545;001-I
2377387;Importation;2020-03-12 10:43:54.800;EnCours;Mer;IMPORTATEUR_ANON_8713;NINEA_ANON_398;001-I
2654091;Importation;2021-12-03 12:06:35.693;Initialise;Mer;IMPORTATEUR_ANON_6655;NINEA_ANON_313;001-I
2409251;Importation;2020-05-26 08:05:40.617;EnCours;Mer;IMPORTATEUR_ANON_7166;NINEA_ANON_390;001-I
2407070;Importation;2020-05-18 10:08:58.650;EnCours;Mer;IMPORTATEUR_ANON_134;NINEA_ANON_630;001-I
2541038;Importation;2021-03-23 11:11:40.403;EnCours;Mer;IMPORTATEUR_ANON_2308;NINEA_ANON_475;001-I
2425842;Importation;2020-07-02 11:11:55.807;EnCours;Mer;IMPORTATEUR_ANON_1096;NINEA_ANON_301;001-I
2402728;Importation;2020-05-06 16:33:31.743;Initialise;Mer;IMPORTATEUR_ANON_6823;NINEA_ANON_755;001-I
2487535;Importation;2020-11-20 16:45:28.653;EnCours;Mer;IMPORTATEUR_ANON_6705;NINEA_ANON_314;001-I
2471082;Importation;2020-10-15 16:11:30.053;EnCours;Mer;IMPORTATEUR_ANON_9284;NINEA_ANON_956;001-I
2638629;Importation;2021-11-02 11:58:29.530;EnCours;Mer;IMPORTATEUR_ANON_9628;NINEA_ANON_405;001-I
2673111;Importation;2022-01-18 11:30:05.320;Initialise;Mer;IMPORTATEUR_ANON_986;NINEA_ANON_55;001-I
2595768;Importation;2021-07-22 23:09:34.440;EnCours;Mer;IMPORTATEUR_ANON_9284;NINEA_ANON_956;001-I
2417421;Importation;2020-06-12 15:57:43.960;Initialise;Mer;IMPORTATEUR_ANON_8958;NINEA_ANON_25;001-I
2389721;Importation;2020-04-09 08:46:29.027;EnCours;Mer;IMPORTATEUR_ANON_3660;NINEA_ANON_166;001-I
2568162;Importation;2021-05-21 13:24:26.103;EnCours;Mer;IMPORTATEUR_ANON_5409;NINEA_ANON_85;
2525931;Importation;2021-02-17 13:42:00.820;EnCours;Mer;IMPORTATEUR_ANON_8273;NINEA_ANON_767;001-I
2424741;Importation;2020-06-30 12:00:13.307;EnCours;Mer;IMPORTATEUR_ANON_482;NINEA_ANON_871;001-I
2597266;Importation;2021-07-27 13:03:35.250;EnCours;Mer;IMPORTATEUR_ANON_9284;NINEA_ANON_956;001-I
2531195;Importation;2021-03-01 15:50:16.790;EnCours;Mer;IMPORTATEUR_ANON_1409;NINEA_ANON_198;001-I
2534335;Importation;2021-03-10 10:37:13.020;EnCours;Mer;IMPORTATEUR_ANON_6113;NINEA_ANON_453;001-I
2414361;Importation;2020-06-06 18:50:42.767;EnCours;Mer;IMPORTATEUR_ANON_688;NINEA_ANON_569;001-I
2542491;Importation;2021-03-25 13:54:29.710;EnCours;Mer;IMPORTATEUR_ANON_3372;NINEA_ANON_426;001-I
2422559;Importation;2020-06-25 08:43:38.143;EnCours;Mer;IMPORTATEUR_ANON_1137;NINEA_ANON_477;001-I
2501118;Importation;2020-12-22 08:40:32.053;EnCours;Mer;IMPORTATEUR_ANON_134;NINEA_ANON_756;
2508613;Importation;2021-01-12 12:14:04.927;EnCours;Mer;IMPORTATEUR_ANON_9284;NINEA_ANON_956;001-I
2444138;Importation;2020-08-13 12:29:19.327;EnCours;Mer;IMPORTATEUR_ANON_3108;NINEA_ANON_121;001-I
2440454;Importation;2020-08-07 09:43:04.623;Initialise;Mer;IMPORTATEUR_ANON_819;NINEA_ANON_349;001-I
2465517;Importation;2020-10-01 15:33:55.440;EnCours;Mer;IMPORTATEUR_ANON_638;NINEA_ANON_384;001-I
2340545;Importation;2020-01-04 12:57:36.243;EnCours;Mer;IMPORTATEUR_ANON_5760;NINEA_ANON_572;001-I
2570144;Importation;2021-05-27 09:35:21.250;EnCours;Mer;IMPORTATEUR_ANON_2506;NINEA_ANON_212;
2373440;Importation;2020-03-05 10:24:08.590;EnCours;Mer;IMPORTATEUR_ANON_9284;NINEA_ANON_956;001-I
2480181;Importation;2020-11-06 10:35:52.487;EnCours;Mer;IMPORTATEUR_ANON_8774;NINEA_ANON_724;001-I
2612324;Importation;2021-09-01 13:18:09.983;EnCours;Mer;IMPORTATEUR_ANON_1847;NINEA_ANON_175;001-I
2370808;Importation;2020-02-29 16:11:54.477;EnCours;Mer;IMPORTATEUR_ANON_134;NINEA_ANON_630;001-I
2634556;Importation;2021-10-22 13:27:52.463;EnCours;Mer;IMPORTATEUR_ANON_3660;NINEA_ANON_647;001-I
2526094;Importation;2021-02-17 16:11:32.597;EnCours;Mer;IMPORTATEUR_ANON_3438;NINEA_ANON_590;
2596149;Importation;2021-07-24 13:50:21.560;EnCours;Mer;IMPORTATEUR_ANON_134;NINEA_ANON_630;001-I
2439645;Importation;2020-08-05 14:55:14.487;EnCours;Mer;IMPORTATEUR_ANON_7778;NINEA_ANON_618;001-I
2366973;Importation;2020-02-24 09:30:04.700;EnCours;Mer;IMPORTATEUR_ANON_134;NINEA_ANON_630;001-I
2509392;Importation;2021-01-13 14:34:02.263;EnCours;Mer;IMPORTATEUR_ANON_8060;NINEA_ANON_730;
2667875;Importation;2022-01-05 10:52:01.327;EnCours;Mer;IMPORTATEUR_ANON_9564;NINEA_ANON_214;001-I
2690280;Importation;2022-02-22 10:19:40.697;EnCours;Mer;IMPORTATEUR_ANON_7464;NINEA_ANON_545;001-I
2615608;Importation;2021-09-08 16:25:10.577;EnCours;Mer;IMPORTATEUR_ANON_2308;NINEA_ANON_475;001-I
2531013;Importation;2021-03-01 12:52:26.583;EnCours;Mer;IMPORTATEUR_ANON_7464;NINEA_ANON_545;001-I
2690497;Importation;2022-02-22 12:15:57.587;EnCours;Mer;IMPORTATEUR_ANON_1818;NINEA_ANON_980;001-I
2614292;Importation;2021-09-06 15:26:02.447;EnCours;Mer;IMPORTATEUR_ANON_2308;NINEA_ANON_475;001-I
2514636;Importation;2021-01-25 10:25:18.650;EnCours;Mer;IMPORTATEUR_ANON_7259;NINEA_ANON_949;
2563400;Importation;2021-05-10 14:46:11.273;EnCours;Mer;IMPORTATEUR_ANON_863;NINEA_ANON_724;001-I
2650861;Importation;2021-11-26 13:46:08.233;EnCours;Mer;IMPORTATEUR_ANON_134;NINEA_ANON_630;001-I
2478952;Importation;2020-11-04 11:17:14.293;EnCours;Mer;IMPORTATEUR_ANON_7464;NINEA_ANON_545;001-I
2604669;Importation;2021-08-12 15:52:41.163;EnCours;Mer;IMPORTATEUR_ANON_482;NINEA_ANON_467;001-I
2638487;Importation;2021-11-02 10:51:11.887;Initialise;Mer;IMPORTATEUR_ANON_6270;NINEA_ANON_903;001-I
2438661;Importation;2020-08-03 16:56:09.390;EnCours;Mer;IMPORTATEUR_ANON_134;NINEA_ANON_630;001-I
2593510;Importation;2021-07-14 17:35:45.303;EnCours;Mer;IMPORTATEUR_ANON_9284;NINEA_ANON_956;001-I
2346569;Importation;2020-01-15 16:23:54.483;EnCours;Mer;IMPORTATEUR_ANON_6319;NINEA_ANON_350;001-I
2661879;Importation;2021-12-21 09:34:17.210;EnCours;Mer;IMPORTATEUR_ANON_134;NINEA_ANON_630;001-I
2504603;Importation;2020-12-31 11:46:41.843;EnCours;Mer;IMPORTATEUR_ANON_134;NINEA_ANON_756;
2622802;Importation;2021-09-24 10:39:08.483;EnCours;Mer;IMPORTATEUR_ANON_5864;NINEA_ANON_371;001-I
2453463;Importation;2020-09-04 11:03:22.350;EnCours;Mer;IMPORTATEUR_ANON_9354;NINEA_ANON_779;001-I
2406041;Importation;2020-05-14 11:35:26.870;EnCours;Mer;IMPORTATEUR_ANON_9537;NINEA_ANON_790;001-I
2522982;Importation;2021-02-10 15:58:07.587;EnCours;Mer;IMPORTATEUR_ANON_9284;NINEA_ANON_956;001-I
2599870;Importation;2021-08-02 15:07:30.823;EnCours;Mer;IMPORTATEUR_ANON_134;NINEA_ANON_630;001-I
2343414;Importation;2020-01-09 16:53:51.350;EnCours;Mer;IMPORTATEUR_ANON_1396;NINEA_ANON_535;001-I
2689219;Importation;2022-02-21 08:41:48.283;Initialise;Mer;IMPORTATEUR_ANON_134;NINEA_ANON_630;001-I
2562636;Importation;2021-05-07 15:44:56.030;EnCours;Mer;IMPORTATEUR_ANON_4407;NINEA_ANON_117;001-I
2530502;Importation;2021-02-26 15:44:58.010;EnCours;Mer;IMPORTATEUR_ANON_4426;NINEA_ANON_93;001-I
2510318;Importation;2021-01-15 09:23:33.580;EnCours;Mer;IMPORTATEUR_ANON_2506;NINEA_ANON_212;
2543667;Importation;2021-03-29 11:29:38.840;EnCours;Mer;IMPORTATEUR_ANON_1914;NINEA_ANON_93;001-I
2348550;Importation;2020-01-20 12:53:30.430;EnCours;Mer;IMPORTATEUR_ANON_846;NINEA_ANON_625;001-I
2452876;Importation;2020-09-03 11:21:47.430;EnCours;Mer;IMPORTATEUR_ANON_6681;NINEA_ANON_809;001-I
2627556;Importation;2021-10-06 14:58:18.720;EnCours;Mer;IMPORTATEUR_ANON_2938;NINEA_ANON_906;001-I
2489706;Importation;2020-11-26 08:33:47.353;EnCours;Mer;IMPORTATEUR_ANON_2623;NINEA_ANON_939;001-I
2576558;Importation;2021-06-09 14:26:43.167;EnCours;Mer;IMPORTATEUR_ANON_5910;NINEA_ANON_413;001-I
2619519;Importation;2021-09-16 17:06:49.343;EnCours;Mer;IMPORTATEUR_ANON_7846;NINEA_ANON_442;001-I
2360702;Importation;2020-02-11 15:13:45.953;EnCours;Mer;IMPORTATEUR_ANON_7850;NINEA_ANON_231;001-I
2538634;Importation;2021-03-18 09:31:30.423;EnCours;Mer;IMPORTATEUR_ANON_1290;NINEA_ANON_956;001-I
2658935;Importation;2021-12-14 14:57:45.300;EnCours;Mer;IMPORTATEUR_ANON_4663;NINEA_ANON_805;001-I
2501920;Importation;2020-12-23 11:21:10.880;EnCours;Mer;IMPORTATEUR_ANON_3896;NINEA_ANON_710;001-I
2502366;Importation;2020-12-24 09:33:56.123;EnCours;Mer;IMPORTATEUR_ANON_7464;NINEA_ANON_545;001-I
2514387;Importation;2021-01-22 16:08:03.190;EnCours;Mer;IMPORTATEUR_ANON_3438;NINEA_ANON_590;
2392219;Importation;2020-04-15 14:22:23.127;Initialise;Mer;IMPORTATEUR_ANON_8250;NINEA_ANON_121;001-I
2631291;Importation;2021-10-14 15:46:42.047;Initialise;Mer;IMPORTATEUR_ANON_2027;NINEA_ANON_894;001-I
2376949;Importation;2020-03-11 15:24:50.327;EnCours;Mer;IMPORTATEUR_ANON_9284;NINEA_ANON_956;001-I
2415120;Exportation;2020-06-09 08:37:37.143;EnCours;Mer;IMPORTATEUR_ANON_8941;NINEA_ANON_777;001-E
2618826;Importation;2021-09-15 15:46:32.283;EnCours;Mer;IMPORTATEUR_ANON_7464;NINEA_ANON_545;001-I
2419352;Réexportation;2020-06-17 14:48:54.663;Initialise;Mer;IMPORTATEUR_ANON_8488;NINEA_ANON_578;001-E
2630638;Importation;2021-10-13 14:41:38.470;EnCours;Mer;IMPORTATEUR_ANON_5864;NINEA_ANON_371;001-I
2458775;Importation;2020-09-16 15:13:20.913;EnCours;Mer;IMPORTATEUR_ANON_2308;NINEA_ANON_475;001-I
2497704;Importation;2020-12-14 15:02:01.283;EnCours;Mer;IMPORTATEUR_ANON_1088;NINEA_ANON_280;001-I
2516469;Importation;2021-01-27 14:25:55.830;EnCours;Mer;IMPORTATEUR_ANON_7279;NINEA_ANON_32;001-I
2490427;Importation;2020-11-27 10:28:47.553;EnCours;Mer;IMPORTATEUR_ANON_3438;NINEA_ANON_590;
2445506;Importation;2020-08-17 16:02:51.130;EnCours;Mer;IMPORTATEUR_ANON_9284;NINEA_ANON_956;001-I
2383693;Importation;2020-03-25 10:22:45.957;Initialise;Mer;IMPORTATEUR_ANON_9218;NINEA_ANON_750;001-I
2595072;Importation;2021-07-19 13:08:25.030;EnCours;Mer;IMPORTATEUR_ANON_6681;NINEA_ANON_809;001-I
2598257;Importation;2021-07-29 10:22:24.680;EnCours;Mer;IMPORTATEUR_ANON_1793;NINEA_ANON_614;001-I
2629689;Importation;2021-10-12 10:20:34.470;EnCours;Mer;IMPORTATEUR_ANON_134;NINEA_ANON_630;001-I
2562584;Importation;2021-05-07 14:41:42.563;EnCours;Mer;IMPORTATEUR_ANON_9284;NINEA_ANON_956;001-I
2665724;Importation;2021-12-29 15:53:36.400;EnCours;Mer;IMPORTATEUR_ANON_4478;NINEA_ANON_705;001-I
2564256;Importation;2021-05-12 09:02:09.860;EnCours;Mer;IMPORTATEUR_ANON_1818;NINEA_ANON_980;001-I
2538616;Importation;2021-03-18 09:21:24.580;EnCours;Mer;IMPORTATEUR_ANON_9284;NINEA_ANON_956;001-I
2341644;Importation;2020-01-07 12:04:16.973;EnCours;Mer;IMPORTATEUR_ANON_9284;NINEA_ANON_956;001-I
2596126;Importation;2021-07-24 10:12:33.103;EnCours;Mer;IMPORTATEUR_ANON_134;NINEA_ANON_630;001-I
2339941;Importation;2020-01-03 08:50:52.067;EnCours;Mer;IMPORTATEUR_ANON_4426;NINEA_ANON_93;001-I
2418216;Importation;2020-06-15 16:26:49.387;EnCours;Mer;IMPORTATEUR_ANON_5864;NINEA_ANON_371;001-I
2457163;Importation;2020-09-14 10:15:31.003;EnCours;Mer;IMPORTATEUR_ANON_134;NINEA_ANON_630;001-I
2341931;Importation;2020-01-07 15:58:58.870;EnCours;Mer;IMPORTATEUR_ANON_3438;NINEA_ANON_590;
2369212;Importation;2020-02-26 16:57:30.900;EnCours;Mer;IMPORTATEUR_ANON_7464;NINEA_ANON_545;001-I
2499289;Importation;2020-12-17 10:26:03.110;EnCours;Mer;IMPORTATEUR_ANON_9218;NINEA_ANON_750;
2379143;Importation;2020-03-16 14:55:36.630;EnCours;Mer;IMPORTATEUR_ANON_1914;NINEA_ANON_93;001-I
2384380;Importation;2020-03-26 11:42:04.980;EnCours;Mer;IMPORTATEUR_ANON_2442;NINEA_ANON_145;001-I
2648936;Importation;2021-11-23 12:08:04.600;EnCours;Mer;IMPORTATEUR_ANON_6647;NINEA_ANON_337;001-I
2507683;Importation;2021-01-11 10:35:41.010;EnCours;Mer;IMPORTATEUR_ANON_3438;NINEA_ANON_590;
2491591;Importation;2020-11-30 16:18:30.050;EnCours;Mer;IMPORTATEUR_ANON_5864;NINEA_ANON_371;001-I
2614130;Importation;2021-09-06 12:14:57.143;EnCours;Mer;IMPORTATEUR_ANON_3863;NINEA_ANON_628;001-I
2501881;Importation;2020-12-23 10:53:25.527;EnCours;Mer;IMPORTATEUR_ANON_2247;NINEA_ANON_593;001-I
2647822;Importation;2021-11-20 11:00:22.997;EnCours;Mer;IMPORTATEUR_ANON_134;NINEA_ANON_630;001-I
2370396;Importation;2020-02-28 12:13:58.943;EnCours;Mer;IMPORTATEUR_ANON_102;NINEA_ANON_601;001-I
2518077;Importation;2021-02-01 09:55:46.420;Initialise;Mer;IMPORTATEUR_ANON_3863;NINEA_ANON_628;001-I
2468648;Importation;2020-10-12 11:06:58.053;EnCours;Mer;IMPORTATEUR_ANON_2130;NINEA_ANON_473;001-I
2515103;Importation;2021-01-25 13:54:11.603;EnCours;Mer;IMPORTATEUR_ANON_3144;NINEA_ANON_548;001-I
2498590;Importation;2020-12-16 07:56:38.430;EnCours;Mer;IMPORTATEUR_ANON_3863;NINEA_ANON_628;001-I
2372832;Importation;2020-03-04 12:01:11.630;Initialise;Mer;IMPORTATEUR_ANON_6067;NINEA_ANON_676;001-I
2431446;Importation;2020-07-15 10:24:15.643;EnCours;Mer;IMPORTATEUR_ANON_638;NINEA_ANON_384;001-I
2497825;Importation;2020-12-14 16:40:23.760;Initialise;Mer;IMPORTATEUR_ANON_8958;NINEA_ANON_25;001-I
2658921;Importation;2021-12-14 14:28:40.163;EnCours;Mer;IMPORTATEUR_ANON_2308;NINEA_ANON_475;001-I
2628959;Importation;2021-10-11 09:58:59.110;EnCours;Mer;IMPORTATEUR_ANON_6289;NINEA_ANON_956;001-I
2462262;Importation;2020-09-24 13:34:15.620;EnCours;Mer;IMPORTATEUR_ANON_134;NINEA_ANON_630;001-I
2653526;Importation;2021-12-02 12:01:11.303;EnCours;Mer;IMPORTATEUR_ANON_7464;NINEA_ANON_545;001-I
2363435;Importation;2020-02-17 11:45:55.063;EnCours;Mer;IMPORTATEUR_ANON_1497;NINEA_ANON_889;001-I
2482860;Importation;2020-11-10 17:24:57.977;Initialise;Mer;IMPORTATEUR_ANON_3768;NINEA_ANON_664;001-I
2542900;Importation;2021-03-26 11:10:07.810;EnCours;Mer;IMPORTATEUR_ANON_134;NINEA_ANON_630;
2342763;Importation;2020-01-08 18:12:28.550;EnCours;Mer;IMPORTATEUR_ANON_134;NINEA_ANON_630;001-I
2533066;Importation;2021-03-05 09:51:50.900;EnCours;Mer;IMPORTATEUR_ANON_5804;NINEA_ANON_779;001-I
2340422;Importation;2020-01-03 16:04:24.050;EnCours;Mer;IMPORTATEUR_ANON_6179;NINEA_ANON_319;001-I
2599962;Importation;2021-08-02 16:22:13.110;EnCours;Mer;IMPORTATEUR_ANON_3951;NINEA_ANON_125;001-I
2478578;Importation;2020-11-03 15:01:07.433;EnCours;Mer;IMPORTATEUR_ANON_5804;NINEA_ANON_779;001-I
2447418;Importation;2020-08-20 18:34:16.530;EnCours;Mer;IMPORTATEUR_ANON_6857;NINEA_ANON_43;001-I
2644105;Importation;2021-11-14 12:52:56.957;EnCours;Mer;IMPORTATEUR_ANON_819;NINEA_ANON_349;001-I
2360493;Importation;2020-02-11 12:20:56.097;EnCours;Mer;IMPORTATEUR_ANON_5963;NINEA_ANON_362;001-I
2479273;Importation;2020-11-04 16:16:44.390;EnCours;Mer;IMPORTATEUR_ANON_4428;NINEA_ANON_802;001-I
2616811;Importation;2021-09-10 14:36:41.800;EnCours;Mer;IMPORTATEUR_ANON_9284;NINEA_ANON_956;001-I
2510733;Importation;2021-01-15 15:43:53.990;EnCours;Mer;IMPORTATEUR_ANON_2303;NINEA_ANON_355;
2350152;Importation;2020-01-22 12:13:42.720;EnCours;Mer;IMPORTATEUR_ANON_9354;NINEA_ANON_779;001-I
2406669;Importation;2020-05-15 12:34:13.690;EnCours;Mer;IMPORTATEUR_ANON_9284;NINEA_ANON_956;001-I
2429052;Importation;2020-07-09 11:35:40.803;EnCours;Mer;IMPORTATEUR_ANON_9415;NINEA_ANON_201;001-I
2396267;Importation;2020-04-24 11:47:42.750;EnCours;Mer;IMPORTATEUR_ANON_6647;NINEA_ANON_774;001-I
2630814;Importation;2021-10-13 17:07:39.480;EnCours;Mer;IMPORTATEUR_ANON_6705;NINEA_ANON_239;001-I
2542528;Importation;2021-03-25 14:34:36.803;EnCours;Mer;IMPORTATEUR_ANON_2308;NINEA_ANON_475;001-I
2629075;Réexportation;2021-10-11 11:22:50.380;Initialise;Mer;IMPORTATEUR_ANON_12;NINEA_ANON_116;001-E
2547994;Importation;2021-04-07 16:39:12.817;EnCours;Mer;IMPORTATEUR_ANON_6705;NINEA_ANON_314;001-I
2426812;Importation;2020-07-04 11:36:56.713;EnCours;Mer;IMPORTATEUR_ANON_134;NINEA_ANON_630;001-I
2580558;Importation;2021-06-17 14:24:55.593;EnCours;Mer;IMPORTATEUR_ANON_7166;NINEA_ANON_997;001-I
2535327;Importation;2021-03-11 12:38:19.457;EnCours;Mer;IMPORTATEUR_ANON_3863;NINEA_ANON_628;001-I
2510094;Importation;2021-01-14 14:51:57.683;EnCours;Mer;IMPORTATEUR_ANON_5733;NINEA_ANON_145;001-I
2576534;Importation;2021-06-09 13:54:55.050;EnCours;Mer;IMPORTATEUR_ANON_17;NINEA_ANON_782;001-I
2513901;Importation;2021-01-22 09:15:20.180;EnCours;Mer;IMPORTATEUR_ANON_9284;NINEA_ANON_956;001-I
2530512;Importation;2021-02-26 15:54:25.947;EnCours;Mer;IMPORTATEUR_ANON_9008;NINEA_ANON_224;001-I
2428150;Importation;2020-07-07 16:02:59.967;EnCours;Mer;IMPORTATEUR_ANON_219;NINEA_ANON_880;001-I
2462402;Importation;2020-09-24 16:20:33.273;EnCours;Mer;IMPORTATEUR_ANON_134;NINEA_ANON_630;001-I
2452167;Importation;2020-09-02 09:18:01.503;EnCours;Mer;IMPORTATEUR_ANON_3438;NINEA_ANON_590;001-I
2383320;Importation;2020-03-24 14:36:10.880;EnCours;Mer;IMPORTATEUR_ANON_9284;NINEA_ANON_956;001-I
2616440;Importation;2021-09-09 20:42:51.650;EnCours;Mer;IMPORTATEUR_ANON_9284;NINEA_ANON_956;001-I
2397635;Importation;2020-04-28 13:16:59.783;EnCours;Mer;IMPORTATEUR_ANON_134;NINEA_ANON_630;001-I
2678733;Importation;2022-01-31 13:25:04.853;EnCours;Mer;IMPORTATEUR_ANON_9628;NINEA_ANON_405;001-I
2601375;Importation;2021-08-05 10:52:22.413;EnCours;Mer;IMPORTATEUR_ANON_3863;NINEA_ANON_628;001-I
2491616;Importation;2020-11-30 16:34:20.820;EnCours;Mer;IMPORTATEUR_ANON_5864;NINEA_ANON_371;001-I
2529708;Importation;2021-02-25 12:14:06.393;EnCours;Mer;IMPORTATEUR_ANON_1308;NINEA_ANON_693;
2659055;Importation;2021-12-14 16:24:18.793;EnCours;Mer;IMPORTATEUR_ANON_2002;NINEA_ANON_746;001-I
2536192;Importation;2021-03-12 16:58:13.407;EnCours;Mer;IMPORTATEUR_ANON_5864;NINEA_ANON_371;001-I
2365613;Importation;2020-02-20 10:04:29.213;EnCours;Mer;IMPORTATEUR_ANON_1818;NINEA_ANON_980;001-I
2409068;Importation;2020-05-22 15:09:47.050;EnCours;Mer;IMPORTATEUR_ANON_2303;NINEA_ANON_96;001-I
2554169;Importation;2021-04-20 15:34:49.920;EnCours;Mer;IMPORTATEUR_ANON_4344;NINEA_ANON_927;001-I
2428325;Importation;2020-07-08 09:50:26.560;EnCours;Mer;IMPORTATEUR_ANON_9284;NINEA_ANON_956;001-I
2526828;Importation;2021-02-19 08:17:36.180;EnCours;Mer;IMPORTATEUR_ANON_3726;NINEA_ANON_343;001-I
2617077;Importation;2021-09-13 09:10:58.383;EnCours;Mer;IMPORTATEUR_ANON_2308;NINEA_ANON_475;001-I
2506011;Importation;2021-01-06 10:05:10.330;EnCours;Mer;IMPORTATEUR_ANON_7464;NINEA_ANON_545;001-I
2689081;Importation;2022-02-18 17:05:42.177;EnCours;Mer;IMPORTATEUR_ANON_7464;NINEA_ANON_545;001-I
2498784;Importation;2020-12-16 10:58:27.513;EnCours;Mer;IMPORTATEUR_ANON_9284;NINEA_ANON_956;001-I
2603306;Importation;2021-08-10 11:54:40.813;EnCours;Mer;IMPORTATEUR_ANON_3951;NINEA_ANON_125;001-I
2640663;Importation;2021-11-05 15:40:49.030;EnCours;Mer;IMPORTATEUR_ANON_4663;NINEA_ANON_805;001-I
2461773;Importation;2020-09-23 14:39:29.077;EnCours;Mer;IMPORTATEUR_ANON_5484;NINEA_ANON_42;001-I
2483948;Importation;2020-11-12 15:52:54.463;Initialise;Mer;IMPORTATEUR_ANON_1123;NINEA_ANON_98;001-I
2504429;Importation;2020-12-31 08:52:46.423;EnCours;Mer;IMPORTATEUR_ANON_134;NINEA_ANON_756;
2512289;Importation;2021-01-19 13:17:01.950;EnCours;Mer;IMPORTATEUR_ANON_134;NINEA_ANON_756;
2554757;Importation;2021-04-21 14:13:33.830;EnCours;Mer;IMPORTATEUR_ANON_9564;NINEA_ANON_214;001-I
2402869;Importation;2020-05-07 09:51:08.627;EnCours;Mer;IMPORTATEUR_ANON_7464;NINEA_ANON_545;001-I
2505488;Importation;2021-01-05 10:09:53.697;EnCours;Mer;IMPORTATEUR_ANON_2308;NINEA_ANON_475;001-I
2456167;Importation;2020-09-10 12:14:52.930;EnCours;Mer;IMPORTATEUR_ANON_134;NINEA_ANON_630;001-I
2584983;Importation;2021-06-28 11:27:21.970;EnCours;Mer;IMPORTATEUR_ANON_9628;NINEA_ANON_405;001-I
2641337;Importation;2021-11-08 13:09:52.000;EnCours;Mer;IMPORTATEUR_ANON_7729;NINEA_ANON_910;001-I
2398112;Importation;2020-04-29 12:12:11.200;EnCours;Mer;IMPORTATEUR_ANON_2743;NINEA_ANON_722;001-I
2659292;Importation;2021-12-15 10:11:09.180;EnCours;Mer;IMPORTATEUR_ANON_1133;NINEA_ANON_122;001-I
2590520;Importation;2021-07-08 11:29:02.857;EnCours;Mer;IMPORTATEUR_ANON_4713;NINEA_ANON_995;
2349321;Importation;2020-01-21 11:52:12.243;EnCours;Mer;IMPORTATEUR_ANON_5369;NINEA_ANON_415;001-I
2456858;Importation;2020-09-11 14:58:21.620;EnCours;Mer;IMPORTATEUR_ANON_986;NINEA_ANON_55;001-I
2392220;Importation;2020-04-15 14:22:24.313;Initialise;Mer;IMPORTATEUR_ANON_8250;NINEA_ANON_121;001-I
2644564;Importation;2021-11-15 13:00:00.277;Initialise;Mer;IMPORTATEUR_ANON_428;NINEA_ANON_244;001-I
2683678;Importation;2022-02-10 12:52:05.610;EnCours;Mer;IMPORTATEUR_ANON_134;NINEA_ANON_630;001-I
2363405;Importation;2020-02-17 11:34:19.717;EnCours;Mer;IMPORTATEUR_ANON_2308;NINEA_ANON_475;001-I
2545229;Importation;2021-03-31 15:39:59.103;Initialise;Mer;IMPORTATEUR_ANON_5297;NINEA_ANON_804;001-I
2418052;Importation;2020-06-15 14:06:25.250;EnCours;Mer;IMPORTATEUR_ANON_3863;NINEA_ANON_628;001-I
2684139;Importation;2022-02-11 10:00:42.470;EnCours;Mer;IMPORTATEUR_ANON_9628;NINEA_ANON_405;001-I
2475629;Importation;2020-10-27 10:04:34.650;EnCours;Mer;IMPORTATEUR_ANON_5760;NINEA_ANON_572;001-I
2378907;Importation;2020-03-16 12:03:51.140;EnCours;Mer;IMPORTATEUR_ANON_2506;NINEA_ANON_212;001-I
2449174;Importation;2020-08-25 16:59:52.867;EnCours;Mer;IMPORTATEUR_ANON_2104;NINEA_ANON_622;001-I
2534257;Importation;2021-03-10 09:37:11.847;EnCours;Mer;IMPORTATEUR_ANON_6319;NINEA_ANON_361;001-I
2456697;Importation;2020-09-11 11:39:50.530;EnCours;Mer;IMPORTATEUR_ANON_7262;NINEA_ANON_4;001-I
2461437;Importation;2020-09-23 09:41:43.590;Initialise;Mer;IMPORTATEUR_ANON_9300;NINEA_ANON_344;001-I
2393615;Importation;2020-04-20 09:06:52.733;EnCours;Mer;IMPORTATEUR_ANON_7944;NINEA_ANON_969;001-I
2556579;Importation;2021-04-26 12:18:47.633;EnCours;Mer;IMPORTATEUR_ANON_4232;NINEA_ANON_798;001-I
2542062;Importation;2021-03-24 16:48:01.080;EnCours;Mer;IMPORTATEUR_ANON_7464;NINEA_ANON_545;001-I
2395276;Importation;2020-04-22 14:15:06.553;EnCours;Mer;IMPORTATEUR_ANON_9628;NINEA_ANON_405;001-I
2519503;Importation;2021-02-03 10:32:51.700;EnCours;Mer;IMPORTATEUR_ANON_846;NINEA_ANON_625;001-I
2398938;Importation;2020-04-30 17:13:44.763;EnCours;Mer;IMPORTATEUR_ANON_4670;NINEA_ANON_914;001-I
2649715;Importation;2021-11-24 14:26:19.953;EnCours;Mer;IMPORTATEUR_ANON_134;NINEA_ANON_630;001-I
2376586;Importation;2020-03-11 11:00:52.123;Initialise;Mer;IMPORTATEUR_ANON_134;NINEA_ANON_630;001-I
2514882;Importation;2021-01-25 12:07:01.150;EnCours;Mer;IMPORTATEUR_ANON_1818;NINEA_ANON_980;001-I
2482305;Importation;2020-11-10 08:32:57.657;EnCours;Mer;IMPORTATEUR_ANON_134;NINEA_ANON_630;001-I
2454520;Importation;2020-09-08 09:19:58.820;EnCours;Mer;IMPORTATEUR_ANON_2308;NINEA_ANON_475;001-I
2512266;Importation;2021-01-19 12:57:17.987;EnCours;Mer;IMPORTATEUR_ANON_3863;NINEA_ANON_628;001-I
2621993;Importation;2021-09-22 16:12:49.013;EnCours;Mer;IMPORTATEUR_ANON_2308;NINEA_ANON_475;001-I
2625111;Importation;2021-09-30 15:39:51.097;EnCours;Mer;IMPORTATEUR_ANON_2308;NINEA_ANON_475;001-I
2508840;Importation;2021-01-12 15:45:16.433;EnCours;Mer;IMPORTATEUR_ANON_1394;NINEA_ANON_547;001-I
2388015;Importation;2020-04-03 12:25:23.320;EnCours;Mer;IMPORTATEUR_ANON_6131;NINEA_ANON_724;001-I
2419706;Importation;2020-06-18 11:02:52.410;EnCours;Mer;IMPORTATEUR_ANON_5978;NINEA_ANON_615;001-I
2469882;Importation;2020-10-13 17:09:13.047;EnCours;Mer;IMPORTATEUR_ANON_9750;NINEA_ANON_628;001-I
2462327;Importation;2020-09-24 15:14:01.357;EnCours;Mer;IMPORTATEUR_ANON_1124;NINEA_ANON_111;001-I
2637800;Importation;2021-10-29 11:55:02.693;EnCours;Mer;IMPORTATEUR_ANON_482;NINEA_ANON_467;001-I
2662476;Importation;2021-12-22 08:44:28.373;EnCours;Mer;IMPORTATEUR_ANON_5864;NINEA_ANON_371;001-I
2638213;Importation;2021-10-30 12:49:16.180;EnCours;Mer;IMPORTATEUR_ANON_134;NINEA_ANON_630;001-I
2585744;Importation;2021-06-29 11:17:36.030;EnCours;Mer;IMPORTATEUR_ANON_5864;NINEA_ANON_371;001-I
2542708;Importation;2021-03-25 17:30:41.913;EnCours;Mer;IMPORTATEUR_ANON_7038;NINEA_ANON_900;001-I
2478706;Importation;2020-11-03 16:29:44.323;EnCours;Mer;IMPORTATEUR_ANON_134;NINEA_ANON_630;001-I
2544916;Importation;2021-03-31 10:59:52.150;EnCours;Mer;IMPORTATEUR_ANON_1088;NINEA_ANON_280;001-I
2375645;Importation;2020-03-10 10:14:56.530;EnCours;Mer;IMPORTATEUR_ANON_3438;NINEA_ANON_590;001-I
2613076;Importation;2021-09-02 16:16:22.590;EnCours;Mer;IMPORTATEUR_ANON_1914;NINEA_ANON_156;001-I
2545528;Importation;2021-04-01 10:27:09.477;EnCours;Mer;IMPORTATEUR_ANON_4478;NINEA_ANON_490;
2575583;Importation;2021-06-08 10:45:54.377;EnCours;Mer;IMPORTATEUR_ANON_9628;NINEA_ANON_405;001-I
2386785;Importation;2020-04-01 12:39:30.197;EnCours;Mer;IMPORTATEUR_ANON_4060;NINEA_ANON_533;001-I
2387839;Importation;2020-04-03 10:20:06.060;EnCours;Mer;IMPORTATEUR_ANON_4820;NINEA_ANON_681;001-I
2628414;Importation;2021-10-08 11:13:08.073;EnCours;Mer;IMPORTATEUR_ANON_1426;NINEA_ANON_616;001-I
2566907;Importation;2021-05-19 13:37:58.700;EnCours;Mer;IMPORTATEUR_ANON_134;NINEA_ANON_630;001-I
2682623;Importation;2022-02-09 11:18:06.877;Initialise;Mer;IMPORTATEUR_ANON_3726;NINEA_ANON_343;001-I
2553578;Importation;2021-04-19 18:09:53.003;EnCours;Mer;IMPORTATEUR_ANON_8011;NINEA_ANON_856;001-I
2378825;Importation;2020-03-16 11:29:27.350;EnCours;Mer;IMPORTATEUR_ANON_5014;NINEA_ANON_528;001-I
2565669;Importation;2021-05-17 17:05:21.000;EnCours;Mer;IMPORTATEUR_ANON_9712;NINEA_ANON_362;001-I
2613934;Importation;2021-09-06 10:17:01.290;EnCours;Mer;IMPORTATEUR_ANON_4060;NINEA_ANON_533;001-I
2629078;Importation;2021-10-11 11:25:25.657;EnCours;Mer;IMPORTATEUR_ANON_5864;NINEA_ANON_371;001-I
2602729;Importation;2021-08-09 12:42:46.813;EnCours;Mer;IMPORTATEUR_ANON_3438;NINEA_ANON_590;
2643702;Importation;2021-11-12 11:22:48.513;EnCours;Mer;IMPORTATEUR_ANON_2308;NINEA_ANON_475;001-I
2358641;Importation;2020-02-07 11:01:45.357;EnCours;Mer;IMPORTATEUR_ANON_134;NINEA_ANON_630;001-I
2607301;Importation;2021-08-20 11:08:10.307;EnCours;Mer;IMPORTATEUR_ANON_2623;NINEA_ANON_14;001-I
2575028;Importation;2021-06-07 12:08:32.180;EnCours;Mer;IMPORTATEUR_ANON_1088;NINEA_ANON_280;001-I
2592079;Importation;2021-07-12 12:57:57.437;EnCours;Mer;IMPORTATEUR_ANON_9564;NINEA_ANON_214;001-I
2630384;Importation;2021-10-13 10:55:58.300;EnCours;Mer;IMPORTATEUR_ANON_428;NINEA_ANON_244;001-I
2372371;Importation;2020-03-03 15:01:51.753;EnCours;Mer;IMPORTATEUR_ANON_8060;NINEA_ANON_730;001-I
2367487;Importation;2020-02-24 16:15:10.837;EnCours;Mer;IMPORTATEUR_ANON_6647;NINEA_ANON_774;001-I
2433976;Importation;2020-07-21 11:43:02.950;EnCours;Mer;IMPORTATEUR_ANON_3438;NINEA_ANON_590;001-I
2453739;Importation;2020-09-04 16:03:44.907;EnCours;Mer;IMPORTATEUR_ANON_7464;NINEA_ANON_545;001-I
2375063;Importation;2020-03-09 12:53:29.870;EnCours;Mer;IMPORTATEUR_ANON_3438;NINEA_ANON_590;001-I
2548869;Importation;2021-04-09 10:52:43.030;EnCours;Mer;IMPORTATEUR_ANON_6774;NINEA_ANON_753;001-I
2500375;Importation;2020-12-21 09:06:16.983;EnCours;Mer;IMPORTATEUR_ANON_4426;NINEA_ANON_93;001-I
2541792;Importation;2021-03-24 12:40:24.193;EnCours;Mer;IMPORTATEUR_ANON_8060;NINEA_ANON_730;
2561587;Importation;2021-05-05 17:42:45.603;EnCours;Mer;IMPORTATEUR_ANON_7464;NINEA_ANON_545;001-I
2499399;Importation;2020-12-17 11:51:36.130;EnCours;Mer;IMPORTATEUR_ANON_134;NINEA_ANON_756;
2554122;Importation;2021-04-20 15:06:29.500;EnCours;Mer;IMPORTATEUR_ANON_134;NINEA_ANON_630;
2594955;Importation;2021-07-19 11:21:08.697;EnCours;Mer;IMPORTATEUR_ANON_1573;NINEA_ANON_599;001-I
2425728;Importation;2020-07-02 09:37:20.830;EnCours;Mer;IMPORTATEUR_ANON_2303;NINEA_ANON_96;001-I
2555136;Importation;2021-04-22 11:33:15.007;EnCours;Mer;IMPORTATEUR_ANON_5888;NINEA_ANON_61;001-I
2613085;Importation;2021-09-02 16:28:23.477;EnCours;Mer;IMPORTATEUR_ANON_8261;NINEA_ANON_492;001-I
2480360;Importation;2020-11-06 12:55:55.350;EnCours;Mer;IMPORTATEUR_ANON_134;NINEA_ANON_630;001-I
2496607;Importation;2020-12-10 17:58:27.647;EnCours;Mer;IMPORTATEUR_ANON_8011;NINEA_ANON_856;001-I
2348347;Importation;2020-01-20 11:11:41.690;EnCours;Mer;IMPORTATEUR_ANON_7464;NINEA_ANON_545;001-I
2472660;Importation;2020-10-20 11:26:56.890;EnCours;Mer;IMPORTATEUR_ANON_9284;NINEA_ANON_956;001-I
2545405;Importation;2021-04-01 08:52:08.243;Initialise;Mer;IMPORTATEUR_ANON_1882;NINEA_ANON_951;001-I
2457192;Importation;2020-09-14 10:39:44.300;EnCours;Mer;IMPORTATEUR_ANON_9284;NINEA_ANON_956;001-I
2628917;Importation;2021-10-11 09:14:52.343;EnCours;Mer;IMPORTATEUR_ANON_7464;NINEA_ANON_545;001-I
2341663;Importation;2020-01-07 12:14:08.780;EnCours;Mer;IMPORTATEUR_ANON_9284;NINEA_ANON_956;001-I
2481908;Importation;2020-11-09 11:49:58.700;Initialise;Mer;IMPORTATEUR_ANON_287;NINEA_ANON_507;001-I
2646579;Importation;2021-11-18 11:49:56.973;EnCours;Mer;IMPORTATEUR_ANON_7464;NINEA_ANON_545;001-I
2497448;Importation;2020-12-14 11:25:56.577;Initialise;Mer;IMPORTATEUR_ANON_5864;NINEA_ANON_371;001-I
2632723;Importation;2021-10-20 09:36:13.257;EnCours;Mer;IMPORTATEUR_ANON_7464;NINEA_ANON_545;001-I
2604691;Importation;2021-08-12 16:08:45.613;EnCours;Mer;IMPORTATEUR_ANON_6857;NINEA_ANON_43;001-I
2373244;Importation;2020-03-04 16:56:29.690;EnCours;Mer;IMPORTATEUR_ANON_9284;NINEA_ANON_956;001-I
2642056;Importation;2021-11-09 17:10:43.960;EnCours;Mer;IMPORTATEUR_ANON_4428;NINEA_ANON_725;001-I
2686554;Importation;2022-02-16 08:40:24.803;EnCours;Mer;IMPORTATEUR_ANON_3863;NINEA_ANON_55;001-I
2417383;Importation;2020-06-12 15:18:34.493;EnCours;Mer;IMPORTATEUR_ANON_7464;NINEA_ANON_545;001-I
2411063;Transit;2020-05-28 16:19:16.560;Initialise;Mer;IMPORTATEUR_ANON_3213;NINEA_ANON_514;001-E
2673073;Importation;2022-01-18 11:11:16.433;EnCours;Mer;IMPORTATEUR_ANON_134;NINEA_ANON_630;001-I
2619966;Importation;2021-09-17 15:19:57.780;EnCours;Mer;IMPORTATEUR_ANON_4834;NINEA_ANON_568;001-I
2529074;Importation;2021-02-24 11:33:52.960;EnCours;Mer;IMPORTATEUR_ANON_1818;NINEA_ANON_980;001-I
2431796;Importation;2020-07-15 15:43:43.473;EnCours;Mer;IMPORTATEUR_ANON_134;NINEA_ANON_630;001-I
2432658;Importation;2020-07-17 09:57:48.517;EnCours;Mer;IMPORTATEUR_ANON_1133;NINEA_ANON_122;001-I
2661367;Réexportation;2021-12-20 12:02:03.083;Initialise;Mer;IMPORTATEUR_ANON_9825;NINEA_ANON_307;001-E
2667483;Importation;2022-01-04 13:12:21.260;EnCours;Mer;IMPORTATEUR_ANON_1818;NINEA_ANON_980;001-I
2450044;Importation;2020-08-27 12:33:56.577;Initialise;Mer;IMPORTATEUR_ANON_7324;NINEA_ANON_837;001-I
2471026;Importation;2020-10-15 15:28:22.143;EnCours;Mer;IMPORTATEUR_ANON_819;NINEA_ANON_349;001-I
2579923;Importation;2021-06-16 13:01:24.913;EnCours;Mer;IMPORTATEUR_ANON_4713;NINEA_ANON_995;
2360480;Importation;2020-02-11 12:12:41.530;EnCours;Mer;IMPORTATEUR_ANON_8825;NINEA_ANON_883;001-I
2609352;Importation;2021-08-25 13:04:32.930;EnCours;Mer;IMPORTATEUR_ANON_9750;NINEA_ANON_874;001-I
2690589;Importation;2022-02-22 13:08:33.863;EnCours;Mer;IMPORTATEUR_ANON_1468;NINEA_ANON_161;001-I
2579143;Importation;2021-06-15 11:55:59.503;EnCours;Mer;IMPORTATEUR_ANON_9284;NINEA_ANON_956;001-I
2381032;Importation;2020-03-19 10:41:29.277;EnCours;Mer;IMPORTATEUR_ANON_2308;NINEA_ANON_475;001-I
2636722;Importation;2021-10-27 14:35:27.183;EnCours;Mer;IMPORTATEUR_ANON_5864;NINEA_ANON_371;001-I
2497550;Importation;2020-12-14 12:38:20.883;EnCours;Mer;IMPORTATEUR_ANON_3438;NINEA_ANON_590;
2407561;Importation;2020-05-18 16:22:26.050;EnCours;Mer;IMPORTATEUR_ANON_7041;NINEA_ANON_374;001-I
2433740;Importation;2020-07-20 17:53:42.960;EnCours;Mer;IMPORTATEUR_ANON_5864;NINEA_ANON_371;001-I
2517990;Importation;2021-02-01 08:40:46.533;EnCours;Mer;IMPORTATEUR_ANON_1352;NINEA_ANON_854;001-I
2397763;Importation;2020-04-28 15:52:31.843;EnCours;Mer;IMPORTATEUR_ANON_7613;NINEA_ANON_24;001-I
2663482;Importation;2021-12-23 14:51:17.133;Initialise;Mer;IMPORTATEUR_ANON_4092;NINEA_ANON_79;001-I
2624432;Importation;2021-09-29 15:50:46.360;EnCours;Mer;IMPORTATEUR_ANON_7464;NINEA_ANON_545;001-I
2563043;Importation;2021-05-10 10:59:07.167;EnCours;Mer;IMPORTATEUR_ANON_8011;NINEA_ANON_856;001-I
2381132;Importation;2020-03-19 11:50:07.150;EnCours;Mer;IMPORTATEUR_ANON_4744;NINEA_ANON_747;001-I
2582318;Importation;2021-06-22 09:44:19.187;Initialise;Mer;IMPORTATEUR_ANON_7464;NINEA_ANON_545;001-I
2364512;Importation;2020-02-18 14:43:33.510;EnCours;Mer;IMPORTATEUR_ANON_4663;NINEA_ANON_805;001-I
2656425;Importation;2021-12-08 18:55:19.257;EnCours;Mer;IMPORTATEUR_ANON_8203;NINEA_ANON_343;001-I
2453422;Importation;2020-09-04 10:39:20.770;EnCours;Mer;IMPORTATEUR_ANON_134;NINEA_ANON_630;001-I
2651505;Importation;2021-11-29 12:20:19.507;EnCours;Mer;IMPORTATEUR_ANON_9628;NINEA_ANON_405;001-I
2598124;Importation;2021-07-28 17:39:00.347;EnCours;Mer;IMPORTATEUR_ANON_1818;NINEA_ANON_980;001-I
2529513;Importation;2021-02-25 09:52:30.860;EnCours;Mer;IMPORTATEUR_ANON_1096;NINEA_ANON_301;001-I
2529364;Importation;2021-02-24 16:31:09.793;EnCours;Mer;IMPORTATEUR_ANON_5917;NINEA_ANON_128;001-I
2603303;Importation;2021-08-10 11:53:13.680;EnCours;Mer;IMPORTATEUR_ANON_7526;NINEA_ANON_959;001-I
2669589;Importation;2022-01-10 15:24:55.577;EnCours;Mer;IMPORTATEUR_ANON_1923;NINEA_ANON_48;001-I
2658457;Importation;2021-12-13 19:09:41.053;EnCours;Mer;IMPORTATEUR_ANON_3372;NINEA_ANON_426;001-I
2660293;Importation;2021-12-16 15:42:24.390;EnCours;Mer;IMPORTATEUR_ANON_2261;NINEA_ANON_688;001-I
2604912;Importation;2021-08-13 10:13:35.323;EnCours;Mer;IMPORTATEUR_ANON_7464;NINEA_ANON_545;001-I
2343785;Importation;2020-01-10 11:52:18.300;EnCours;Mer;IMPORTATEUR_ANON_8895;NINEA_ANON_393;001-I
2428580;Importation;2020-07-08 13:15:35.607;EnCours;Mer;IMPORTATEUR_ANON_3951;NINEA_ANON_125;001-I
2578048;Importation;2021-06-11 18:45:41.677;EnCours;Mer;IMPORTATEUR_ANON_9284;NINEA_ANON_956;001-I
2692356;Importation;2022-02-24 16:08:27.790;EnCours;Mer;IMPORTATEUR_ANON_4060;NINEA_ANON_533;001-I
2573552;Importation;2021-06-03 08:55:59.377;EnCours;Mer;IMPORTATEUR_ANON_1818;NINEA_ANON_980;001-I
2394718;Importation;2020-04-21 15:15:42.513;EnCours;Mer;IMPORTATEUR_ANON_134;NINEA_ANON_630;001-I
2596805;Importation;2021-07-26 16:37:47.940;EnCours;Mer;IMPORTATEUR_ANON_6857;NINEA_ANON_43;001-I
2594714;Importation;2021-07-17 13:25:52.780;EnCours;Mer;IMPORTATEUR_ANON_1914;NINEA_ANON_156;001-I
2544928;Importation;2021-03-31 11:09:17.897;EnCours;Mer;IMPORTATEUR_ANON_134;NINEA_ANON_630;
2597826;Importation;2021-07-28 12:21:24.077;EnCours;Mer;IMPORTATEUR_ANON_9178;NINEA_ANON_267;001-I
2613047;Importation;2021-09-02 15:54:45.973;EnCours;Mer;IMPORTATEUR_ANON_9628;NINEA_ANON_405;001-I
2429410;Importation;2020-07-09 20:13:24.860;EnCours;Mer;IMPORTATEUR_ANON_3144;NINEA_ANON_548;001-I
2591454;Importation;2021-07-09 13:43:56.070;EnCours;Mer;IMPORTATEUR_ANON_7464;NINEA_ANON_545;001-I
2348125;Importation;2020-01-20 07:45:13.003;Initialise;Mer;IMPORTATEUR_ANON_3936;NINEA_ANON_62;001-I
2429784;Importation;2020-07-10 13:17:22.550;EnCours;Mer;IMPORTATEUR_ANON_9284;NINEA_ANON_956;001-I
2476423;Importation;2020-10-28 11:53:11.913;EnCours;Mer;IMPORTATEUR_ANON_1133;NINEA_ANON_122;001-I
2512478;Importation;2021-01-19 16:21:19.210;EnCours;Mer;IMPORTATEUR_ANON_5804;NINEA_ANON_779;001-I
2573201;Importation;2021-06-02 12:37:44.030;EnCours;Mer;IMPORTATEUR_ANON_134;NINEA_ANON_630;
2526914;Importation;2021-02-19 10:22:59.240;EnCours;Mer;IMPORTATEUR_ANON_9052;NINEA_ANON_862;001-I
2473104;Importation;2020-10-21 08:33:54.107;EnCours;Mer;IMPORTATEUR_ANON_5409;NINEA_ANON_85;001-I
2691281;Importation;2022-02-23 11:49:33.293;Initialise;Mer;IMPORTATEUR_ANON_2506;NINEA_ANON_485;001-I
2589576;Importation;2021-07-06 18:50:27.163;EnCours;Mer;IMPORTATEUR_ANON_9284;NINEA_ANON_956;001-I
2606895;Importation;2021-08-18 12:33:59.083;EnCours;Mer;IMPORTATEUR_ANON_5606;NINEA_ANON_899;001-I
2377280;Importation;2020-03-12 09:50:01.850;EnCours;Mer;IMPORTATEUR_ANON_9284;NINEA_ANON_956;001-I
2391252;Transit;2020-04-14 12:04:43.190;Initialise;Mer;IMPORTATEUR_ANON_206;NINEA_ANON_394;001-E
2412414;Importation;2020-06-03 08:21:51.880;EnCours;Mer;IMPORTATEUR_ANON_134;NINEA_ANON_630;001-I
2429991;Importation;2020-07-11 11:55:15.650;EnCours;Mer;IMPORTATEUR_ANON_8011;NINEA_ANON_856;001-I
2382171;Importation;2020-03-20 18:22:04.400;EnCours;Mer;IMPORTATEUR_ANON_7464;NINEA_ANON_545;001-I
2501535;Transit;2020-12-22 14:32:25.750;Initialise;Mer;IMPORTATEUR_ANON_3213;NINEA_ANON_415;001-E
2542865;Importation;2021-03-26 10:34:07.407;EnCours;Mer;IMPORTATEUR_ANON_134;NINEA_ANON_630;
2595764;Importation;2021-07-22 16:57:42.583;EnCours;Mer;IMPORTATEUR_ANON_134;NINEA_ANON_630;001-I
2450981;Importation;2020-08-31 09:54:12.740;EnCours;Mer;IMPORTATEUR_ANON_8374;NINEA_ANON_266;001-I
2387233;Importation;2020-04-02 10:27:35.723;EnCours;Mer;IMPORTATEUR_ANON_6672;NINEA_ANON_143;001-I
2500710;Importation;2020-12-21 12:25:07.677;EnCours;Mer;IMPORTATEUR_ANON_3332;NINEA_ANON_846;001-I
2662489;Importation;2021-12-22 09:01:56.437;EnCours;Mer;IMPORTATEUR_ANON_6554;NINEA_ANON_203;001-I
2440468;Importation;2020-08-07 09:56:04.457;EnCours;Mer;IMPORTATEUR_ANON_6681;NINEA_ANON_809;001-I
2459157;Importation;2020-09-17 11:24:29.263;EnCours;Mer;IMPORTATEUR_ANON_134;NINEA_ANON_630;001-I
2669158;Importation;2022-01-10 09:22:12.873;EnCours;Mer;IMPORTATEUR_ANON_7464;NINEA_ANON_545;001-I
2523244;Importation;2021-02-11 10:56:36.707;EnCours;Mer;IMPORTATEUR_ANON_7464;NINEA_ANON_545;001-I
2356177;Importation;2020-02-04 08:35:28.500;EnCours;Mer;IMPORTATEUR_ANON_2366;NINEA_ANON_800;001-I
2666692;Importation;2022-01-01 15:36:31.540;EnCours;Mer;IMPORTATEUR_ANON_5606;NINEA_ANON_899;001-I
2358055;Importation;2020-02-06 12:47:12.703;EnCours;Mer;IMPORTATEUR_ANON_1123;NINEA_ANON_235;001-I
2475719;Importation;2020-10-27 11:02:31.170;EnCours;Mer;IMPORTATEUR_ANON_2623;NINEA_ANON_939;001-I
2513573;Importation;2021-01-21 13:05:08.670;EnCours;Mer;IMPORTATEUR_ANON_1124;NINEA_ANON_111;
2670242;Importation;2022-01-11 16:39:26.520;EnCours;Mer;IMPORTATEUR_ANON_8466;NINEA_ANON_240;001-I
2550091;Importation;2021-04-13 08:01:43.473;EnCours;Mer;IMPORTATEUR_ANON_3438;NINEA_ANON_590;
2568925;Importation;2021-05-25 12:26:27.897;EnCours;Mer;IMPORTATEUR_ANON_5542;NINEA_ANON_371;
2464059;Importation;2020-09-29 11:09:15.407;EnCours;Mer;IMPORTATEUR_ANON_6705;NINEA_ANON_314;001-I
2474790;Importation;2020-10-24 09:28:13.330;EnCours;Mer;IMPORTATEUR_ANON_134;NINEA_ANON_630;001-I
2349922;Importation;2020-01-22 10:07:23.233;Initialise;Mer;IMPORTATEUR_ANON_7714;NINEA_ANON_898;001-I
2504030;Importation;2020-12-30 10:10:42.750;EnCours;Mer;IMPORTATEUR_ANON_9284;NINEA_ANON_956;001-I
2398493;Importation;2020-04-30 09:40:26.447;EnCours;Mer;IMPORTATEUR_ANON_3407;NINEA_ANON_902;001-I
2647259;Importation;2021-11-19 10:34:43.540;EnCours;Mer;IMPORTATEUR_ANON_4060;NINEA_ANON_533;001-I
2483995;Importation;2020-11-12 16:43:22.680;EnCours;Mer;IMPORTATEUR_ANON_5864;NINEA_ANON_371;001-I
2566895;Importation;2021-05-19 13:20:47.980;EnCours;Mer;IMPORTATEUR_ANON_2002;NINEA_ANON_746;001-I
2552632;Importation;2021-04-16 15:06:01.657;EnCours;Mer;IMPORTATEUR_ANON_3229;NINEA_ANON_724;001-I
2679573;Importation;2022-02-01 17:52:52.147;EnCours;Mer;IMPORTATEUR_ANON_7426;NINEA_ANON_338;001-I
2586470;Importation;2021-06-30 12:31:28.383;EnCours;Mer;IMPORTATEUR_ANON_134;NINEA_ANON_630;001-I
2465585;Importation;2020-10-01 16:33:31.767;EnCours;Mer;IMPORTATEUR_ANON_7464;NINEA_ANON_545;001-I
2340617;Importation;2020-01-06 09:29:16.820;EnCours;Mer;IMPORTATEUR_ANON_12;NINEA_ANON_215;001-I
2355632;Importation;2020-02-03 10:27:27.910;EnCours;Mer;IMPORTATEUR_ANON_5137;NINEA_ANON_83;001-I
2548272;Importation;2021-04-08 10:52:48.473;EnCours;Mer;IMPORTATEUR_ANON_4426;NINEA_ANON_93;001-I
2458738;Importation;2020-09-16 14:25:36.737;EnCours;Mer;IMPORTATEUR_ANON_134;NINEA_ANON_630;001-I
2389633;Importation;2020-04-08 15:49:53.210;EnCours;Mer;IMPORTATEUR_ANON_134;NINEA_ANON_630;001-I
2418252;Importation;2020-06-15 16:59:10.397;EnCours;Mer;IMPORTATEUR_ANON_1308;NINEA_ANON_693;001-I
2621642;Importation;2021-09-22 11:17:24.117;EnCours;Mer;IMPORTATEUR_ANON_7106;NINEA_ANON_436;001-I
2605986;Importation;2021-08-16 16:38:04.190;EnCours;Mer;IMPORTATEUR_ANON_8713;NINEA_ANON_398;001-I
2350752;Importation;2020-01-23 11:12:31.927;EnCours;Mer;IMPORTATEUR_ANON_7749;NINEA_ANON_437;001-I
2609429;Importation;2021-08-25 15:15:49.053;EnCours;Mer;IMPORTATEUR_ANON_3756;NINEA_ANON_567;001-I
2352776;Importation;2020-01-28 08:50:59.490;Initialise;Mer;IMPORTATEUR_ANON_8393;NINEA_ANON_650;001-I
2358079;Importation;2020-02-06 12:58:51.130;EnCours;Mer;IMPORTATEUR_ANON_7464;NINEA_ANON_545;001-I
2361667;Importation;2020-02-12 16:50:59.687;EnCours;Mer;IMPORTATEUR_ANON_819;NINEA_ANON_349;001-I
2465981;Importation;2020-10-02 13:33:14.433;Initialise;Mer;IMPORTATEUR_ANON_3126;NINEA_ANON_175;001-I
2399272;Importation;2020-05-04 10:38:39.997;EnCours;Mer;IMPORTATEUR_ANON_819;NINEA_ANON_349;001-I
2407583;Importation;2020-05-18 17:28:34.747;EnCours;Mer;IMPORTATEUR_ANON_9284;NINEA_ANON_956;001-I
2525104;Importation;2021-02-16 11:12:48.507;EnCours;Mer;IMPORTATEUR_ANON_134;NINEA_ANON_630;
2614333;Importation;2021-09-06 16:02:41.383;EnCours;Mer;IMPORTATEUR_ANON_7464;NINEA_ANON_545;001-I
2455420;Importation;2020-09-09 11:26:09.657;EnCours;Mer;IMPORTATEUR_ANON_4744;NINEA_ANON_747;001-I
2552546;Importation;2021-04-16 12:59:59.533;EnCours;Mer;IMPORTATEUR_ANON_5864;NINEA_ANON_371;001-I
2443769;Importation;2020-08-12 16:30:58.220;EnCours;Mer;IMPORTATEUR_ANON_5014;NINEA_ANON_262;001-I
2616436;Importation;2021-09-09 20:23:49.093;EnCours;Mer;IMPORTATEUR_ANON_9284;NINEA_ANON_956;001-I
2593992;Importation;2021-07-15 15:05:34.873;Initialise;Mer;IMPORTATEUR_ANON_9926;NINEA_ANON_575;001-I
2625615;Importation;2021-10-01 15:17:40.717;EnCours;Mer;IMPORTATEUR_ANON_6644;NINEA_ANON_212;001-I
2385710;Importation;2020-03-30 13:36:14.500;Initialise;Mer;IMPORTATEUR_ANON_1914;NINEA_ANON_93;001-I
2583639;Importation;2021-06-24 10:33:10.520;EnCours;Mer;IMPORTATEUR_ANON_5014;NINEA_ANON_959;
2442499;Importation;2020-08-10 16:27:01.450;EnCours;Mer;IMPORTATEUR_ANON_9008;NINEA_ANON_224;001-I
2570803;Importation;2021-05-28 09:22:27.650;EnCours;Mer;IMPORTATEUR_ANON_8978;NINEA_ANON_553;001-I
2544822;Importation;2021-03-31 09:54:55.033;Initialise;Mer;IMPORTATEUR_ANON_7166;NINEA_ANON_390;001-I
2621258;Importation;2021-09-21 14:53:38.917;EnCours;Mer;IMPORTATEUR_ANON_2308;NINEA_ANON_475;001-I
2567073;Importation;2021-05-19 17:06:18.957;EnCours;Mer;IMPORTATEUR_ANON_7464;NINEA_ANON_545;001-I
2648542;Importation;2021-11-22 16:43:55.733;EnCours;Mer;IMPORTATEUR_ANON_6353;NINEA_ANON_467;001-I
2512662;Importation;2021-01-20 09:44:48.370;EnCours;Mer;IMPORTATEUR_ANON_7464;NINEA_ANON_545;001-I
2413985;Importation;2020-06-05 11:49:25.613;EnCours;Mer;IMPORTATEUR_ANON_6922;NINEA_ANON_562;001-I
2581660;Importation;2021-06-21 11:15:51.613;EnCours;Mer;IMPORTATEUR_ANON_4739;NINEA_ANON_93;001-I
2381184;Importation;2020-03-19 12:28:58.767;EnCours;Mer;IMPORTATEUR_ANON_7470;NINEA_ANON_25;001-I
2542063;Importation;2021-03-24 16:48:20.083;EnCours;Mer;IMPORTATEUR_ANON_4699;NINEA_ANON_651;001-I
2372356;Importation;2020-03-03 14:47:01.297;Initialise;Mer;IMPORTATEUR_ANON_6270;NINEA_ANON_903;001-I
2635814;Importation;2021-10-26 11:34:38.667;EnCours;Mer;IMPORTATEUR_ANON_803;NINEA_ANON_412;001-I
2466195;Importation;2020-10-03 17:12:46.543;EnCours;Mer;IMPORTATEUR_ANON_134;NINEA_ANON_630;001-I
2374361;Importation;2020-03-06 15:16:03.510;EnCours;Mer;IMPORTATEUR_ANON_517;NINEA_ANON_642;001-I
2476689;Importation;2020-10-28 15:39:30.423;EnCours;Mer;IMPORTATEUR_ANON_9564;NINEA_ANON_214;001-I
2614172;Importation;2021-09-06 12:46:03.993;EnCours;Mer;IMPORTATEUR_ANON_9095;NINEA_ANON_136;001-I
2564349;Importation;2021-05-12 10:19:52.380;EnCours;Mer;IMPORTATEUR_ANON_9284;NINEA_ANON_956;001-I
2544190;Importation;2021-03-30 09:19:15.623;EnCours;Mer;IMPORTATEUR_ANON_8532;NINEA_ANON_461;001-I
2386774;Importation;2020-04-01 12:30:43.193;EnCours;Mer;IMPORTATEUR_ANON_9008;NINEA_ANON_224;001-I
2594594;Importation;2021-07-16 15:36:28.867;EnCours;Mer;IMPORTATEUR_ANON_1772;NINEA_ANON_978;001-I
2446187;Importation;2020-08-19 09:01:14.283;EnCours;Mer;IMPORTATEUR_ANON_9284;NINEA_ANON_956;001-I
2557792;Importation;2021-04-28 10:22:03.953;EnCours;Mer;IMPORTATEUR_ANON_9628;NINEA_ANON_405;001-I
2623826;Importation;2021-09-28 16:03:18.157;EnCours;Mer;IMPORTATEUR_ANON_2936;NINEA_ANON_344;001-I
2636286;Importation;2021-10-27 08:32:24.603;EnCours;Mer;IMPORTATEUR_ANON_428;NINEA_ANON_244;001-I
2434763;Importation;2020-07-22 14:54:56.233;EnCours;Mer;IMPORTATEUR_ANON_4426;NINEA_ANON_93;001-I
2552580;Importation;2021-04-16 13:37:13.850;EnCours;Mer;IMPORTATEUR_ANON_7314;NINEA_ANON_328;001-I
2455206;Importation;2020-09-09 09:16:24.227;EnCours;Mer;IMPORTATEUR_ANON_3332;NINEA_ANON_363;001-I
2456604;Importation;2020-09-11 10:32:11.683;EnCours;Mer;IMPORTATEUR_ANON_6211;NINEA_ANON_724;001-I
2364614;Importation;2020-02-18 15:52:49.043;Initialise;Mer;IMPORTATEUR_ANON_9586;NINEA_ANON_194;001-I
2362436;Importation;2020-02-13 18:38:07.667;Initialise;Mer;IMPORTATEUR_ANON_6903;NINEA_ANON_450;001-I
2666290;Importation;2021-12-30 16:36:42.093;EnCours;Mer;IMPORTATEUR_ANON_8895;NINEA_ANON_393;001-I
2540787;Importation;2021-03-22 17:12:11.540;Initialise;Mer;IMPORTATEUR_ANON_4060;NINEA_ANON_533;001-I
2389803;Importation;2020-04-09 10:29:39.640;EnCours;Mer;IMPORTATEUR_ANON_6681;NINEA_ANON_809;001-I
2561550;Importation;2021-05-05 16:33:57.250;EnCours;Mer;IMPORTATEUR_ANON_8011;NINEA_ANON_856;001-I
2521656;Importation;2021-02-08 14:32:58.677;EnCours;Mer;IMPORTATEUR_ANON_4187;NINEA_ANON_818;001-I
2378346;Importation;2020-03-13 15:26:06.583;EnCours;Mer;IMPORTATEUR_ANON_3896;NINEA_ANON_624;001-I
2495665;Importation;2020-12-09 12:15:13.550;EnCours;Mer;IMPORTATEUR_ANON_5478;NINEA_ANON_299;001-I
2645361;Importation;2021-11-16 13:45:06.430;Initialise;Mer;IMPORTATEUR_ANON_2783;NINEA_ANON_422;001-I
2539349;Importation;2021-03-19 09:53:16.940;EnCours;Mer;IMPORTATEUR_ANON_134;NINEA_ANON_630;
2484687;Importation;2020-11-16 09:38:51.727;EnCours;Mer;IMPORTATEUR_ANON_9284;NINEA_ANON_956;001-I
2541350;Importation;2021-03-23 15:34:45.293;EnCours;Mer;IMPORTATEUR_ANON_7464;NINEA_ANON_545;001-I
2369694;Importation;2020-02-27 12:42:39.547;EnCours;Mer;IMPORTATEUR_ANON_9322;NINEA_ANON_87;001-I
2365088;Importation;2020-02-19 11:56:00.677;EnCours;Mer;IMPORTATEUR_ANON_7002;NINEA_ANON_585;001-I
2378541;Importation;2020-03-14 11:02:21.057;EnCours;Mer;IMPORTATEUR_ANON_134;NINEA_ANON_630;001-I
2595419;Importation;2021-07-20 10:48:36.217;EnCours;Mer;IMPORTATEUR_ANON_3660;NINEA_ANON_379;001-I
2531125;Importation;2021-03-01 14:48:10.637;EnCours;Mer;IMPORTATEUR_ANON_7056;NINEA_ANON_4;001-I
2417869;Importation;2020-06-15 11:38:23.150;EnCours;Mer;IMPORTATEUR_ANON_8427;NINEA_ANON_724;001-I
2350415;Importation;2020-01-22 15:57:55.403;EnCours;Mer;IMPORTATEUR_ANON_134;NINEA_ANON_630;001-I
2471311;Importation;2020-10-16 11:19:19.547;Initialise;Mer;IMPORTATEUR_ANON_6857;NINEA_ANON_43;001-I
2419302;Importation;2020-06-17 13:42:04.857;EnCours;Mer;IMPORTATEUR_ANON_8438;NINEA_ANON_285;001-I
2590733;Importation;2021-07-08 14:16:42.143;EnCours;Mer;IMPORTATEUR_ANON_7464;NINEA_ANON_545;001-I
2647252;Importation;2021-11-19 10:32:20.623;EnCours;Mer;IMPORTATEUR_ANON_7987;NINEA_ANON_839;001-I
2643643;Importation;2021-11-12 10:50:34.400;EnCours;Mer;IMPORTATEUR_ANON_8713;NINEA_ANON_54;001-I
2603892;Importation;2021-08-11 11:17:15.353;EnCours;Mer;IMPORTATEUR_ANON_9284;NINEA_ANON_956;001-I
2421887;Importation;2020-06-23 17:31:51.573;EnCours;Mer;IMPORTATEUR_ANON_2417;NINEA_ANON_702;001-I
2410667;Importation;2020-05-28 09:53:20.467;EnCours;Mer;IMPORTATEUR_ANON_134;NINEA_ANON_630;001-I
2587307;Importation;2021-07-01 16:11:46.440;Initialise;Mer;IMPORTATEUR_ANON_3951;NINEA_ANON_125;001-I
2685235;Importation;2022-02-14 15:14:08.930;EnCours;Mer;IMPORTATEUR_ANON_4663;NINEA_ANON_805;001-I
2416639;Importation;2020-06-11 12:16:02.443;EnCours;Mer;IMPORTATEUR_ANON_2506;NINEA_ANON_212;001-I
2434933;Importation;2020-07-23 08:44:44.867;EnCours;Mer;IMPORTATEUR_ANON_5520;NINEA_ANON_462;001-I
2666223;Importation;2021-12-30 15:43:40.940;EnCours;Mer;IMPORTATEUR_ANON_9628;NINEA_ANON_405;001-I
2653360;Importation;2021-12-02 09:51:00.223;EnCours;Mer;IMPORTATEUR_ANON_5804;NINEA_ANON_779;001-I
2344367;Importation;2020-01-13 09:40:59.067;EnCours;Mer;IMPORTATEUR_ANON_134;NINEA_ANON_630;001-I
2397109;Importation;2020-04-27 15:07:28.667;EnCours;Mer;IMPORTATEUR_ANON_3863;NINEA_ANON_628;001-I
2615378;Importation;2021-09-08 13:02:47.383;EnCours;Mer;IMPORTATEUR_ANON_7302;NINEA_ANON_639;001-I
2388732;Importation;2020-04-06 15:20:22.883;Initialise;Mer;IMPORTATEUR_ANON_7248;NINEA_ANON_430;001-I
2512748;Importation;2021-01-20 10:40:58.257;EnCours;Mer;IMPORTATEUR_ANON_9284;NINEA_ANON_956;001-I
2620886;Importation;2021-09-21 09:43:44.103;EnCours;Mer;IMPORTATEUR_ANON_2308;NINEA_ANON_475;001-I
2416716;Importation;2020-06-11 13:26:22.130;EnCours;Mer;IMPORTATEUR_ANON_3063;NINEA_ANON_950;001-I
2496796;Importation;2020-12-11 11:02:27.600;EnCours;Mer;IMPORTATEUR_ANON_134;NINEA_ANON_630;001-I
2566909;Importation;2021-05-19 13:39:04.660;EnCours;Mer;IMPORTATEUR_ANON_7333;NINEA_ANON_396;001-I
2356863;Importation;2020-02-04 17:40:36.607;EnCours;Mer;IMPORTATEUR_ANON_5760;NINEA_ANON_572;001-I
2584346;Importation;2021-06-25 11:31:21.477;EnCours;Mer;IMPORTATEUR_ANON_4531;NINEA_ANON_183;001-I
2546164;Importation;2021-04-02 10:26:28.613;EnCours;Mer;IMPORTATEUR_ANON_584;NINEA_ANON_24;001-I
2381657;Importation;2020-03-20 10:17:19.437;EnCours;Mer;IMPORTATEUR_ANON_1308;NINEA_ANON_693;001-I
2471177;Importation;2020-10-16 08:06:26.627;EnCours;Mer;IMPORTATEUR_ANON_7710;NINEA_ANON_582;001-I
2494091;Importation;2020-12-05 11:24:40.533;EnCours;Mer;IMPORTATEUR_ANON_5804;NINEA_ANON_779;001-I
2561021;Importation;2021-05-05 09:46:57.120;Initialise;Mer;IMPORTATEUR_ANON_7640;NINEA_ANON_288;001-I
2491929;Importation;2020-12-01 11:41:40.910;EnCours;Mer;IMPORTATEUR_ANON_2308;NINEA_ANON_475;001-I
2539352;Importation;2021-03-19 09:54:50.347;EnCours;Mer;IMPORTATEUR_ANON_4424;NINEA_ANON_51;001-I
2388193;Importation;2020-04-03 15:41:40.803;EnCours;Mer;IMPORTATEUR_ANON_8978;NINEA_ANON_553;001-I
2618517;Importation;2021-09-15 11:27:39.180;EnCours;Mer;IMPORTATEUR_ANON_517;NINEA_ANON_642;001-I
2665942;Importation;2021-12-30 10:27:00.590;Initialise;Mer;IMPORTATEUR_ANON_9564;NINEA_ANON_214;001-I
2374404;Importation;2020-03-06 15:47:05.427;Initialise;Mer;IMPORTATEUR_ANON_2623;NINEA_ANON_939;001-I
2559336;Importation;2021-04-30 15:01:03.990;EnCours;Mer;IMPORTATEUR_ANON_9284;NINEA_ANON_956;001-I
2504454;Importation;2020-12-31 09:08:08.827;EnCours;Mer;IMPORTATEUR_ANON_134;NINEA_ANON_756;
2443912;Importation;2020-08-13 09:27:14.693;EnCours;Mer;IMPORTATEUR_ANON_2308;NINEA_ANON_475;001-I
2492984;Importation;2020-12-03 09:16:44.307;EnCours;Mer;IMPORTATEUR_ANON_7464;NINEA_ANON_545;001-I
2377560;Importation;2020-03-12 12:38:11.823;EnCours;Mer;IMPORTATEUR_ANON_5864;NINEA_ANON_371;001-I
2350800;Importation;2020-01-23 11:45:11.100;EnCours;Mer;IMPORTATEUR_ANON_3438;NINEA_ANON_590;
2498732;Importation;2020-12-16 10:27:57.820;Initialise;Mer;IMPORTATEUR_ANON_3863;NINEA_ANON_628;001-I
2459811;Importation;2020-09-18 13:11:37.470;EnCours;Mer;IMPORTATEUR_ANON_3438;NINEA_ANON_590;001-I
2548460;Importation;2021-04-08 13:03:58.593;EnCours;Mer;IMPORTATEUR_ANON_5409;NINEA_ANON_85;
2387814;Importation;2020-04-03 09:59:44.017;EnCours;Mer;IMPORTATEUR_ANON_134;NINEA_ANON_756;001-I
2447392;Importation;2020-08-20 17:22:25.090;EnCours;Mer;IMPORTATEUR_ANON_9942;NINEA_ANON_641;001-I
2546675;Importation;2021-04-06 08:56:39.870;EnCours;Mer;IMPORTATEUR_ANON_819;NINEA_ANON_349;001-I
2604801;Importation;2021-08-13 07:39:21.540;EnCours;Mer;IMPORTATEUR_ANON_3863;NINEA_ANON_628;001-I
2664982;Importation;2021-12-28 12:47:48.060;EnCours;Mer;IMPORTATEUR_ANON_7987;NINEA_ANON_839;001-I
2625306;Importation;2021-10-01 09:53:04.230;EnCours;Mer;IMPORTATEUR_ANON_1923;NINEA_ANON_48;001-I
2359387;Importation;2020-02-10 10:58:29.287;EnCours;Mer;IMPORTATEUR_ANON_2433;NINEA_ANON_621;001-I
2684690;Importation;2022-02-11 17:34:00.017;EnCours;Mer;IMPORTATEUR_ANON_9284;NINEA_ANON_956;001-I
2408812;Importation;2020-05-22 10:34:33.713;EnCours;Mer;IMPORTATEUR_ANON_134;NINEA_ANON_630;001-I
2651174;Importation;2021-11-29 09:09:04.340;EnCours;Mer;IMPORTATEUR_ANON_9628;NINEA_ANON_405;001-I
2419857;Importation;2020-06-18 13:41:50.283;Initialise;Mer;IMPORTATEUR_ANON_7409;NINEA_ANON_272;001-I
2339723;Importation;2020-01-02 15:48:24.963;EnCours;Mer;IMPORTATEUR_ANON_1818;NINEA_ANON_980;001-I
2432679;Importation;2020-07-17 10:23:50.850;EnCours;Mer;IMPORTATEUR_ANON_2002;NINEA_ANON_416;001-I
2571464;Importation;2021-05-31 09:43:46.987;EnCours;Mer;IMPORTATEUR_ANON_819;NINEA_ANON_349;001-I
2674009;Importation;2022-01-19 15:11:10.857;EnCours;Mer;IMPORTATEUR_ANON_1827;NINEA_ANON_956;001-I
2388849;Importation;2020-04-07 08:34:44.870;EnCours;Mer;IMPORTATEUR_ANON_9218;NINEA_ANON_750;001-I
2608793;Importation;2021-08-24 13:12:49.550;Initialise;Mer;IMPORTATEUR_ANON_7891;NINEA_ANON_637;001-I
2516109;Importation;2021-01-27 09:55:53.107;EnCours;Mer;IMPORTATEUR_ANON_9284;NINEA_ANON_956;001-I
2515946;Importation;2021-01-26 16:31:27.160;EnCours;Mer;IMPORTATEUR_ANON_1394;NINEA_ANON_547;001-I
2497569;Importation;2020-12-14 12:55:33.853;EnCours;Mer;IMPORTATEUR_ANON_3951;NINEA_ANON_125;001-I
2547563;Importation;2021-04-07 11:04:48.470;EnCours;Mer;IMPORTATEUR_ANON_1748;NINEA_ANON_886;
2442071;Importation;2020-08-10 10:25:35.483;EnCours;Mer;IMPORTATEUR_ANON_9284;NINEA_ANON_956;001-I
2476671;Importation;2020-10-28 15:32:38.973;EnCours;Mer;IMPORTATEUR_ANON_3428;NINEA_ANON_29;001-I
2617346;Importation;2021-09-13 12:10:13.320;EnCours;Mer;IMPORTATEUR_ANON_9750;NINEA_ANON_894;001-I
2489839;Importation;2020-11-26 10:59:12.093;EnCours;Mer;IMPORTATEUR_ANON_5760;NINEA_ANON_572;001-I
2469875;Importation;2020-10-13 17:00:08.677;EnCours;Mer;IMPORTATEUR_ANON_9750;NINEA_ANON_628;001-I
2562398;Importation;2021-05-07 11:40:32.450;EnCours;Mer;IMPORTATEUR_ANON_5864;NINEA_ANON_371;001-I
2558334;Importation;2021-04-29 08:53:09.570;EnCours;Mer;IMPORTATEUR_ANON_5804;NINEA_ANON_779;001-I
2689817;Importation;2022-02-21 14:29:30.000;EnCours;Mer;IMPORTATEUR_ANON_9284;NINEA_ANON_956;001-I
2433529;Importation;2020-07-20 13:25:49.467;EnCours;Mer;IMPORTATEUR_ANON_9284;NINEA_ANON_956;001-I
2671634;Importation;2022-01-14 09:42:24.680;EnCours;Mer;IMPORTATEUR_ANON_7533;NINEA_ANON_993;001-I
2584841;Importation;2021-06-28 10:13:16.643;EnCours;Mer;IMPORTATEUR_ANON_9750;NINEA_ANON_894;001-I
2400095;Importation;2020-05-05 13:20:46.070;EnCours;Mer;IMPORTATEUR_ANON_2528;NINEA_ANON_944;001-I
2558332;Importation;2021-04-29 08:48:42.207;EnCours;Mer;IMPORTATEUR_ANON_3438;NINEA_ANON_590;
2601470;Importation;2021-08-05 12:03:01.420;EnCours;Mer;IMPORTATEUR_ANON_134;NINEA_ANON_630;001-I
2623755;Importation;2021-09-28 14:43:38.610;Initialise;Mer;IMPORTATEUR_ANON_9202;NINEA_ANON_628;001-I
2675159;Importation;2022-01-21 14:06:40.650;EnCours;Mer;IMPORTATEUR_ANON_6528;NINEA_ANON_318;001-I
2532363;Importation;2021-03-03 16:58:18.043;EnCours;Mer;IMPORTATEUR_ANON_6705;NINEA_ANON_314;001-I
2503768;Importation;2020-12-29 14:17:43.807;EnCours;Mer;IMPORTATEUR_ANON_9459;NINEA_ANON_578;001-I
2684449;Importation;2022-02-11 13:32:34.967;EnCours;Mer;IMPORTATEUR_ANON_3951;NINEA_ANON_125;001-I
2442820;Importation;2020-08-11 11:37:02.710;EnCours;Mer;IMPORTATEUR_ANON_7464;NINEA_ANON_545;001-I
2437654;Importation;2020-07-29 12:42:19.200;EnCours;Mer;IMPORTATEUR_ANON_8414;NINEA_ANON_551;001-I
2421428;Importation;2020-06-23 10:51:08.300;EnCours;Mer;IMPORTATEUR_ANON_8895;NINEA_ANON_393;001-I
2618348;Importation;2021-09-15 09:34:42.993;Initialise;Mer;IMPORTATEUR_ANON_7464;NINEA_ANON_545;001-I
2515286;Importation;2021-01-25 16:38:40.203;EnCours;Mer;IMPORTATEUR_ANON_8441;NINEA_ANON_843;001-I
2567164;Importation;2021-05-20 09:17:51.717;Initialise;Mer;IMPORTATEUR_ANON_5864;NINEA_ANON_371;001-I
2452318;Importation;2020-09-02 11:26:02.440;EnCours;Mer;IMPORTATEUR_ANON_9284;NINEA_ANON_956;001-I
2542275;Importation;2021-03-25 10:56:29.047;EnCours;Mer;IMPORTATEUR_ANON_1818;NINEA_ANON_980;001-I
2640878;Importation;2021-11-06 15:10:39.050;EnCours;Mer;IMPORTATEUR_ANON_134;NINEA_ANON_630;001-I
2437032;Importation;2020-07-28 12:16:05.180;EnCours;Mer;IMPORTATEUR_ANON_5333;NINEA_ANON_586;001-I
2601664;Importation;2021-08-05 15:47:57.680;EnCours;Mer;IMPORTATEUR_ANON_8859;NINEA_ANON_821;001-I
2395233;Importation;2020-04-22 13:26:11.830;EnCours;Mer;IMPORTATEUR_ANON_9628;NINEA_ANON_405;001-I
2374261;Importation;2020-03-06 12:46:30.020;EnCours;Mer;IMPORTATEUR_ANON_134;NINEA_ANON_756;001-I
2526881;Importation;2021-02-19 09:55:29.167;EnCours;Mer;IMPORTATEUR_ANON_2372;NINEA_ANON_198;
2448382;Importation;2020-08-24 14:31:12.533;EnCours;Mer;IMPORTATEUR_ANON_7464;NINEA_ANON_545;001-I
2452912;Importation;2020-09-03 11:41:56.410;EnCours;Mer;IMPORTATEUR_ANON_6681;NINEA_ANON_809;001-I
2395870;Transit;2020-04-23 13:51:22.060;Initialise;Mer;IMPORTATEUR_ANON_879;NINEA_ANON_100;001-E
2619131;Importation;2021-09-16 11:15:22.000;EnCours;Mer;IMPORTATEUR_ANON_7464;NINEA_ANON_545;001-I
2607731;Importation;2021-08-23 08:11:25.927;EnCours;Mer;IMPORTATEUR_ANON_2303;NINEA_ANON_355;
2361761;Importation;2020-02-13 08:41:59.687;EnCours;Mer;IMPORTATEUR_ANON_2623;NINEA_ANON_939;001-I
2346698;Importation;2020-01-16 09:17:39.880;EnCours;Mer;IMPORTATEUR_ANON_9284;NINEA_ANON_956;001-I
2458686;Importation;2020-09-16 13:28:56.027;EnCours;Mer;IMPORTATEUR_ANON_4390;NINEA_ANON_898;001-I
2656091;Importation;2021-12-08 11:19:41.807;EnCours;Mer;IMPORTATEUR_ANON_7464;NINEA_ANON_545;001-I
2614221;Importation;2021-09-06 13:49:17.680;EnCours;Mer;IMPORTATEUR_ANON_4057;NINEA_ANON_272;001-I
2657377;Importation;2021-12-10 11:53:50.677;EnCours;Mer;IMPORTATEUR_ANON_9284;NINEA_ANON_956;001-I
2595077;Importation;2021-07-19 13:17:40.977;EnCours;Mer;IMPORTATEUR_ANON_1380;NINEA_ANON_312;
2443429;Importation;2020-08-12 10:57:47.230;EnCours;Mer;IMPORTATEUR_ANON_1914;NINEA_ANON_93;001-I
2492616;Importation;2020-12-02 12:22:23.867;EnCours;Mer;IMPORTATEUR_ANON_134;NINEA_ANON_630;001-I
2434534;Importation;2020-07-22 11:20:12.410;EnCours;Mer;IMPORTATEUR_ANON_7279;NINEA_ANON_32;001-I
2605924;Importation;2021-08-16 16:00:28.483;EnCours;Mer;IMPORTATEUR_ANON_9556;NINEA_ANON_171;001-I
2583044;Transit;2021-06-23 10:12:28.063;Initialise;Mer;IMPORTATEUR_ANON_8310;NINEA_ANON_903;001-E
2547824;Importation;2021-04-07 14:03:32.900;EnCours;Mer;IMPORTATEUR_ANON_4426;NINEA_ANON_93;001-I
2678986;Importation;2022-01-31 16:53:06.483;EnCours;Mer;IMPORTATEUR_ANON_4744;NINEA_ANON_222;001-I
2508292;Importation;2021-01-12 08:50:26.230;EnCours;Mer;IMPORTATEUR_ANON_134;NINEA_ANON_756;
2606968;Importation;2021-08-18 13:27:45.240;EnCours;Mer;IMPORTATEUR_ANON_4424;NINEA_ANON_51;001-I
2511661;Importation;2021-01-18 16:08:29.593;EnCours;Mer;IMPORTATEUR_ANON_7528;NINEA_ANON_447;001-I
2603742;Importation;2021-08-11 09:09:00.063;EnCours;Mer;IMPORTATEUR_ANON_9628;NINEA_ANON_405;001-I
2389873;Importation;2020-04-09 11:34:28.713;EnCours;Mer;IMPORTATEUR_ANON_2433;NINEA_ANON_939;001-I
2561004;Importation;2021-05-05 09:26:27.697;EnCours;Mer;IMPORTATEUR_ANON_9628;NINEA_ANON_405;001-I
2431504;Importation;2020-07-15 10:56:59.953;EnCours;Mer;IMPORTATEUR_ANON_2528;NINEA_ANON_944;001-I
2471090;Transit;2020-10-15 16:24:47.000;Initialise;Mer;IMPORTATEUR_ANON_6742;NINEA_ANON_760;001-E
2587715;Importation;2021-07-02 12:53:25.410;EnCours;Mer;IMPORTATEUR_ANON_5864;NINEA_ANON_371;001-I
2471022;Importation;2020-10-15 15:27:45.487;EnCours;Mer;IMPORTATEUR_ANON_5726;NINEA_ANON_503;001-I
2641085;Importation;2021-11-08 10:48:06.197;Initialise;Mer;IMPORTATEUR_ANON_116;NINEA_ANON_594;001-I
2546910;Importation;2021-04-06 12:07:08.110;EnCours;Mer;IMPORTATEUR_ANON_9628;NINEA_ANON_405;001-I
2616458;Importation;2021-09-10 08:38:36.790;EnCours;Mer;IMPORTATEUR_ANON_9284;NINEA_ANON_956;001-I
2357494;Importation;2020-02-05 15:44:30.960;EnCours;Mer;IMPORTATEUR_ANON_8488;NINEA_ANON_578;001-I
2486465;Importation;2020-11-19 09:04:55.230;Initialise;Mer;IMPORTATEUR_ANON_8488;NINEA_ANON_578;001-I
2514023;Importation;2021-01-22 10:34:23.423;EnCours;Mer;IMPORTATEUR_ANON_134;NINEA_ANON_756;
2384754;Importation;2020-03-27 09:24:47.237;EnCours;Mer;IMPORTATEUR_ANON_134;NINEA_ANON_630;001-I
2639763;Importation;2021-11-04 11:01:03.880;EnCours;Mer;IMPORTATEUR_ANON_1936;NINEA_ANON_930;001-I
2602831;Importation;2021-08-09 14:42:57.797;EnCours;Mer;IMPORTATEUR_ANON_8470;NINEA_ANON_452;001-I
2408392;Importation;2020-05-20 12:23:25.030;EnCours;Mer;IMPORTATEUR_ANON_134;NINEA_ANON_630;001-I
2444870;Importation;2020-08-14 16:01:18.057;EnCours;Mer;IMPORTATEUR_ANON_2308;NINEA_ANON_475;001-I
2570124;Importation;2021-05-27 09:17:43.037;EnCours;Mer;IMPORTATEUR_ANON_2623;NINEA_ANON_14;001-I
2494623;Importation;2020-12-07 15:50:18.717;EnCours;Mer;IMPORTATEUR_ANON_134;NINEA_ANON_630;001-I
2372142;Exportation;2020-03-03 12:12:40.113;EnCours;Mer;IMPORTATEUR_ANON_8941;NINEA_ANON_777;001-E
2601974;Importation;2021-08-06 11:44:38.600;EnCours;Mer;IMPORTATEUR_ANON_4663;NINEA_ANON_805;001-I
2417596;Importation;2020-06-15 08:59:30.157;EnCours;Mer;IMPORTATEUR_ANON_9284;NINEA_ANON_956;001-I
2391516;Importation;2020-04-14 14:46:53.013;EnCours;Mer;IMPORTATEUR_ANON_1088;NINEA_ANON_280;001-I
2483996;Importation;2020-11-12 16:44:28.000;EnCours;Mer;IMPORTATEUR_ANON_5864;NINEA_ANON_371;001-I
2422891;Importation;2020-06-25 13:07:55.573;EnCours;Mer;IMPORTATEUR_ANON_6149;NINEA_ANON_238;001-I
2374828;Importation;2020-03-09 10:55:56.800;EnCours;Mer;IMPORTATEUR_ANON_3438;NINEA_ANON_590;001-I
2373220;Importation;2020-03-04 16:45:28.453;EnCours;Mer;IMPORTATEUR_ANON_9284;NINEA_ANON_956;001-I
2605989;Importation;2021-08-16 16:41:17.440;EnCours;Mer;IMPORTATEUR_ANON_569;NINEA_ANON_299;001-I
2527167;Importation;2021-02-19 13:25:03.743;EnCours;Mer;IMPORTATEUR_ANON_9218;NINEA_ANON_750;
2353331;Importation;2020-01-28 15:25:45.353;EnCours;Mer;IMPORTATEUR_ANON_3108;NINEA_ANON_121;001-I
2599337;Importation;2021-07-31 12:20:15.130;EnCours;Mer;IMPORTATEUR_ANON_134;NINEA_ANON_630;001-I
2387135;Importation;2020-04-02 09:02:02.273;EnCours;Mer;IMPORTATEUR_ANON_3939;NINEA_ANON_346;001-I
2653681;Importation;2021-12-02 14:20:14.857;EnCours;Mer;IMPORTATEUR_ANON_3863;NINEA_ANON_628;001-I
2437169;Importation;2020-07-28 14:19:38.360;EnCours;Mer;IMPORTATEUR_ANON_3951;NINEA_ANON_125;001-I
2376061;Importation;2020-03-10 13:42:20.260;EnCours;Mer;IMPORTATEUR_ANON_2308;NINEA_ANON_475;001-I
2582804;Importation;2021-06-22 16:10:40.690;EnCours;Mer;IMPORTATEUR_ANON_5194;NINEA_ANON_758;001-I
2384310;Importation;2020-03-26 10:56:12.927;EnCours;Mer;IMPORTATEUR_ANON_8011;NINEA_ANON_856;001-I
2636495;Importation;2021-10-27 11:00:00.250;EnCours;Mer;IMPORTATEUR_ANON_1096;NINEA_ANON_301;001-I
2571161;Importation;2021-05-28 15:13:50.470;EnCours;Mer;IMPORTATEUR_ANON_8532;NINEA_ANON_461;001-I
2511141;Importation;2021-01-18 11:07:54.060;Initialise;Mer;IMPORTATEUR_ANON_3863;NINEA_ANON_628;001-I
2622261;Importation;2021-09-23 10:55:10.093;EnCours;Mer;IMPORTATEUR_ANON_134;NINEA_ANON_630;001-I
2635420;Importation;2021-10-25 15:43:21.740;EnCours;Mer;IMPORTATEUR_ANON_7464;NINEA_ANON_545;001-I
2592987;Importation;2021-07-13 18:39:28.177;EnCours;Mer;IMPORTATEUR_ANON_219;NINEA_ANON_880;001-I
2440613;Importation;2020-08-07 12:03:11.617;EnCours;Mer;IMPORTATEUR_ANON_5864;NINEA_ANON_371;001-I
2672266;Importation;2022-01-17 10:28:09.983;EnCours;Mer;IMPORTATEUR_ANON_2623;NINEA_ANON_14;001-I
2421720;Importation;2020-06-23 14:50:22.547;EnCours;Mer;IMPORTATEUR_ANON_4067;NINEA_ANON_283;001-I
2356755;Importation;2020-02-04 15:58:15.320;Initialise;Mer;IMPORTATEUR_ANON_1426;NINEA_ANON_856;001-I
2445377;Importation;2020-08-17 13:12:02.837;EnCours;Mer;IMPORTATEUR_ANON_7528;NINEA_ANON_447;001-I
2584092;Importation;2021-06-24 17:03:45.170;EnCours;Mer;IMPORTATEUR_ANON_3951;NINEA_ANON_125;001-I
2527139;Importation;2021-02-19 12:52:59.333;EnCours;Mer;IMPORTATEUR_ANON_134;NINEA_ANON_630;
2479743;Importation;2020-11-05 12:32:47.000;EnCours;Mer;IMPORTATEUR_ANON_2303;NINEA_ANON_96;001-I
2431679;Importation;2020-07-15 13:23:01.210;EnCours;Mer;IMPORTATEUR_ANON_134;NINEA_ANON_630;001-I
2463699;Importation;2020-09-28 15:32:34.140;EnCours;Mer;IMPORTATEUR_ANON_2308;NINEA_ANON_475;001-I
2688822;Importation;2022-02-18 12:49:49.460;Initialise;Mer;IMPORTATEUR_ANON_1914;NINEA_ANON_156;001-I
2501430;Importation;2020-12-22 12:39:32.507;EnCours;Mer;IMPORTATEUR_ANON_2142;NINEA_ANON_932;
2479176;Importation;2020-11-04 14:57:41.463;EnCours;Mer;IMPORTATEUR_ANON_8735;NINEA_ANON_614;001-I
2557907;Importation;2021-04-28 11:32:25.617;EnCours;Mer;IMPORTATEUR_ANON_4744;NINEA_ANON_222;001-I
2364208;Importation;2020-02-18 11:21:20.730;EnCours;Mer;IMPORTATEUR_ANON_2227;NINEA_ANON_352;001-I
2671188;Importation;2022-01-13 11:52:55.923;EnCours;Mer;IMPORTATEUR_ANON_5901;NINEA_ANON_199;001-I
2574407;Importation;2021-06-04 12:48:25.677;EnCours;Mer;IMPORTATEUR_ANON_6705;NINEA_ANON_239;001-I
2512235;Importation;2021-01-19 12:35:29.853;EnCours;Mer;IMPORTATEUR_ANON_8895;NINEA_ANON_393;001-I
2389832;Importation;2020-04-09 10:49:30.477;Initialise;Mer;IMPORTATEUR_ANON_3660;NINEA_ANON_166;001-I
2601388;Importation;2021-08-05 11:02:59.523;EnCours;Mer;IMPORTATEUR_ANON_3863;NINEA_ANON_628;001-I
2434027;Importation;2020-07-21 12:26:57.783;EnCours;Mer;IMPORTATEUR_ANON_134;NINEA_ANON_630;001-I
2453292;Importation;2020-09-04 07:39:59.200;EnCours;Mer;IMPORTATEUR_ANON_3951;NINEA_ANON_125;001-I
2387855;Importation;2020-04-03 10:33:04.793;Initialise;Mer;IMPORTATEUR_ANON_2366;NINEA_ANON_800;001-I
2682443;Importation;2022-02-09 10:00:12.687;EnCours;Mer;IMPORTATEUR_ANON_2308;NINEA_ANON_475;001-I
2355292;Importation;2020-01-31 13:37:39.017;EnCours;Mer;IMPORTATEUR_ANON_6857;NINEA_ANON_43;001-I
2593607;Importation;2021-07-15 09:15:53.530;EnCours;Mer;IMPORTATEUR_ANON_2308;NINEA_ANON_475;001-I
2406371;Importation;2020-05-15 08:47:55.633;Initialise;Mer;IMPORTATEUR_ANON_8958;NINEA_ANON_25;001-I
2591185;Importation;2021-07-09 11:03:05.057;EnCours;Mer;IMPORTATEUR_ANON_134;NINEA_ANON_630;001-I
2604048;Importation;2021-08-11 13:49:38.500;EnCours;Mer;IMPORTATEUR_ANON_7464;NINEA_ANON_545;001-I
2428514;Importation;2020-07-08 12:14:05.670;EnCours;Mer;IMPORTATEUR_ANON_7464;NINEA_ANON_545;001-I
2435024;Importation;2020-07-23 10:05:00.060;EnCours;Mer;IMPORTATEUR_ANON_7583;NINEA_ANON_505;001-I
2482653;Importation;2020-11-10 13:45:05.260;EnCours;Mer;IMPORTATEUR_ANON_9564;NINEA_ANON_214;001-I
2541250;Importation;2021-03-23 13:42:34.483;EnCours;Mer;IMPORTATEUR_ANON_9284;NINEA_ANON_956;001-I
2347887;Importation;2020-01-17 14:17:49.673;Initialise;Mer;IMPORTATEUR_ANON_9284;NINEA_ANON_956;001-I
2419076;Importation;2020-06-17 10:22:29.293;EnCours;Mer;IMPORTATEUR_ANON_8427;NINEA_ANON_724;001-I
2406893;Importation;2020-05-16 13:12:33.783;EnCours;Mer;IMPORTATEUR_ANON_8011;NINEA_ANON_856;001-I
2667548;Importation;2022-01-04 14:56:55.610;EnCours;Mer;IMPORTATEUR_ANON_4424;NINEA_ANON_51;001-I
2589454;Importation;2021-07-06 16:14:24.650;EnCours;Mer;IMPORTATEUR_ANON_4426;NINEA_ANON_93;001-I
2478999;Importation;2020-11-04 11:51:54.913;EnCours;Mer;IMPORTATEUR_ANON_7464;NINEA_ANON_545;001-I
2634708;Importation;2021-10-22 16:32:34.780;EnCours;Mer;IMPORTATEUR_ANON_9284;NINEA_ANON_956;001-I
2690165;Importation;2022-02-22 07:42:15.750;Initialise;Mer;IMPORTATEUR_ANON_3863;NINEA_ANON_55;001-I
2346568;Importation;2020-01-15 16:23:41.047;Initialise;Mer;IMPORTATEUR_ANON_8958;NINEA_ANON_25;001-I
2485102;Importation;2020-11-16 15:19:09.087;Initialise;Mer;IMPORTATEUR_ANON_2506;NINEA_ANON_212;001-I
2601397;Importation;2021-08-05 11:11:05.593;EnCours;Mer;IMPORTATEUR_ANON_3951;NINEA_ANON_125;001-I
2544136;Importation;2021-03-30 07:36:06.140;EnCours;Mer;IMPORTATEUR_ANON_3863;NINEA_ANON_628;001-I
2495126;Importation;2020-12-08 14:21:25.313;EnCours;Mer;IMPORTATEUR_ANON_9284;NINEA_ANON_956;001-I
2414741;Importation;2020-06-08 12:19:18.877;EnCours;Mer;IMPORTATEUR_ANON_5760;NINEA_ANON_572;001-I
2482439;Importation;2020-11-10 10:38:27.243;EnCours;Mer;IMPORTATEUR_ANON_731;NINEA_ANON_494;001-I
2472795;Importation;2020-10-20 13:06:15.983;EnCours;Mer;IMPORTATEUR_ANON_5864;NINEA_ANON_371;001-I
2647199;Importation;2021-11-19 10:09:26.017;EnCours;Mer;IMPORTATEUR_ANON_7314;NINEA_ANON_328;001-I
2568635;Importation;2021-05-25 10:00:36.903;EnCours;Mer;IMPORTATEUR_ANON_4428;NINEA_ANON_879;001-I
2617552;Importation;2021-09-13 15:17:56.650;EnCours;Mer;IMPORTATEUR_ANON_428;NINEA_ANON_244;001-I
2678621;Importation;2022-01-31 12:21:46.770;EnCours;Mer;IMPORTATEUR_ANON_7464;NINEA_ANON_545;001-I
2536267;Importation;2021-03-13 10:08:38.260;EnCours;Mer;IMPORTATEUR_ANON_134;NINEA_ANON_630;
2472420;Importation;2020-10-20 08:21:31.080;EnCours;Mer;IMPORTATEUR_ANON_4462;NINEA_ANON_737;001-I
2410251;Importation;2020-05-27 11:44:26.403;EnCours;Mer;IMPORTATEUR_ANON_231;NINEA_ANON_86;001-I
2657491;Importation;2021-12-10 13:40:51.850;EnCours;Mer;IMPORTATEUR_ANON_7464;NINEA_ANON_545;001-I
2506224;Importation;2021-01-06 13:06:18.087;Initialise;Mer;IMPORTATEUR_ANON_7778;NINEA_ANON_618;001-I
2577794;Importation;2021-06-11 12:57:24.277;EnCours;Mer;IMPORTATEUR_ANON_278;NINEA_ANON_59;001-I
2499423;Importation;2020-12-17 12:12:05.830;Initialise;Mer;IMPORTATEUR_ANON_8958;NINEA_ANON_25;001-I
2429370;Importation;2020-07-09 16:46:48.047;EnCours;Mer;IMPORTATEUR_ANON_9284;NINEA_ANON_956;001-I
2503026;Importation;2020-12-28 12:06:26.230;EnCours;Mer;IMPORTATEUR_ANON_8488;NINEA_ANON_578;001-I
2390419;Importation;2020-04-10 10:49:54.020;EnCours;Mer;IMPORTATEUR_ANON_6681;NINEA_ANON_809;001-I
2411891;Importation;2020-06-02 11:02:54.010;EnCours;Mer;IMPORTATEUR_ANON_134;NINEA_ANON_630;001-I
2406484;Importation;2020-05-15 10:19:45.713;EnCours;Mer;IMPORTATEUR_ANON_2506;NINEA_ANON_212;001-I
2534078;Importation;2021-03-09 16:10:36.053;EnCours;Mer;IMPORTATEUR_ANON_134;NINEA_ANON_630;
2542067;Importation;2021-03-24 16:51:01.563;Initialise;Mer;IMPORTATEUR_ANON_7464;NINEA_ANON_545;001-I
2416142;Importation;2020-06-10 14:07:52.683;EnCours;Mer;IMPORTATEUR_ANON_9556;NINEA_ANON_768;001-I
2470621;Importation;2020-10-15 08:54:43.817;EnCours;Mer;IMPORTATEUR_ANON_3660;NINEA_ANON_379;001-I
2422388;Importation;2020-06-24 15:34:48.300;EnCours;Mer;IMPORTATEUR_ANON_819;NINEA_ANON_349;001-I
2640560;Importation;2021-11-05 13:25:52.337;EnCours;Mer;IMPORTATEUR_ANON_4869;NINEA_ANON_12;001-I
2405447;Importation;2020-05-13 11:01:44.010;EnCours;Mer;IMPORTATEUR_ANON_3896;NINEA_ANON_336;001-I
2513458;Importation;2021-01-21 11:47:50.143;EnCours;Mer;IMPORTATEUR_ANON_3839;NINEA_ANON_376;001-I
2547265;Importation;2021-04-06 16:15:41.027;EnCours;Mer;IMPORTATEUR_ANON_9284;NINEA_ANON_956;001-I
2513209;Importation;2021-01-21 08:03:54.073;EnCours;Mer;IMPORTATEUR_ANON_7056;NINEA_ANON_4;001-I
2379141;Importation;2020-03-16 14:54:31.563;EnCours;Mer;IMPORTATEUR_ANON_2308;NINEA_ANON_475;001-I
2533406;Importation;2021-03-09 08:29:47.097;EnCours;Mer;IMPORTATEUR_ANON_134;NINEA_ANON_630;
2496910;Importation;2020-12-11 12:42:16.513;EnCours;Mer;IMPORTATEUR_ANON_2506;NINEA_ANON_212;
2482245;Importation;2020-11-09 17:10:47.707;EnCours;Mer;IMPORTATEUR_ANON_7464;NINEA_ANON_545;001-I
2388241;Importation;2020-04-04 10:15:27.553;EnCours;Mer;IMPORTATEUR_ANON_2623;NINEA_ANON_939;001-I
2576388;Importation;2021-06-09 11:50:30.090;Initialise;Mer;IMPORTATEUR_ANON_5864;NINEA_ANON_371;001-I
2467909;Importation;2020-10-09 09:57:00.637;EnCours;Mer;IMPORTATEUR_ANON_2623;NINEA_ANON_939;001-I
2556186;Importation;2021-04-24 15:07:41.260;EnCours;Mer;IMPORTATEUR_ANON_134;NINEA_ANON_630;
2547747;Importation;2021-04-07 12:54:50.217;EnCours;Mer;IMPORTATEUR_ANON_544;NINEA_ANON_168;
2609651;Importation;2021-08-26 09:41:00.507;EnCours;Mer;IMPORTATEUR_ANON_134;NINEA_ANON_630;001-I
2445448;Importation;2020-08-17 14:56:57.813;EnCours;Mer;IMPORTATEUR_ANON_8735;NINEA_ANON_614;001-I
2685189;Réexportation;2022-02-14 14:22:27.333;EnCours;Mer;IMPORTATEUR_ANON_7248;NINEA_ANON_583;001-E
2686974;Importation;2022-02-16 12:26:23.127;EnCours;Mer;IMPORTATEUR_ANON_7279;NINEA_ANON_32;001-I
2546358;Importation;2021-04-02 12:57:18.290;EnCours;Mer;IMPORTATEUR_ANON_4428;NINEA_ANON_802;001-I
2599303;Importation;2021-07-31 08:17:50.543;EnCours;Mer;IMPORTATEUR_ANON_134;NINEA_ANON_630;001-I
2546133;Importation;2021-04-02 10:04:21.180;Initialise;Mer;IMPORTATEUR_ANON_5864;NINEA_ANON_371;001-I
2417943;Importation;2020-06-15 12:30:31.493;EnCours;Mer;IMPORTATEUR_ANON_2623;NINEA_ANON_939;001-I
2402395;Importation;2020-05-06 12:21:36.700;Initialise;Mer;IMPORTATEUR_ANON_7615;NINEA_ANON_363;001-I
2625194;Importation;2021-09-30 16:57:55.183;EnCours;Mer;IMPORTATEUR_ANON_6863;NINEA_ANON_240;001-I
2459560;Importation;2020-09-18 09:28:51.360;EnCours;Mer;IMPORTATEUR_ANON_2308;NINEA_ANON_475;001-I
2557009;Importation;2021-04-27 09:15:30.547;EnCours;Mer;IMPORTATEUR_ANON_2308;NINEA_ANON_475;001-I
2631525;Importation;2021-10-15 08:55:51.997;EnCours;Mer;IMPORTATEUR_ANON_4663;NINEA_ANON_805;001-I
2384280;Importation;2020-03-26 10:27:35.427;EnCours;Mer;IMPORTATEUR_ANON_2528;NINEA_ANON_944;001-I
2482499;Importation;2020-11-10 11:30:02.263;EnCours;Mer;IMPORTATEUR_ANON_5917;NINEA_ANON_128;001-I
2650413;Importation;2021-11-25 16:32:42.360;EnCours;Mer;IMPORTATEUR_ANON_1287;NINEA_ANON_674;001-I
2356864;Importation;2020-02-04 17:41:04.577;Initialise;Mer;IMPORTATEUR_ANON_359;NINEA_ANON_23;001-I
2398918;Importation;2020-04-30 16:10:39.440;EnCours;Mer;IMPORTATEUR_ANON_134;NINEA_ANON_630;001-I
2635260;Importation;2021-10-25 13:18:02.723;EnCours;Mer;IMPORTATEUR_ANON_7464;NINEA_ANON_545;001-I
2614981;Importation;2021-09-07 16:40:00.280;EnCours;Mer;IMPORTATEUR_ANON_2936;NINEA_ANON_344;001-I
2627735;Importation;2021-10-07 09:04:44.850;EnCours;Mer;IMPORTATEUR_ANON_4695;NINEA_ANON_514;001-I
2589586;Importation;2021-07-06 19:28:55.547;EnCours;Mer;IMPORTATEUR_ANON_9284;NINEA_ANON_956;001-I
2454468;Importation;2020-09-08 07:18:28.003;EnCours;Mer;IMPORTATEUR_ANON_3863;NINEA_ANON_628;001-I
2554413;Importation;2021-04-21 09:41:21.117;Initialise;Mer;IMPORTATEUR_ANON_2308;NINEA_ANON_475;001-I
2358387;Importation;2020-02-06 17:04:47.220;EnCours;Mer;IMPORTATEUR_ANON_4478;NINEA_ANON_705;001-I
2626755;Importation;2021-10-05 12:07:00.690;EnCours;Mer;IMPORTATEUR_ANON_134;NINEA_ANON_630;001-I
2593434;Importation;2021-07-14 15:47:48.330;EnCours;Mer;IMPORTATEUR_ANON_2506;NINEA_ANON_212;
2621269;Importation;2021-09-21 15:04:43.017;EnCours;Mer;IMPORTATEUR_ANON_2308;NINEA_ANON_475;001-I
2447041;Importation;2020-08-20 11:33:02.360;EnCours;Mer;IMPORTATEUR_ANON_6681;NINEA_ANON_809;001-I
2568473;Importation;2021-05-24 10:56:46.753;EnCours;Mer;IMPORTATEUR_ANON_134;NINEA_ANON_630;001-I
2562741;Importation;2021-05-08 10:16:30.003;EnCours;Mer;IMPORTATEUR_ANON_134;NINEA_ANON_630;
2405951;Importation;2020-05-14 10:09:58.373;EnCours;Mer;IMPORTATEUR_ANON_9537;NINEA_ANON_790;001-I
2566050;Importation;2021-05-18 12:10:01.963;EnCours;Mer;IMPORTATEUR_ANON_9825;NINEA_ANON_307;001-I
2476590;Importation;2020-10-28 14:27:19.670;EnCours;Mer;IMPORTATEUR_ANON_3264;NINEA_ANON_644;001-I
2383963;Importation;2020-03-25 12:58:19.010;EnCours;Mer;IMPORTATEUR_ANON_9284;NINEA_ANON_956;001-I
2572321;Importation;2021-06-01 10:48:55.560;EnCours;Mer;IMPORTATEUR_ANON_2623;NINEA_ANON_14;001-I
2462446;Importation;2020-09-24 16:44:12.330;EnCours;Mer;IMPORTATEUR_ANON_4744;NINEA_ANON_747;001-I
2590379;Importation;2021-07-08 09:53:58.600;EnCours;Mer;IMPORTATEUR_ANON_6751;NINEA_ANON_671;
2414256;Importation;2020-06-05 16:59:34.860;EnCours;Mer;IMPORTATEUR_ANON_1794;NINEA_ANON_122;001-I
2360467;Importation;2020-02-11 12:04:54.357;EnCours;Mer;IMPORTATEUR_ANON_9537;NINEA_ANON_49;001-I
2524331;Importation;2021-02-15 10:30:29.663;EnCours;Mer;IMPORTATEUR_ANON_3438;NINEA_ANON_590;
2378537;Importation;2020-03-14 10:47:36.367;EnCours;Mer;IMPORTATEUR_ANON_2623;NINEA_ANON_939;001-I
2631341;Importation;2021-10-14 16:07:00.627;EnCours;Mer;IMPORTATEUR_ANON_7464;NINEA_ANON_545;001-I
2362105;Importation;2020-02-13 12:33:28.250;EnCours;Mer;IMPORTATEUR_ANON_134;NINEA_ANON_630;001-I
2675572;Importation;2022-01-24 12:16:31.360;EnCours;Mer;IMPORTATEUR_ANON_1733;NINEA_ANON_336;001-I
2443170;Importation;2020-08-11 16:37:51.090;EnCours;Mer;IMPORTATEUR_ANON_134;NINEA_ANON_630;001-I
2386790;Importation;2020-04-01 12:43:59.320;Initialise;Mer;IMPORTATEUR_ANON_134;NINEA_ANON_630;001-I
2568830;Importation;2021-05-25 11:39:47.460;EnCours;Mer;IMPORTATEUR_ANON_9284;NINEA_ANON_956;001-I
2498154;Importation;2020-12-15 11:27:36.620;EnCours;Mer;IMPORTATEUR_ANON_5014;NINEA_ANON_959;001-I
2545788;Importation;2021-04-01 14:16:27.390;EnCours;Mer;IMPORTATEUR_ANON_3863;NINEA_ANON_628;001-I
2493357;Importation;2020-12-03 14:38:24.320;EnCours;Mer;IMPORTATEUR_ANON_2308;NINEA_ANON_475;001-I
2558151;Importation;2021-04-28 15:19:41.323;EnCours;Mer;IMPORTATEUR_ANON_1960;NINEA_ANON_164;001-I
2691007;Importation;2022-02-23 09:11:44.790;EnCours;Mer;IMPORTATEUR_ANON_846;NINEA_ANON_625;001-I
2412551;Importation;2020-06-03 10:09:00.463;EnCours;Mer;IMPORTATEUR_ANON_2848;NINEA_ANON_875;001-I
2675996;Importation;2022-01-25 09:14:40.043;EnCours;Mer;IMPORTATEUR_ANON_6159;NINEA_ANON_124;001-I
2501868;Importation;2020-12-23 10:41:35.117;EnCours;Mer;IMPORTATEUR_ANON_9537;NINEA_ANON_790;001-I
2565452;Importation;2021-05-17 13:59:40.473;EnCours;Mer;IMPORTATEUR_ANON_3660;NINEA_ANON_379;001-I
2417766;Importation;2020-06-15 10:39:31.473;EnCours;Mer;IMPORTATEUR_ANON_7166;NINEA_ANON_390;001-I
2480426;Importation;2020-11-06 14:54:12.667;EnCours;Mer;IMPORTATEUR_ANON_6681;NINEA_ANON_809;001-I
2376717;Importation;2020-03-11 12:09:44.153;EnCours;Mer;IMPORTATEUR_ANON_4521;NINEA_ANON_746;001-I
2418485;Importation;2020-06-16 10:20:56.680;EnCours;Mer;IMPORTATEUR_ANON_8393;NINEA_ANON_650;001-I
2453470;Importation;2020-09-04 11:07:03.633;EnCours;Mer;IMPORTATEUR_ANON_1818;NINEA_ANON_980;001-I
2423090;Importation;2020-06-25 16:25:52.537;EnCours;Mer;IMPORTATEUR_ANON_482;NINEA_ANON_871;001-I
2573028;Importation;2021-06-02 10:39:16.243;EnCours;Mer;IMPORTATEUR_ANON_1563;NINEA_ANON_427;001-I
2570327;Importation;2021-05-27 11:29:06.450;EnCours;Mer;IMPORTATEUR_ANON_6857;NINEA_ANON_43;001-I
2687302;Importation;2022-02-16 15:45:08.990;EnCours;Mer;IMPORTATEUR_ANON_7528;NINEA_ANON_447;001-I
2650100;Importation;2021-11-25 11:27:42.503;EnCours;Mer;IMPORTATEUR_ANON_134;NINEA_ANON_630;001-I
2621855;Importation;2021-09-22 13:30:38.273;EnCours;Mer;IMPORTATEUR_ANON_134;NINEA_ANON_630;001-I
2529469;Importation;2021-02-25 09:18:20.527;EnCours;Mer;IMPORTATEUR_ANON_4663;NINEA_ANON_805;001-I
2364490;Importation;2020-02-18 14:29:43.433;EnCours;Mer;IMPORTATEUR_ANON_2506;NINEA_ANON_212;001-I
2566857;Importation;2021-05-19 12:43:15.913;EnCours;Mer;IMPORTATEUR_ANON_9750;NINEA_ANON_874;001-I
2581175;Importation;2021-06-18 12:56:32.970;EnCours;Mer;IMPORTATEUR_ANON_5730;NINEA_ANON_141;
2606942;Importation;2021-08-18 13:06:41.457;EnCours;Mer;IMPORTATEUR_ANON_8011;NINEA_ANON_7;001-I
2628057;Importation;2021-10-07 13:50:18.557;EnCours;Mer;IMPORTATEUR_ANON_5609;NINEA_ANON_550;001-I
2563489;Importation;2021-05-10 15:58:34.333;Initialise;Mer;IMPORTATEUR_ANON_8403;NINEA_ANON_584;001-I
2450147;Importation;2020-08-27 15:02:04.630;EnCours;Mer;IMPORTATEUR_ANON_5181;NINEA_ANON_787;001-I
2357359;Transit;2020-02-05 13:10:35.323;Initialise;Mer;IMPORTATEUR_ANON_9929;NINEA_ANON_356;001-E
2350329;Importation;2020-01-22 14:58:17.053;EnCours;Mer;IMPORTATEUR_ANON_134;NINEA_ANON_630;001-I
2486004;Importation;2020-11-18 10:55:14.430;EnCours;Mer;IMPORTATEUR_ANON_4663;NINEA_ANON_805;001-I
2577313;Importation;2021-06-10 16:37:41.710;EnCours;Mer;IMPORTATEUR_ANON_3108;NINEA_ANON_121;001-I
2587220;Importation;2021-07-01 14:53:46.420;EnCours;Mer;IMPORTATEUR_ANON_3863;NINEA_ANON_55;001-I
2599268;Importation;2021-07-30 17:34:05.430;EnCours;Mer;IMPORTATEUR_ANON_7569;NINEA_ANON_834;001-I
2345209;Importation;2020-01-14 09:41:04.117;Initialise;Mer;IMPORTATEUR_ANON_3705;NINEA_ANON_53;001-I
2477400;Importation;2020-11-02 08:07:29.907;EnCours;Mer;IMPORTATEUR_ANON_6368;NINEA_ANON_526;001-I
2469377;Importation;2020-10-13 10:35:49.470;EnCours;Mer;IMPORTATEUR_ANON_1308;NINEA_ANON_693;001-I
2442187;Importation;2020-08-10 11:37:34.163;EnCours;Mer;IMPORTATEUR_ANON_5804;NINEA_ANON_779;001-I
2627509;Importation;2021-10-06 13:51:28.140;EnCours;Mer;IMPORTATEUR_ANON_347;NINEA_ANON_745;001-I
2363342;Importation;2020-02-17 11:02:52.310;EnCours;Mer;IMPORTATEUR_ANON_2506;NINEA_ANON_212;001-I
2508398;Importation;2021-01-12 10:20:33.347;EnCours;Mer;IMPORTATEUR_ANON_2623;NINEA_ANON_939;001-I
2409433;Importation;2020-05-26 10:25:17.300;EnCours;Mer;IMPORTATEUR_ANON_6539;NINEA_ANON_481;001-I
2519827;Importation;2021-02-03 15:52:54.543;EnCours;Mer;IMPORTATEUR_ANON_2308;NINEA_ANON_475;001-I
2569965;Importation;2021-05-26 16:15:50.717;EnCours;Mer;IMPORTATEUR_ANON_4209;NINEA_ANON_188;001-I
2455607;Importation;2020-09-09 14:11:59.540;Initialise;Mer;IMPORTATEUR_ANON_4351;NINEA_ANON_975;001-I
2465694;Importation;2020-10-02 09:08:11.573;Initialise;Mer;IMPORTATEUR_ANON_3016;NINEA_ANON_283;001-I
2646240;Importation;2021-11-17 16:57:33.880;EnCours;Mer;IMPORTATEUR_ANON_7464;NINEA_ANON_545;001-I
2436503;Importation;2020-07-27 14:59:08.607;EnCours;Mer;IMPORTATEUR_ANON_2623;NINEA_ANON_939;001-I
2688471;Importation;2022-02-18 09:32:29.740;EnCours;Mer;IMPORTATEUR_ANON_2308;NINEA_ANON_475;001-I
2617672;Importation;2021-09-13 16:43:08.363;EnCours;Mer;IMPORTATEUR_ANON_7464;NINEA_ANON_545;001-I
2375434;Importation;2020-03-09 17:49:43.120;EnCours;Mer;IMPORTATEUR_ANON_855;NINEA_ANON_600;001-I
2460402;Importation;2020-09-21 13:24:14.763;EnCours;Mer;IMPORTATEUR_ANON_1907;NINEA_ANON_717;001-I
2578337;Importation;2021-06-14 11:03:41.577;EnCours;Mer;IMPORTATEUR_ANON_3895;NINEA_ANON_612;001-I
2558253;Importation;2021-04-28 16:45:51.697;EnCours;Mer;IMPORTATEUR_ANON_9889;NINEA_ANON_389;001-I
2395698;Importation;2020-04-23 11:10:43.657;EnCours;Mer;IMPORTATEUR_ANON_7464;NINEA_ANON_545;001-I
2379147;Importation;2020-03-16 14:58:25.453;EnCours;Mer;IMPORTATEUR_ANON_4060;NINEA_ANON_533;001-I
2436548;Importation;2020-07-27 15:41:32.097;EnCours;Mer;IMPORTATEUR_ANON_9284;NINEA_ANON_956;001-I
2566039;Importation;2021-05-18 12:02:32.020;EnCours;Mer;IMPORTATEUR_ANON_9749;NINEA_ANON_190;
2484067;Importation;2020-11-13 08:57:46.347;EnCours;Mer;IMPORTATEUR_ANON_7514;NINEA_ANON_521;001-I
2589854;Importation;2021-07-07 11:33:40.130;EnCours;Mer;IMPORTATEUR_ANON_6705;NINEA_ANON_239;001-I
2584431;Importation;2021-06-25 12:19:20.583;EnCours;Mer;IMPORTATEUR_ANON_9540;NINEA_ANON_318;
2357453;Importation;2020-02-05 15:16:27.897;EnCours;Mer;IMPORTATEUR_ANON_9284;NINEA_ANON_956;001-I
2367797;Importation;2020-02-25 10:03:38.843;EnCours;Mer;IMPORTATEUR_ANON_1133;NINEA_ANON_122;001-I
2682444;Importation;2022-02-09 10:00:21.673;EnCours;Mer;IMPORTATEUR_ANON_638;NINEA_ANON_384;001-I
2445992;Importation;2020-08-18 14:42:38.553;EnCours;Mer;IMPORTATEUR_ANON_546;NINEA_ANON_211;001-I
2420079;Importation;2020-06-19 08:49:37.013;EnCours;Mer;IMPORTATEUR_ANON_9284;NINEA_ANON_956;001-I
2418616;Importation;2020-06-16 11:53:10.650;EnCours;Mer;IMPORTATEUR_ANON_8839;NINEA_ANON_871;001-I
2374135;Importation;2020-03-06 11:13:00.930;EnCours;Mer;IMPORTATEUR_ANON_102;NINEA_ANON_601;001-I
2521575;Importation;2021-02-08 13:12:12.653;EnCours;Mer;IMPORTATEUR_ANON_4744;NINEA_ANON_747;001-I
2664087;Importation;2021-12-27 08:29:34.990;EnCours;Mer;IMPORTATEUR_ANON_7464;NINEA_ANON_545;001-I
2605715;Importation;2021-08-16 12:27:09.013;EnCours;Mer;IMPORTATEUR_ANON_8011;NINEA_ANON_7;001-I
2661981;Importation;2021-12-21 10:43:55.913;EnCours;Mer;IMPORTATEUR_ANON_4428;NINEA_ANON_725;001-I
2351340;Importation;2020-01-24 10:01:43.170;EnCours;Mer;IMPORTATEUR_ANON_6309;NINEA_ANON_385;001-I
2487762;Importation;2020-11-23 10:09:18.323;EnCours;Mer;IMPORTATEUR_ANON_2308;NINEA_ANON_475;001-I
2589570;Importation;2021-07-06 18:41:12.370;EnCours;Mer;IMPORTATEUR_ANON_8011;NINEA_ANON_7;001-I
2605976;Importation;2021-08-16 16:32:59.167;EnCours;Mer;IMPORTATEUR_ANON_7013;NINEA_ANON_71;001-I
2424016;Importation;2020-06-29 11:38:29.333;EnCours;Mer;IMPORTATEUR_ANON_134;NINEA_ANON_630;001-I
2422996;Importation;2020-06-25 15:08:25.847;Initialise;Mer;IMPORTATEUR_ANON_1069;NINEA_ANON_170;001-I
2472875;Importation;2020-10-20 14:53:11.093;EnCours;Mer;IMPORTATEUR_ANON_449;NINEA_ANON_787;001-I
2655756;Importation;2021-12-07 16:11:43.970;EnCours;Mer;IMPORTATEUR_ANON_739;NINEA_ANON_254;001-I
2472372;Importation;2020-10-19 17:17:50.557;EnCours;Mer;IMPORTATEUR_ANON_6563;NINEA_ANON_835;001-I
2662194;Importation;2021-12-21 13:42:30.690;EnCours;Mer;IMPORTATEUR_ANON_7464;NINEA_ANON_545;001-I
2558122;Importation;2021-04-28 14:53:47.467;EnCours;Mer;IMPORTATEUR_ANON_7569;NINEA_ANON_852;001-I
2466712;Importation;2020-10-07 10:28:36.613;EnCours;Mer;IMPORTATEUR_ANON_9284;NINEA_ANON_956;001-I
2573608;Importation;2021-06-03 10:02:15.000;EnCours;Mer;IMPORTATEUR_ANON_8051;NINEA_ANON_371;001-I
2486190;Importation;2020-11-18 13:10:17.427;EnCours;Mer;IMPORTATEUR_ANON_8987;NINEA_ANON_245;001-I
2621006;Importation;2021-09-21 11:18:56.297;EnCours;Mer;IMPORTATEUR_ANON_9008;NINEA_ANON_224;001-I
2389901;Importation;2020-04-09 12:06:07.453;EnCours;Mer;IMPORTATEUR_ANON_2303;NINEA_ANON_774;001-I
2406640;Importation;2020-05-15 12:10:12.503;EnCours;Mer;IMPORTATEUR_ANON_9284;NINEA_ANON_956;001-I
2565027;Importation;2021-05-17 09:42:01.547;EnCours;Mer;IMPORTATEUR_ANON_7289;NINEA_ANON_748;
2353450;Importation;2020-01-28 16:39:32.630;EnCours;Mer;IMPORTATEUR_ANON_134;NINEA_ANON_630;001-I
2573029;Importation;2021-06-02 10:39:29.560;Initialise;Mer;IMPORTATEUR_ANON_1426;NINEA_ANON_616;001-I
2690982;Importation;2022-02-23 08:46:04.570;EnCours;Mer;IMPORTATEUR_ANON_9628;NINEA_ANON_405;001-I
2453416;Importation;2020-09-04 10:36:53.477;EnCours;Mer;IMPORTATEUR_ANON_134;NINEA_ANON_630;001-I
2656229;Importation;2021-12-08 13:27:29.437;EnCours;Mer;IMPORTATEUR_ANON_1287;NINEA_ANON_674;001-I
2362670;Importation;2020-02-14 10:44:28.920;EnCours;Mer;IMPORTATEUR_ANON_8751;NINEA_ANON_215;001-I
2480135;Importation;2020-11-06 09:55:22.470;EnCours;Mer;IMPORTATEUR_ANON_8393;NINEA_ANON_650;001-I
2648633;Importation;2021-11-23 08:14:53.723;EnCours;Mer;IMPORTATEUR_ANON_7464;NINEA_ANON_545;001-I
2521296;Importation;2021-02-08 10:34:08.300;EnCours;Mer;IMPORTATEUR_ANON_4428;NINEA_ANON_802;001-I
2533184;Importation;2021-03-05 22:26:29.487;EnCours;Mer;IMPORTATEUR_ANON_9284;NINEA_ANON_956;001-I
2560139;Importation;2021-05-03 15:29:26.067;EnCours;Mer;IMPORTATEUR_ANON_5864;NINEA_ANON_371;001-I
2547105;Importation;2021-04-06 14:19:25.480;EnCours;Mer;IMPORTATEUR_ANON_1352;NINEA_ANON_854;001-I
2364341;Importation;2020-02-18 12:35:33.253;Initialise;Mer;IMPORTATEUR_ANON_5791;NINEA_ANON_4;001-I
2625270;Importation;2021-10-01 09:02:53.480;EnCours;Mer;IMPORTATEUR_ANON_2308;NINEA_ANON_475;001-I
2533141;Importation;2021-03-05 11:44:05.687;EnCours;Mer;IMPORTATEUR_ANON_3332;NINEA_ANON_846;
2535662;Importation;2021-03-12 09:19:46.627;EnCours;Mer;IMPORTATEUR_ANON_5014;NINEA_ANON_959;
2645761;Importation;2021-11-17 10:34:22.850;EnCours;Mer;IMPORTATEUR_ANON_3863;NINEA_ANON_628;001-I
2670424;Importation;2022-01-12 10:00:47.833;EnCours;Mer;IMPORTATEUR_ANON_9284;NINEA_ANON_956;001-I
2491014;Importation;2020-11-30 09:01:51.797;EnCours;Mer;IMPORTATEUR_ANON_2575;NINEA_ANON_985;001-I
2647938;Importation;2021-11-22 09:42:24.600;EnCours;Mer;IMPORTATEUR_ANON_2623;NINEA_ANON_14;001-I
2613196;Importation;2021-09-03 08:21:59.887;EnCours;Mer;IMPORTATEUR_ANON_9284;NINEA_ANON_956;001-I
2410228;Transit;2020-05-27 11:20:24.343;Initialise;Mer;IMPORTATEUR_ANON_6751;NINEA_ANON_998;001-E
2413202;Importation;2020-06-04 09:00:01.937;EnCours;Mer;IMPORTATEUR_ANON_8011;NINEA_ANON_856;001-I
2610082;Importation;2021-08-26 15:45:39.480;EnCours;Mer;IMPORTATEUR_ANON_5804;NINEA_ANON_779;001-I
2432125;Importation;2020-07-16 11:14:04.157;EnCours;Mer;IMPORTATEUR_ANON_9284;NINEA_ANON_956;001-I
2512634;Importation;2021-01-20 09:21:25.057;EnCours;Mer;IMPORTATEUR_ANON_2308;NINEA_ANON_475;001-I
2677973;Importation;2022-01-28 12:07:42.600;EnCours;Mer;IMPORTATEUR_ANON_8735;NINEA_ANON_614;001-I
2595886;Transit;2021-07-23 11:14:34.507;EnCours;Mer;IMPORTATEUR_ANON_8393;NINEA_ANON_585;
2483493;Importation;2020-11-12 08:50:28.643;EnCours;Mer;IMPORTATEUR_ANON_7021;NINEA_ANON_570;001-I
2513519;Importation;2021-01-21 12:21:18.520;EnCours;Mer;IMPORTATEUR_ANON_9711;NINEA_ANON_386;001-I
2601435;Importation;2021-08-05 11:32:23.303;EnCours;Mer;IMPORTATEUR_ANON_3951;NINEA_ANON_125;001-I
2635110;Importation;2021-10-25 11:55:06.773;EnCours;Mer;IMPORTATEUR_ANON_8863;NINEA_ANON_934;001-I
2666455;Importation;2021-12-31 10:33:29.780;EnCours;Mer;IMPORTATEUR_ANON_9628;NINEA_ANON_405;001-I
2541955;Importation;2021-03-24 15:32:10.070;EnCours;Mer;IMPORTATEUR_ANON_9008;NINEA_ANON_224;001-I
2482950;Importation;2020-11-11 09:15:16.880;EnCours;Mer;IMPORTATEUR_ANON_2623;NINEA_ANON_939;001-I
2587520;Importation;2021-07-02 10:10:02.123;EnCours;Mer;IMPORTATEUR_ANON_134;NINEA_ANON_630;001-I
2425508;Importation;2020-07-01 15:27:44.853;EnCours;Mer;IMPORTATEUR_ANON_9284;NINEA_ANON_956;001-I
2594583;Importation;2021-07-16 15:32:37.460;EnCours;Mer;IMPORTATEUR_ANON_2623;NINEA_ANON_14;001-I
2683519;Importation;2022-02-10 11:19:14.410;EnCours;Mer;IMPORTATEUR_ANON_8011;NINEA_ANON_7;001-I
2508244;Importation;2021-01-11 17:05:19.050;EnCours;Mer;IMPORTATEUR_ANON_9877;NINEA_ANON_193;001-I
2411019;Importation;2020-05-28 15:24:00.450;EnCours;Mer;IMPORTATEUR_ANON_9628;NINEA_ANON_405;001-I
2625042;Importation;2021-09-30 14:41:25.683;EnCours;Mer;IMPORTATEUR_ANON_4426;NINEA_ANON_93;001-I
2611615;Importation;2021-08-31 10:58:06.007;EnCours;Mer;IMPORTATEUR_ANON_134;NINEA_ANON_630;001-I
2485870;Importation;2020-11-18 09:18:04.167;EnCours;Mer;IMPORTATEUR_ANON_134;NINEA_ANON_630;001-I
2450612;Importation;2020-08-28 12:49:04.560;EnCours;Mer;IMPORTATEUR_ANON_173;NINEA_ANON_152;001-I
2583468;Importation;2021-06-23 16:22:46.270;EnCours;Mer;IMPORTATEUR_ANON_6336;NINEA_ANON_753;001-I
2414542;Importation;2020-06-08 10:28:16.573;EnCours;Mer;IMPORTATEUR_ANON_9284;NINEA_ANON_956;001-I
2362334;Importation;2020-02-13 16:13:51.733;EnCours;Mer;IMPORTATEUR_ANON_9284;NINEA_ANON_956;001-I
2489676;Importation;2020-11-25 19:07:43.353;Initialise;Mer;IMPORTATEUR_ANON_4730;NINEA_ANON_158;001-I
2464242;Importation;2020-09-29 13:12:50.280;EnCours;Mer;IMPORTATEUR_ANON_6107;NINEA_ANON_898;001-I
2390264;Importation;2020-04-09 17:20:10.630;EnCours;Mer;IMPORTATEUR_ANON_3660;NINEA_ANON_379;001-I
2451230;Importation;2020-08-31 12:37:36.050;EnCours;Mer;IMPORTATEUR_ANON_7891;NINEA_ANON_637;001-I
2383853;Importation;2020-03-25 11:51:34.220;EnCours;Mer;IMPORTATEUR_ANON_134;NINEA_ANON_630;001-I
2583385;Importation;2021-06-23 15:15:28.843;EnCours;Mer;IMPORTATEUR_ANON_8470;NINEA_ANON_452;001-I
2418985;Importation;2020-06-17 09:05:16.107;EnCours;Mer;IMPORTATEUR_ANON_2308;NINEA_ANON_475;001-I
2578424;Importation;2021-06-14 11:56:23.257;EnCours;Mer;IMPORTATEUR_ANON_2506;NINEA_ANON_212;
2490689;Importation;2020-11-27 14:13:54.560;EnCours;Mer;IMPORTATEUR_ANON_5606;NINEA_ANON_396;001-I
2426671;Importation;2020-07-03 15:17:45.680;EnCours;Mer;IMPORTATEUR_ANON_7850;NINEA_ANON_231;001-I
2416496;Importation;2020-06-11 10:48:51.210;EnCours;Mer;IMPORTATEUR_ANON_5780;NINEA_ANON_48;001-I
2420333;Importation;2020-06-19 12:01:05.790;EnCours;Mer;IMPORTATEUR_ANON_1497;NINEA_ANON_490;001-I
2373464;Importation;2020-03-05 10:36:22.130;EnCours;Mer;IMPORTATEUR_ANON_8717;NINEA_ANON_646;001-I
2454311;Importation;2020-09-07 15:13:32.983;EnCours;Mer;IMPORTATEUR_ANON_3428;NINEA_ANON_29;001-I
2597098;Importation;2021-07-27 11:29:43.093;EnCours;Mer;IMPORTATEUR_ANON_2013;NINEA_ANON_650;001-I
2559107;Importation;2021-04-30 10:52:49.937;EnCours;Mer;IMPORTATEUR_ANON_1396;NINEA_ANON_79;001-I
2599667;Importation;2021-08-02 12:01:41.093;EnCours;Mer;IMPORTATEUR_ANON_3660;NINEA_ANON_379;001-I
2574569;Importation;2021-06-04 16:29:59.730;EnCours;Mer;IMPORTATEUR_ANON_7850;NINEA_ANON_231;001-I
2426500;Importation;2020-07-03 12:26:42.040;EnCours;Mer;IMPORTATEUR_ANON_9284;NINEA_ANON_956;001-I
2430285;Importation;2020-07-13 11:17:31.460;EnCours;Mer;IMPORTATEUR_ANON_4717;NINEA_ANON_357;001-I
2595110;Importation;2021-07-19 14:01:33.370;EnCours;Mer;IMPORTATEUR_ANON_8694;NINEA_ANON_311;001-I
2484218;Importation;2020-11-13 10:59:26.747;EnCours;Mer;IMPORTATEUR_ANON_3438;NINEA_ANON_590;001-I
2570210;Importation;2021-05-27 10:21:11.817;EnCours;Mer;IMPORTATEUR_ANON_4930;NINEA_ANON_768;
2367808;Importation;2020-02-25 10:07:04.703;EnCours;Mer;IMPORTATEUR_ANON_7464;NINEA_ANON_545;001-I
2396302;Importation;2020-04-24 12:22:42.960;EnCours;Mer;IMPORTATEUR_ANON_4209;NINEA_ANON_188;001-I
2378154;Importation;2020-03-13 11:40:42.830;Initialise;Mer;IMPORTATEUR_ANON_9218;NINEA_ANON_750;001-I
2596964;Importation;2021-07-27 09:55:01.007;EnCours;Mer;IMPORTATEUR_ANON_2308;NINEA_ANON_475;001-I
2512051;Importation;2021-01-19 11:08:10.103;EnCours;Mer;IMPORTATEUR_ANON_9549;NINEA_ANON_951;
2520888;Importation;2021-02-05 14:37:49.987;EnCours;Mer;IMPORTATEUR_ANON_9284;NINEA_ANON_956;001-I
2593710;Importation;2021-07-15 10:49:52.390;EnCours;Mer;IMPORTATEUR_ANON_2308;NINEA_ANON_475;001-I
2610686;Importation;2021-08-27 15:54:54.827;EnCours;Mer;IMPORTATEUR_ANON_2623;NINEA_ANON_14;001-I
2490709;Importation;2020-11-27 14:50:40.063;EnCours;Mer;IMPORTATEUR_ANON_9284;NINEA_ANON_956;001-I
2640607;Importation;2021-11-05 14:46:10.557;EnCours;Mer;IMPORTATEUR_ANON_9284;NINEA_ANON_956;001-I
2531463;Importation;2021-03-02 11:15:41.910;EnCours;Mer;IMPORTATEUR_ANON_5333;NINEA_ANON_645;
2379840;Importation;2020-03-17 12:47:22.090;Initialise;Mer;IMPORTATEUR_ANON_3863;NINEA_ANON_628;001-I
2473528;Importation;2020-10-21 15:10:13.560;EnCours;Mer;IMPORTATEUR_ANON_3264;NINEA_ANON_644;001-I
2565650;Importation;2021-05-17 16:53:42.947;EnCours;Mer;IMPORTATEUR_ANON_8011;NINEA_ANON_856;001-I
2614566;Importation;2021-09-07 10:33:45.380;EnCours;Mer;IMPORTATEUR_ANON_134;NINEA_ANON_630;001-I
2523554;Importation;2021-02-11 16:25:47.330;Initialise;Mer;IMPORTATEUR_ANON_199;NINEA_ANON_107;001-I
2383968;Importation;2020-03-25 13:05:22.363;EnCours;Mer;IMPORTATEUR_ANON_9284;NINEA_ANON_956;001-I
2684199;Importation;2022-02-11 10:40:03.810;EnCours;Mer;IMPORTATEUR_ANON_9628;NINEA_ANON_405;001-I
2593625;Importation;2021-07-15 09:34:02.693;EnCours;Mer;IMPORTATEUR_ANON_2308;NINEA_ANON_475;001-I
2449116;Importation;2020-08-25 16:10:56.353;EnCours;Mer;IMPORTATEUR_ANON_1818;NINEA_ANON_980;001-I
2428629;Importation;2020-07-08 14:04:17.607;EnCours;Mer;IMPORTATEUR_ANON_2366;NINEA_ANON_800;001-I
2668730;Importation;2022-01-07 10:12:38.787;EnCours;Mer;IMPORTATEUR_ANON_2308;NINEA_ANON_475;001-I
2623746;Importation;2021-09-28 14:23:07.560;EnCours;Mer;IMPORTATEUR_ANON_3863;NINEA_ANON_628;001-I
2382228;Importation;2020-03-21 14:02:35.283;EnCours;Mer;IMPORTATEUR_ANON_134;NINEA_ANON_630;001-I
2637554;Importation;2021-10-29 08:58:02.307;EnCours;Mer;IMPORTATEUR_ANON_1133;NINEA_ANON_122;001-I
2557787;Importation;2021-04-28 10:19:47.723;Initialise;Mer;IMPORTATEUR_ANON_9628;NINEA_ANON_405;001-I
2601973;Importation;2021-08-06 11:43:12.483;EnCours;Mer;IMPORTATEUR_ANON_5864;NINEA_ANON_371;001-I
2382500;Importation;2020-03-23 11:26:16.190;EnCours;Mer;IMPORTATEUR_ANON_2506;NINEA_ANON_212;001-I
2492264;Importation;2020-12-01 16:41:57.037;EnCours;Mer;IMPORTATEUR_ANON_4426;NINEA_ANON_93;001-I
2469876;Importation;2020-10-13 17:03:41.397;EnCours;Mer;IMPORTATEUR_ANON_4717;NINEA_ANON_357;001-I
2425065;Importation;2020-07-01 08:30:50.423;EnCours;Mer;IMPORTATEUR_ANON_1818;NINEA_ANON_980;001-I
2485249;Importation;2020-11-17 08:18:25.473;Initialise;Mer;IMPORTATEUR_ANON_7464;NINEA_ANON_545;001-I
2428464;Importation;2020-07-08 11:29:22.690;EnCours;Mer;IMPORTATEUR_ANON_347;NINEA_ANON_745;001-I
2492506;Importation;2020-12-02 11:18:18.333;EnCours;Mer;IMPORTATEUR_ANON_9750;NINEA_ANON_628;001-I
2390824;Importation;2020-04-11 19:56:39.983;EnCours;Mer;IMPORTATEUR_ANON_8302;NINEA_ANON_608;001-I
2623629;Importation;2021-09-28 12:31:16.803;EnCours;Mer;IMPORTATEUR_ANON_3863;NINEA_ANON_628;001-I
2479433;Importation;2020-11-05 09:16:21.133;EnCours;Mer;IMPORTATEUR_ANON_12;NINEA_ANON_977;001-I
2364811;Importation;2020-02-19 08:56:53.903;EnCours;Mer;IMPORTATEUR_ANON_7987;NINEA_ANON_839;001-I
2547106;Importation;2021-04-06 14:19:28.013;EnCours;Mer;IMPORTATEUR_ANON_1352;NINEA_ANON_854;001-I
2615123;Importation;2021-09-08 09:41:18.690;EnCours;Mer;IMPORTATEUR_ANON_4670;NINEA_ANON_48;001-I
2435012;Importation;2020-07-23 09:59:36.410;EnCours;Mer;IMPORTATEUR_ANON_134;NINEA_ANON_630;001-I
2476575;Importation;2020-10-28 14:03:49.160;EnCours;Mer;IMPORTATEUR_ANON_4744;NINEA_ANON_747;001-I
2454179;Importation;2020-09-07 12:34:26.363;EnCours;Mer;IMPORTATEUR_ANON_2565;NINEA_ANON_62;001-I
2557196;Importation;2021-04-27 11:04:46.733;EnCours;Mer;IMPORTATEUR_ANON_1308;NINEA_ANON_693;
2584190;Importation;2021-06-25 09:46:00.980;EnCours;Mer;IMPORTATEUR_ANON_1818;NINEA_ANON_980;001-I
2413483;Importation;2020-06-04 12:56:31.377;EnCours;Mer;IMPORTATEUR_ANON_7464;NINEA_ANON_545;001-I
2467481;Importation;2020-10-08 13:21:37.670;EnCours;Mer;IMPORTATEUR_ANON_7464;NINEA_ANON_545;001-I
2503421;Importation;2020-12-29 07:45:12.017;EnCours;Mer;IMPORTATEUR_ANON_7464;NINEA_ANON_545;001-I
2588316;Importation;2021-07-05 10:33:23.220;EnCours;Mer;IMPORTATEUR_ANON_7464;NINEA_ANON_545;001-I
2494572;Importation;2020-12-07 14:58:31.850;EnCours;Mer;IMPORTATEUR_ANON_134;NINEA_ANON_630;001-I
2574984;Importation;2021-06-07 11:31:58.730;EnCours;Mer;IMPORTATEUR_ANON_7464;NINEA_ANON_545;001-I
2577613;Importation;2021-06-11 10:51:20.527;EnCours;Mer;IMPORTATEUR_ANON_428;NINEA_ANON_244;001-I
2476586;Importation;2020-10-28 14:21:54.927;EnCours;Mer;IMPORTATEUR_ANON_2308;NINEA_ANON_475;001-I
2459970;Importation;2020-09-19 10:12:56.337;EnCours;Mer;IMPORTATEUR_ANON_8011;NINEA_ANON_856;001-I
2615557;Importation;2021-09-08 15:47:23.840;EnCours;Mer;IMPORTATEUR_ANON_6159;NINEA_ANON_142;001-I
2678645;Importation;2022-01-31 12:34:32.243;EnCours;Mer;IMPORTATEUR_ANON_7464;NINEA_ANON_545;001-I
2548825;Importation;2021-04-09 10:05:31.887;EnCours;Mer;IMPORTATEUR_ANON_7464;NINEA_ANON_545;001-I
2545269;Importation;2021-03-31 16:04:16.043;EnCours;Mer;IMPORTATEUR_ANON_9665;NINEA_ANON_68;001-I
2493687;Importation;2020-12-04 10:53:31.440;EnCours;Mer;IMPORTATEUR_ANON_9284;NINEA_ANON_956;001-I
2558144;Importation;2021-04-28 15:11:04.517;EnCours;Mer;IMPORTATEUR_ANON_6681;NINEA_ANON_809;001-I
2578110;Importation;2021-06-12 13:23:42.373;EnCours;Mer;IMPORTATEUR_ANON_134;NINEA_ANON_630;001-I
2502859;Importation;2020-12-28 10:11:56.690;EnCours;Mer;IMPORTATEUR_ANON_819;NINEA_ANON_349;001-I
2493205;Importation;2020-12-03 11:50:49.647;EnCours;Mer;IMPORTATEUR_ANON_2308;NINEA_ANON_475;001-I
2638818;Importation;2021-11-02 15:02:37.513;EnCours;Mer;IMPORTATEUR_ANON_2308;NINEA_ANON_475;001-I
2417322;Importation;2020-06-12 13:52:58.917;EnCours;Mer;IMPORTATEUR_ANON_1468;NINEA_ANON_161;001-I
2436973;Importation;2020-07-28 11:50:26.970;EnCours;Mer;IMPORTATEUR_ANON_7027;NINEA_ANON_804;001-I
2514730;Importation;2021-01-25 11:08:29.970;EnCours;Mer;IMPORTATEUR_ANON_1818;NINEA_ANON_980;001-I
2629746;Importation;2021-10-12 11:03:00.297;EnCours;Mer;IMPORTATEUR_ANON_4663;NINEA_ANON_805;001-I
2351147;Importation;2020-01-23 16:51:53.250;Initialise;Mer;IMPORTATEUR_ANON_1698;NINEA_ANON_734;001-I
2486675;Importation;2020-11-19 12:07:21.003;EnCours;Mer;IMPORTATEUR_ANON_4428;NINEA_ANON_802;001-I
2626757;Importation;2021-10-05 12:07:13.583;EnCours;Mer;IMPORTATEUR_ANON_2816;NINEA_ANON_283;001-I
2483402;Importation;2020-11-11 16:12:02.263;EnCours;Mer;IMPORTATEUR_ANON_134;NINEA_ANON_630;001-I
2603364;Importation;2021-08-10 12:37:40.217;EnCours;Mer;IMPORTATEUR_ANON_7464;NINEA_ANON_545;001-I
2487962;Importation;2020-11-23 12:14:00.173;Initialise;Mer;IMPORTATEUR_ANON_8958;NINEA_ANON_25;001-I
2556181;Importation;2021-04-24 14:24:02.513;EnCours;Mer;IMPORTATEUR_ANON_2308;NINEA_ANON_475;001-I
2605120;Importation;2021-08-13 12:29:54.790;EnCours;Mer;IMPORTATEUR_ANON_134;NINEA_ANON_630;001-I
2494237;Importation;2020-12-07 10:09:15.963;EnCours;Mer;IMPORTATEUR_ANON_7074;NINEA_ANON_986;001-I
2619807;Importation;2021-09-17 12:02:05.383;EnCours;Mer;IMPORTATEUR_ANON_2308;NINEA_ANON_475;001-I
2390373;Importation;2020-04-10 10:07:19.800;EnCours;Mer;IMPORTATEUR_ANON_6625;NINEA_ANON_724;001-I
2467216;Importation;2020-10-08 09:29:37.703;EnCours;Mer;IMPORTATEUR_ANON_9284;NINEA_ANON_956;001-I
2666176;Importation;2021-12-30 14:53:21.780;EnCours;Mer;IMPORTATEUR_ANON_7891;NINEA_ANON_637;001-I
2634231;Exportation;2021-10-22 09:43:54.847;Initialise;Mer;IMPORTATEUR_ANON_8470;NINEA_ANON_452;001-E
2529211;Importation;2021-02-24 13:30:10.117;EnCours;Mer;IMPORTATEUR_ANON_5524;NINEA_ANON_34;001-I
2455590;Importation;2020-09-09 13:48:05.260;EnCours;Mer;IMPORTATEUR_ANON_9346;NINEA_ANON_485;001-I
2368045;Importation;2020-02-25 12:14:40.380;EnCours;Mer;IMPORTATEUR_ANON_1818;NINEA_ANON_980;001-I
2597925;Importation;2021-07-28 13:43:11.367;EnCours;Mer;IMPORTATEUR_ANON_9284;NINEA_ANON_956;001-I
2588211;Importation;2021-07-05 09:40:00.093;Initialise;Mer;IMPORTATEUR_ANON_819;NINEA_ANON_349;001-I
2386428;Importation;2020-03-31 16:22:17.087;EnCours;Mer;IMPORTATEUR_ANON_3080;NINEA_ANON_802;001-I
2505627;Importation;2021-01-05 12:01:46.920;EnCours;Mer;IMPORTATEUR_ANON_9284;NINEA_ANON_956;001-I
2412062;Importation;2020-06-02 12:36:44.067;EnCours;Mer;IMPORTATEUR_ANON_8011;NINEA_ANON_856;001-I
2571648;Importation;2021-05-31 11:14:42.647;Initialise;Mer;IMPORTATEUR_ANON_7640;NINEA_ANON_288;001-I
2477603;Importation;2020-11-02 11:12:55.687;EnCours;Mer;IMPORTATEUR_ANON_2308;NINEA_ANON_475;001-I
2451972;Importation;2020-09-01 15:19:55.460;Initialise;Mer;IMPORTATEUR_ANON_819;NINEA_ANON_349;001-I
2629265;Importation;2021-10-11 13:10:44.200;EnCours;Mer;IMPORTATEUR_ANON_3863;NINEA_ANON_628;001-I
2437503;Importation;2020-07-29 10:43:36.517;EnCours;Mer;IMPORTATEUR_ANON_4744;NINEA_ANON_747;001-I
2620211;Importation;2021-09-20 09:30:37.683;EnCours;Mer;IMPORTATEUR_ANON_9284;NINEA_ANON_956;001-I
2507593;Importation;2021-01-11 09:27:52.627;EnCours;Mer;IMPORTATEUR_ANON_7959;NINEA_ANON_373;
2378171;Importation;2020-03-13 11:51:41.220;EnCours;Mer;IMPORTATEUR_ANON_1914;NINEA_ANON_93;001-I
2619466;Importation;2021-09-16 16:22:21.200;EnCours;Mer;IMPORTATEUR_ANON_3951;NINEA_ANON_125;001-I
2498657;Importation;2020-12-16 09:29:13.690;Initialise;Mer;IMPORTATEUR_ANON_3863;NINEA_ANON_628;001-I
2346758;Importation;2020-01-16 10:00:53.673;EnCours;Mer;IMPORTATEUR_ANON_2623;NINEA_ANON_939;001-I
2432284;Importation;2020-07-16 13:04:24.500;EnCours;Mer;IMPORTATEUR_ANON_8011;NINEA_ANON_856;001-I
2517238;Importation;2021-01-28 17:55:49.507;EnCours;Mer;IMPORTATEUR_ANON_1146;NINEA_ANON_10;001-I
2470203;Importation;2020-10-14 11:52:06.367;EnCours;Mer;IMPORTATEUR_ANON_2623;NINEA_ANON_939;001-I
2532280;Importation;2021-03-03 15:21:59.683;EnCours;Mer;IMPORTATEUR_ANON_5014;NINEA_ANON_959;
2489147;Importation;2020-11-25 10:21:53.780;EnCours;Mer;IMPORTATEUR_ANON_5901;NINEA_ANON_199;001-I
2530798;Importation;2021-03-01 10:41:45.003;EnCours;Mer;IMPORTATEUR_ANON_2308;NINEA_ANON_475;001-I
2340645;Importation;2020-01-06 10:01:46.660;EnCours;Mer;IMPORTATEUR_ANON_3863;NINEA_ANON_628;001-I
2480065;Importation;2020-11-06 08:45:14.240;EnCours;Mer;IMPORTATEUR_ANON_3994;NINEA_ANON_624;001-I
2619041;Importation;2021-09-16 10:25:09.123;EnCours;Mer;IMPORTATEUR_ANON_7464;NINEA_ANON_545;001-I
2514270;Importation;2021-01-22 12:50:22.940;EnCours;Mer;IMPORTATEUR_ANON_1818;NINEA_ANON_980;001-I
2496616;Importation;2020-12-10 18:40:19.990;EnCours;Mer;IMPORTATEUR_ANON_4426;NINEA_ANON_93;001-I
2666783;Importation;2022-01-03 10:49:13.893;EnCours;Mer;IMPORTATEUR_ANON_1133;NINEA_ANON_122;001-I
2627238;Importation;2021-10-06 10:22:39.770;EnCours;Mer;IMPORTATEUR_ANON_3372;NINEA_ANON_426;001-I
2612534;Importation;2021-09-01 16:27:22.467;EnCours;Mer;IMPORTATEUR_ANON_3951;NINEA_ANON_125;001-I
2606716;Importation;2021-08-18 10:34:11.287;EnCours;Mer;IMPORTATEUR_ANON_6863;NINEA_ANON_240;001-I
2676341;Importation;2022-01-25 13:36:38.053;EnCours;Mer;IMPORTATEUR_ANON_7279;NINEA_ANON_32;001-I
2552357;Importation;2021-04-16 11:00:02.020;EnCours;Mer;IMPORTATEUR_ANON_3768;NINEA_ANON_664;001-I
2670348;Importation;2022-01-12 09:12:46.780;EnCours;Mer;IMPORTATEUR_ANON_4424;NINEA_ANON_51;001-I
2396143;Importation;2020-04-24 10:17:34.190;EnCours;Mer;IMPORTATEUR_ANON_7464;NINEA_ANON_545;001-I
2672960;Importation;2022-01-18 10:02:02.327;EnCours;Mer;IMPORTATEUR_ANON_9284;NINEA_ANON_956;001-I
2543347;Importation;2021-03-27 09:35:06.690;EnCours;Mer;IMPORTATEUR_ANON_134;NINEA_ANON_630;
2388054;Importation;2020-04-03 12:52:15.980;EnCours;Mer;IMPORTATEUR_ANON_728;NINEA_ANON_733;001-I
2591124;Importation;2021-07-09 10:18:56.770;EnCours;Mer;IMPORTATEUR_ANON_8717;NINEA_ANON_863;
2673112;Importation;2022-01-18 11:30:14.537;Initialise;Mer;IMPORTATEUR_ANON_986;NINEA_ANON_55;001-I
2565867;Importation;2021-05-18 10:32:52.243;EnCours;Mer;IMPORTATEUR_ANON_4084;NINEA_ANON_616;001-I
2498606;Importation;2020-12-16 08:32:48.877;EnCours;Mer;IMPORTATEUR_ANON_134;NINEA_ANON_756;
2497934;Importation;2020-12-15 08:54:41.980;EnCours;Mer;IMPORTATEUR_ANON_8960;NINEA_ANON_195;001-I
2655163;Importation;2021-12-07 07:44:31.873;EnCours;Mer;IMPORTATEUR_ANON_4320;NINEA_ANON_570;001-I
2458062;Importation;2020-09-15 13:08:47.347;EnCours;Mer;IMPORTATEUR_ANON_2130;NINEA_ANON_473;001-I
2621060;Importation;2021-09-21 11:54:39.767;EnCours;Mer;IMPORTATEUR_ANON_1818;NINEA_ANON_980;001-I
2680091;Importation;2022-02-02 15:53:17.550;EnCours;Mer;IMPORTATEUR_ANON_4428;NINEA_ANON_725;001-I
2381767;Importation;2020-03-20 11:35:34.603;EnCours;Mer;IMPORTATEUR_ANON_6368;NINEA_ANON_526;001-I
2421875;Importation;2020-06-23 17:09:10.287;EnCours;Mer;IMPORTATEUR_ANON_7464;NINEA_ANON_545;001-I
2623676;Importation;2021-09-28 13:15:41.370;EnCours;Mer;IMPORTATEUR_ANON_9284;NINEA_ANON_956;001-I
2471054;Importation;2020-10-15 15:46:38.037;EnCours;Mer;IMPORTATEUR_ANON_2308;NINEA_ANON_475;001-I
2382932;Importation;2020-03-24 09:47:29.553;EnCours;Mer;IMPORTATEUR_ANON_5910;NINEA_ANON_413;001-I
2549515;Importation;2021-04-12 10:47:19.577;EnCours;Mer;IMPORTATEUR_ANON_3660;NINEA_ANON_166;001-I
2579659;Importation;2021-06-16 09:55:31.453;EnCours;Mer;IMPORTATEUR_ANON_2308;NINEA_ANON_475;001-I
2475535;Importation;2020-10-26 17:21:27.007;EnCours;Mer;IMPORTATEUR_ANON_5733;NINEA_ANON_814;001-I
2495551;Importation;2020-12-09 11:12:05.150;EnCours;Mer;IMPORTATEUR_ANON_9695;NINEA_ANON_182;001-I
2461296;Importation;2020-09-22 16:31:01.370;EnCours;Mer;IMPORTATEUR_ANON_9556;NINEA_ANON_171;001-I
2672553;Importation;2022-01-17 13:27:01.933;Initialise;Mer;IMPORTATEUR_ANON_4984;NINEA_ANON_313;001-I
2508252;Importation;2021-01-11 17:32:17.193;EnCours;Mer;IMPORTATEUR_ANON_9750;NINEA_ANON_894;001-I
2535825;Importation;2021-03-12 11:33:04.753;EnCours;Mer;IMPORTATEUR_ANON_1124;NINEA_ANON_111;
2563101;Importation;2021-05-10 11:18:48.213;EnCours;Mer;IMPORTATEUR_ANON_2805;NINEA_ANON_970;
2614031;Importation;2021-09-06 11:12:03.663;EnCours;Mer;IMPORTATEUR_ANON_134;NINEA_ANON_630;001-I
2630191;Importation;2021-10-12 18:38:25.840;Initialise;Mer;IMPORTATEUR_ANON_7640;NINEA_ANON_288;001-I
2504775;Importation;2020-12-31 15:50:56.697;EnCours;Mer;IMPORTATEUR_ANON_9284;NINEA_ANON_956;001-I
2658985;Importation;2021-12-14 15:40:57.317;Initialise;Mer;IMPORTATEUR_ANON_8484;NINEA_ANON_487;001-I
2479551;Importation;2020-11-05 10:37:31.260;EnCours;Mer;IMPORTATEUR_ANON_8011;NINEA_ANON_856;001-I
2339973;Importation;2020-01-03 09:20:21.853;EnCours;Mer;IMPORTATEUR_ANON_6862;NINEA_ANON_980;001-I
2668932;Importation;2022-01-07 14:27:04.300;EnCours;Mer;IMPORTATEUR_ANON_8941;NINEA_ANON_777;001-I
2475060;Importation;2020-10-26 11:17:58.053;EnCours;Mer;IMPORTATEUR_ANON_103;NINEA_ANON_168;001-I
2536984;Importation;2021-03-15 16:19:24.450;EnCours;Mer;IMPORTATEUR_ANON_3660;NINEA_ANON_166;001-I
2403454;Importation;2020-05-08 09:50:35.847;EnCours;Mer;IMPORTATEUR_ANON_7259;NINEA_ANON_949;001-I
2616471;Importation;2021-09-10 09:00:47.253;EnCours;Mer;IMPORTATEUR_ANON_9284;NINEA_ANON_956;001-I
2617809;Importation;2021-09-14 09:32:42.510;EnCours;Mer;IMPORTATEUR_ANON_1133;NINEA_ANON_122;001-I
2412032;Importation;2020-06-02 12:20:49.080;EnCours;Mer;IMPORTATEUR_ANON_3438;NINEA_ANON_590;001-I
2671076;Importation;2022-01-13 10:15:44.767;EnCours;Mer;IMPORTATEUR_ANON_134;NINEA_ANON_630;001-I
2347241;Importation;2020-01-16 15:30:14.287;Initialise;Mer;IMPORTATEUR_ANON_3863;NINEA_ANON_628;001-I
2472264;Importation;2020-10-19 16:06:35.133;EnCours;Mer;IMPORTATEUR_ANON_7445;NINEA_ANON_611;001-I
2391697;Importation;2020-04-15 08:06:44.130;EnCours;Mer;IMPORTATEUR_ANON_819;NINEA_ANON_349;001-I
2476324;Importation;2020-10-28 10:37:06.233;EnCours;Mer;IMPORTATEUR_ANON_9711;NINEA_ANON_386;001-I
2429049;Importation;2020-07-09 11:34:16.360;EnCours;Mer;IMPORTATEUR_ANON_986;NINEA_ANON_55;001-I
2432235;Importation;2020-07-16 12:23:16.663;EnCours;Mer;IMPORTATEUR_ANON_8414;NINEA_ANON_551;001-I
2351808;Importation;2020-01-24 16:36:41.307;EnCours;Mer;IMPORTATEUR_ANON_1793;NINEA_ANON_614;001-I
2356297;Importation;2020-02-04 10:22:29.727;EnCours;Mer;IMPORTATEUR_ANON_5804;NINEA_ANON_779;001-I
2644216;Importation;2021-11-15 10:10:39.910;EnCours;Mer;IMPORTATEUR_ANON_9628;NINEA_ANON_405;001-I
2669954;Importation;2022-01-11 11:46:59.603;EnCours;Mer;IMPORTATEUR_ANON_2002;NINEA_ANON_746;001-I
2642802;Importation;2021-11-10 16:47:23.907;EnCours;Mer;IMPORTATEUR_ANON_6498;NINEA_ANON_513;001-I
2691429;Importation;2022-02-23 13:32:02.633;EnCours;Mer;IMPORTATEUR_ANON_7464;NINEA_ANON_545;001-I
2438419;Importation;2020-08-03 12:16:27.853;EnCours;Mer;IMPORTATEUR_ANON_2623;NINEA_ANON_939;001-I
2519697;Importation;2021-02-03 13:20:07.603;EnCours;Mer;IMPORTATEUR_ANON_4478;NINEA_ANON_105;001-I
2363535;Importation;2020-02-17 12:22:05.627;EnCours;Mer;IMPORTATEUR_ANON_2738;NINEA_ANON_464;001-I
2689458;Importation;2022-02-21 11:10:57.910;EnCours;Mer;IMPORTATEUR_ANON_3660;NINEA_ANON_647;001-I
2471679;Importation;2020-10-19 08:24:27.487;EnCours;Mer;IMPORTATEUR_ANON_2303;NINEA_ANON_96;001-I
2376582;Importation;2020-03-11 10:57:08.513;EnCours;Mer;IMPORTATEUR_ANON_9284;NINEA_ANON_956;001-I
2562557;Importation;2021-05-07 14:06:15.210;EnCours;Mer;IMPORTATEUR_ANON_9284;NINEA_ANON_956;001-I
2376242;Importation;2020-03-10 15:52:01.523;EnCours;Mer;IMPORTATEUR_ANON_1426;NINEA_ANON_856;001-I
2606490;Importation;2021-08-17 15:27:17.090;EnCours;Mer;IMPORTATEUR_ANON_134;NINEA_ANON_630;001-I
2537922;Importation;2021-03-17 09:58:43.060;EnCours;Mer;IMPORTATEUR_ANON_9556;NINEA_ANON_768;001-I
2470155;Importation;2020-10-14 11:17:59.670;EnCours;Mer;IMPORTATEUR_ANON_2623;NINEA_ANON_939;001-I
2495917;Importation;2020-12-09 16:28:41.223;EnCours;Mer;IMPORTATEUR_ANON_3951;NINEA_ANON_125;001-I
2384013;Importation;2020-03-25 13:45:25.647;EnCours;Mer;IMPORTATEUR_ANON_7464;NINEA_ANON_545;001-I
2685255;Importation;2022-02-14 15:34:38.280;EnCours;Mer;IMPORTATEUR_ANON_9284;NINEA_ANON_956;001-I
2528737;Importation;2021-02-23 16:02:46.647;EnCours;Mer;IMPORTATEUR_ANON_6067;NINEA_ANON_676;001-I
2352278;Importation;2020-01-27 11:31:36.663;EnCours;Mer;IMPORTATEUR_ANON_9284;NINEA_ANON_956;001-I
2647747;Importation;2021-11-19 17:13:11.790;EnCours;Mer;IMPORTATEUR_ANON_5971;NINEA_ANON_143;001-I
2459831;Importation;2020-09-18 13:33:39.160;EnCours;Mer;IMPORTATEUR_ANON_9284;NINEA_ANON_956;001-I
2424018;Importation;2020-06-29 11:38:58.587;EnCours;Mer;IMPORTATEUR_ANON_9284;NINEA_ANON_956;001-I
2462750;Importation;2020-09-25 11:19:44.683;EnCours;Mer;IMPORTATEUR_ANON_7944;NINEA_ANON_345;001-I
2408867;Importation;2020-05-22 11:17:10.883;EnCours;Mer;IMPORTATEUR_ANON_1614;NINEA_ANON_229;001-I
2591368;Importation;2021-07-09 12:52:24.827;Initialise;Mer;IMPORTATEUR_ANON_6539;NINEA_ANON_481;001-I
2406891;Importation;2020-05-16 13:08:23.717;EnCours;Mer;IMPORTATEUR_ANON_4531;NINEA_ANON_183;001-I
2381046;Importation;2020-03-19 10:55:30.117;EnCours;Mer;IMPORTATEUR_ANON_3863;NINEA_ANON_628;001-I
2648746;Importation;2021-11-23 10:05:55.707;EnCours;Mer;IMPORTATEUR_ANON_134;NINEA_ANON_630;001-I
2407833;Importation;2020-05-19 11:41:02.523;EnCours;Mer;IMPORTATEUR_ANON_2614;NINEA_ANON_192;001-I
2360107;Importation;2020-02-11 08:42:48.733;EnCours;Mer;IMPORTATEUR_ANON_134;NINEA_ANON_630;001-I
2464829;Importation;2020-09-30 13:34:24.930;EnCours;Mer;IMPORTATEUR_ANON_4478;NINEA_ANON_460;001-I
2530629;Importation;2021-02-27 13:11:30.527;EnCours;Mer;IMPORTATEUR_ANON_134;NINEA_ANON_630;
2435166;Importation;2020-07-23 11:49:16.550;EnCours;Mer;IMPORTATEUR_ANON_7464;NINEA_ANON_545;001-I
2480516;Importation;2020-11-06 16:28:17.280;EnCours;Mer;IMPORTATEUR_ANON_2308;NINEA_ANON_475;001-I
2395555;Importation;2020-04-23 09:42:54.863;EnCours;Mer;IMPORTATEUR_ANON_8011;NINEA_ANON_856;001-I
2468162;Importation;2020-10-09 13:16:36.130;EnCours;Mer;IMPORTATEUR_ANON_7464;NINEA_ANON_545;001-I
2448017;Importation;2020-08-24 09:14:43.753;EnCours;Mer;IMPORTATEUR_ANON_6881;NINEA_ANON_957;001-I
2486978;Importation;2020-11-19 16:55:06.073;EnCours;Mer;IMPORTATEUR_ANON_2308;NINEA_ANON_475;001-I
2641789;Importation;2021-11-09 14:47:29.650;EnCours;Mer;IMPORTATEUR_ANON_7464;NINEA_ANON_545;001-I
2458902;Importation;2020-09-16 16:58:28.873;EnCours;Mer;IMPORTATEUR_ANON_4494;NINEA_ANON_821;001-I
2495997;Importation;2020-12-09 17:58:07.960;EnCours;Mer;IMPORTATEUR_ANON_638;NINEA_ANON_384;001-I
2654480;Importation;2021-12-06 09:36:42.707;EnCours;Mer;IMPORTATEUR_ANON_2816;NINEA_ANON_283;001-I
2690607;Importation;2022-02-22 13:26:49.870;EnCours;Mer;IMPORTATEUR_ANON_9754;NINEA_ANON_103;001-I
2492753;Importation;2020-12-02 14:56:28.583;EnCours;Mer;IMPORTATEUR_ANON_1088;NINEA_ANON_280;001-I
2591126;Importation;2021-07-09 10:20:05.290;EnCours;Mer;IMPORTATEUR_ANON_2308;NINEA_ANON_475;001-I
2545476;Importation;2021-04-01 09:43:10.700;EnCours;Mer;IMPORTATEUR_ANON_1882;NINEA_ANON_951;001-I
2426842;Importation;2020-07-04 14:58:20.593;EnCours;Mer;IMPORTATEUR_ANON_8011;NINEA_ANON_856;001-I
2426359;Importation;2020-07-03 10:38:19.947;EnCours;Mer;IMPORTATEUR_ANON_2308;NINEA_ANON_475;001-I
2555286;Importation;2021-04-22 13:13:59.137;EnCours;Mer;IMPORTATEUR_ANON_428;NINEA_ANON_244;001-I
2580272;Importation;2021-06-17 08:49:40.853;EnCours;Mer;IMPORTATEUR_ANON_846;NINEA_ANON_625;001-I
2512110;Importation;2021-01-19 11:34:08.660;EnCours;Mer;IMPORTATEUR_ANON_3863;NINEA_ANON_628;001-I
2623841;Importation;2021-09-28 16:15:03.760;EnCours;Mer;IMPORTATEUR_ANON_9284;NINEA_ANON_956;001-I
2406410;Importation;2020-05-15 09:21:28.510;EnCours;Mer;IMPORTATEUR_ANON_3407;NINEA_ANON_902;001-I
2456670;Importation;2020-09-11 11:13:25.553;EnCours;Mer;IMPORTATEUR_ANON_134;NINEA_ANON_630;001-I
2462832;Importation;2020-09-25 12:25:20.220;EnCours;Mer;IMPORTATEUR_ANON_6178;NINEA_ANON_718;001-I
2360234;Importation;2020-02-11 10:11:02.503;EnCours;Mer;IMPORTATEUR_ANON_3438;NINEA_ANON_590;001-I
2505339;Importation;2021-01-04 16:42:31.760;EnCours;Mer;IMPORTATEUR_ANON_3951;NINEA_ANON_125;001-I
2647425;Importation;2021-11-19 12:07:08.820;Initialise;Mer;IMPORTATEUR_ANON_8398;NINEA_ANON_917;001-I
2485130;Importation;2020-11-16 15:46:27.313;EnCours;Mer;IMPORTATEUR_ANON_3440;NINEA_ANON_136;001-I
2453536;Importation;2020-09-04 11:59:39.990;EnCours;Mer;IMPORTATEUR_ANON_8978;NINEA_ANON_553;001-I
2509974;Réexportation;2021-01-14 12:53:10.920;EnCours;Mer;IMPORTATEUR_ANON_8488;NINEA_ANON_578;001-E
2537614;Importation;2021-03-16 14:50:26.183;EnCours;Mer;IMPORTATEUR_ANON_6368;NINEA_ANON_526;001-I
2384229;Importation;2020-03-26 09:34:10.627;Initialise;Mer;IMPORTATEUR_ANON_2308;NINEA_ANON_475;001-I
2604810;Importation;2021-08-13 08:08:55.300;EnCours;Mer;IMPORTATEUR_ANON_5733;NINEA_ANON_145;
2531307;Importation;2021-03-02 08:33:26.577;EnCours;Mer;IMPORTATEUR_ANON_2308;NINEA_ANON_475;001-I
2507120;Importation;2021-01-08 10:39:49.970;EnCours;Mer;IMPORTATEUR_ANON_7880;NINEA_ANON_172;001-I
2677431;Importation;2022-01-27 11:54:00.763;EnCours;Mer;IMPORTATEUR_ANON_1818;NINEA_ANON_980;001-I
2626753;Importation;2021-10-05 12:04:51.843;EnCours;Mer;IMPORTATEUR_ANON_2816;NINEA_ANON_283;001-I
2431486;Importation;2020-07-15 10:48:14.533;EnCours;Mer;IMPORTATEUR_ANON_2506;NINEA_ANON_212;001-I
2459675;Importation;2020-09-18 11:07:17.823;Initialise;Mer;IMPORTATEUR_ANON_7153;NINEA_ANON_918;001-I
2571662;Importation;2021-05-31 11:20:54.660;EnCours;Mer;IMPORTATEUR_ANON_9750;NINEA_ANON_894;001-I
2604289;Importation;2021-08-12 09:29:22.097;EnCours;Mer;IMPORTATEUR_ANON_7464;NINEA_ANON_545;001-I
2588219;Réexportation;2021-07-05 09:44:16.800;EnCours;Mer;IMPORTATEUR_ANON_8488;NINEA_ANON_583;001-E
2342683;Importation;2020-01-08 16:33:30.150;EnCours;Mer;IMPORTATEUR_ANON_134;NINEA_ANON_630;001-I
2587965;Importation;2021-07-02 17:10:09.360;EnCours;Mer;IMPORTATEUR_ANON_134;NINEA_ANON_630;001-I
2479423;Importation;2020-11-05 08:58:55.463;EnCours;Mer;IMPORTATEUR_ANON_5501;NINEA_ANON_890;001-I
2648647;Importation;2021-11-23 08:43:49.123;Initialise;Mer;IMPORTATEUR_ANON_4428;NINEA_ANON_725;001-I
2407970;Importation;2020-05-19 14:12:26.437;EnCours;Mer;IMPORTATEUR_ANON_3305;NINEA_ANON_971;001-I
2482801;Importation;2020-11-10 16:22:26.237;EnCours;Mer;IMPORTATEUR_ANON_1096;NINEA_ANON_301;001-I
2430550;Importation;2020-07-13 15:37:59.603;EnCours;Mer;IMPORTATEUR_ANON_7464;NINEA_ANON_545;001-I
2382063;Importation;2020-03-20 15:48:28.923;EnCours;Mer;IMPORTATEUR_ANON_2623;NINEA_ANON_939;001-I
2460834;Importation;2020-09-22 10:28:36.470;EnCours;Mer;IMPORTATEUR_ANON_4713;NINEA_ANON_512;001-I
2352633;Importation;2020-01-27 16:28:42.780;EnCours;Mer;IMPORTATEUR_ANON_9100;NINEA_ANON_438;001-I
2620880;Importation;2021-09-21 09:36:52.490;EnCours;Mer;IMPORTATEUR_ANON_2308;NINEA_ANON_475;001-I
2380416;Importation;2020-03-18 10:51:56.073;EnCours;Mer;IMPORTATEUR_ANON_3055;NINEA_ANON_489;001-I
2613351;Importation;2021-09-03 11:22:06.983;EnCours;Mer;IMPORTATEUR_ANON_2938;NINEA_ANON_906;001-I
2582173;Importation;2021-06-21 17:10:05.620;EnCours;Mer;IMPORTATEUR_ANON_7166;NINEA_ANON_997;001-I
2479412;Importation;2020-11-05 08:48:05.773;EnCours;Mer;IMPORTATEUR_ANON_6498;NINEA_ANON_513;001-I
2533364;Importation;2021-03-08 12:54:01.763;EnCours;Mer;IMPORTATEUR_ANON_134;NINEA_ANON_630;
2638291;Importation;2021-11-01 14:37:51.150;EnCours;Mer;IMPORTATEUR_ANON_134;NINEA_ANON_630;001-I
2690270;Importation;2022-02-22 10:13:45.350;EnCours;Mer;IMPORTATEUR_ANON_9284;NINEA_ANON_956;001-I
2415459;Importation;2020-06-09 13:09:06.553;EnCours;Mer;IMPORTATEUR_ANON_1026;NINEA_ANON_774;001-I
2614685;Importation;2021-09-07 11:53:49.500;EnCours;Mer;IMPORTATEUR_ANON_9284;NINEA_ANON_956;001-I
2551818;Importation;2021-04-15 13:15:31.103;EnCours;Mer;IMPORTATEUR_ANON_134;NINEA_ANON_630;001-I
2431858;Importation;2020-07-15 16:26:15.597;EnCours;Mer;IMPORTATEUR_ANON_7470;NINEA_ANON_25;001-I
2379919;Importation;2020-03-17 13:51:56.417;EnCours;Mer;IMPORTATEUR_ANON_3863;NINEA_ANON_628;001-I
2556617;Importation;2021-04-26 12:50:00.623;EnCours;Mer;IMPORTATEUR_ANON_7959;NINEA_ANON_373;
2351027;Importation;2020-01-23 15:17:17.357;EnCours;Mer;IMPORTATEUR_ANON_2308;NINEA_ANON_475;001-I
2597398;Importation;2021-07-27 15:34:02.317;EnCours;Mer;IMPORTATEUR_ANON_5804;NINEA_ANON_779;001-I
2377719;Importation;2020-03-12 15:29:08.560;EnCours;Mer;IMPORTATEUR_ANON_9284;NINEA_ANON_956;001-I
2444944;Importation;2020-08-14 17:40:12.617;Initialise;Mer;IMPORTATEUR_ANON_8639;NINEA_ANON_396;001-I
2609422;Importation;2021-08-25 15:03:40.827;EnCours;Mer;IMPORTATEUR_ANON_5804;NINEA_ANON_779;001-I
2361637;Importation;2020-02-12 16:28:05.557;EnCours;Mer;IMPORTATEUR_ANON_8011;NINEA_ANON_856;001-I
2419654;Importation;2020-06-18 10:26:11.550;EnCours;Mer;IMPORTATEUR_ANON_7166;NINEA_ANON_390;001-I
2410670;Transit;2020-05-28 09:56:09.747;Initialise;Mer;IMPORTATEUR_ANON_4723;NINEA_ANON_3;001-E
2422377;Importation;2020-06-24 15:12:01.750;EnCours;Mer;IMPORTATEUR_ANON_5409;NINEA_ANON_85;001-I
2365069;Importation;2020-02-19 11:47:59.517;EnCours;Mer;IMPORTATEUR_ANON_7987;NINEA_ANON_839;001-I
2601940;Importation;2021-08-06 11:22:16.230;EnCours;Mer;IMPORTATEUR_ANON_2623;NINEA_ANON_14;001-I
2497018;Importation;2020-12-11 15:36:34.220;EnCours;Mer;IMPORTATEUR_ANON_1936;NINEA_ANON_930;001-I
2412067;Importation;2020-06-02 12:41:24.573;EnCours;Mer;IMPORTATEUR_ANON_4428;NINEA_ANON_802;001-I
2437903;Importation;2020-07-30 08:53:06.190;EnCours;Mer;IMPORTATEUR_ANON_4424;NINEA_ANON_51;001-I
2580723;Importation;2021-06-17 16:27:32.497;EnCours;Mer;IMPORTATEUR_ANON_7166;NINEA_ANON_997;001-I
2574588;Importation;2021-06-04 17:01:37.817;EnCours;Mer;IMPORTATEUR_ANON_7464;NINEA_ANON_545;001-I
2648904;Importation;2021-11-23 11:47:31.270;Initialise;Mer;IMPORTATEUR_ANON_8310;NINEA_ANON_903;001-I
2453406;Importation;2020-09-04 10:30:11.323;EnCours;Mer;IMPORTATEUR_ANON_7719;NINEA_ANON_292;001-I
2609246;Importation;2021-08-25 11:25:46.940;EnCours;Mer;IMPORTATEUR_ANON_134;NINEA_ANON_630;001-I
2608944;Importation;2021-08-24 15:38:53.517;EnCours;Mer;IMPORTATEUR_ANON_6109;NINEA_ANON_312;001-I
2474909;Importation;2020-10-26 09:05:46.297;EnCours;Mer;IMPORTATEUR_ANON_6857;NINEA_ANON_43;001-I
2656862;Importation;2021-12-09 14:21:51.823;EnCours;Mer;IMPORTATEUR_ANON_2308;NINEA_ANON_475;001-I
2563388;Importation;2021-05-10 14:34:10.670;EnCours;Mer;IMPORTATEUR_ANON_4744;NINEA_ANON_222;001-I
2436493;Importation;2020-07-27 14:44:20.013;EnCours;Mer;IMPORTATEUR_ANON_9284;NINEA_ANON_956;001-I
2434004;Importation;2020-07-21 11:59:35.020;EnCours;Mer;IMPORTATEUR_ANON_4624;NINEA_ANON_415;001-I
2583536;Importation;2021-06-24 08:25:10.817;EnCours;Mer;IMPORTATEUR_ANON_4320;NINEA_ANON_570;001-I
2353699;Importation;2020-01-29 10:42:01.827;EnCours;Mer;IMPORTATEUR_ANON_4060;NINEA_ANON_533;001-I
2513725;Importation;2021-01-21 15:39:54.433;EnCours;Mer;IMPORTATEUR_ANON_9695;NINEA_ANON_182;001-I
2436609;Importation;2020-07-27 16:26:21.403;EnCours;Mer;IMPORTATEUR_ANON_3577;NINEA_ANON_273;001-I
2602590;Importation;2021-08-09 11:05:59.030;EnCours;Mer;IMPORTATEUR_ANON_4320;NINEA_ANON_570;001-I
2543328;Importation;2021-03-26 18:44:32.420;EnCours;Mer;IMPORTATEUR_ANON_8011;NINEA_ANON_856;001-I
2570987;Réexportation;2021-05-28 11:46:14.010;Initialise;Mer;IMPORTATEUR_ANON_2575;NINEA_ANON_985;001-E
2683016;Importation;2022-02-09 15:25:02.397;EnCours;Mer;IMPORTATEUR_ANON_8096;NINEA_ANON_269;001-I
2678632;Importation;2022-01-31 12:28:11.233;EnCours;Mer;IMPORTATEUR_ANON_7464;NINEA_ANON_545;001-I
2602883;Importation;2021-08-09 15:44:23.947;EnCours;Mer;IMPORTATEUR_ANON_102;NINEA_ANON_601;001-I
2389726;Importation;2020-04-09 08:50:13.610;EnCours;Mer;IMPORTATEUR_ANON_9284;NINEA_ANON_956;001-I
2523665;Importation;2021-02-12 09:16:11.983;EnCours;Mer;IMPORTATEUR_ANON_7464;NINEA_ANON_545;001-I
2453346;Importation;2020-09-04 09:36:46.340;EnCours;Mer;IMPORTATEUR_ANON_2506;NINEA_ANON_212;001-I
2486608;Importation;2020-11-19 11:09:39.613;EnCours;Mer;IMPORTATEUR_ANON_5639;NINEA_ANON_345;001-I
2687049;Importation;2022-02-16 13:03:14.597;Initialise;Mer;IMPORTATEUR_ANON_2528;NINEA_ANON_474;001-I
2590674;Importation;2021-07-08 13:09:20.420;EnCours;Mer;IMPORTATEUR_ANON_1818;NINEA_ANON_980;001-I
2690427;Importation;2022-02-22 11:41:46.337;EnCours;Mer;IMPORTATEUR_ANON_8686;NINEA_ANON_624;001-I
2361835;Importation;2020-02-13 09:34:36.540;EnCours;Mer;IMPORTATEUR_ANON_1965;NINEA_ANON_996;001-I
2430182;Importation;2020-07-13 10:11:19.873;EnCours;Mer;IMPORTATEUR_ANON_2308;NINEA_ANON_475;001-I
2487890;Importation;2020-11-23 11:23:40.020;EnCours;Mer;IMPORTATEUR_ANON_4407;NINEA_ANON_117;001-I
2647319;Importation;2021-11-19 11:09:47.660;EnCours;Mer;IMPORTATEUR_ANON_3863;NINEA_ANON_628;001-I
2422726;Importation;2020-06-25 11:05:39.877;EnCours;Mer;IMPORTATEUR_ANON_2623;NINEA_ANON_939;001-I
2388794;Importation;2020-04-06 16:21:47.987;EnCours;Mer;IMPORTATEUR_ANON_191;NINEA_ANON_164;001-I
2444141;Importation;2020-08-13 12:32:03.310;EnCours;Mer;IMPORTATEUR_ANON_134;NINEA_ANON_630;001-I
2525826;Importation;2021-02-17 12:07:28.480;EnCours;Mer;IMPORTATEUR_ANON_5864;NINEA_ANON_371;001-I
2606912;Importation;2021-08-18 12:41:58.463;EnCours;Mer;IMPORTATEUR_ANON_6857;NINEA_ANON_43;001-I
2375952;Importation;2020-03-10 12:21:55.960;Initialise;Mer;IMPORTATEUR_ANON_5922;NINEA_ANON_66;001-I
2394779;Importation;2020-04-21 16:15:02.850;EnCours;Mer;IMPORTATEUR_ANON_9479;NINEA_ANON_93;001-I
2504758;Importation;2020-12-31 15:04:59.577;EnCours;Mer;IMPORTATEUR_ANON_7891;NINEA_ANON_637;001-I
2444505;Importation;2020-08-14 10:04:53.360;EnCours;Mer;IMPORTATEUR_ANON_4744;NINEA_ANON_747;001-I
2590555;Importation;2021-07-08 11:48:04.790;EnCours;Mer;IMPORTATEUR_ANON_2623;NINEA_ANON_14;001-I
2523859;Importation;2021-02-12 11:40:57.087;EnCours;Mer;IMPORTATEUR_ANON_7464;NINEA_ANON_545;001-I
2380827;Importation;2020-03-18 17:20:20.210;EnCours;Mer;IMPORTATEUR_ANON_134;NINEA_ANON_630;001-I
2438396;Importation;2020-08-03 11:57:56.413;EnCours;Mer;IMPORTATEUR_ANON_1497;NINEA_ANON_490;001-I
2531457;Importation;2021-03-02 11:13:42.543;EnCours;Mer;IMPORTATEUR_ANON_5333;NINEA_ANON_645;
2647458;Importation;2021-11-19 12:27:29.087;EnCours;Mer;IMPORTATEUR_ANON_5864;NINEA_ANON_371;001-I
2520961;Importation;2021-02-05 15:57:20.983;EnCours;Mer;IMPORTATEUR_ANON_3951;NINEA_ANON_125;001-I
2350706;Importation;2020-01-23 10:45:57.410;Initialise;Mer;IMPORTATEUR_ANON_6751;NINEA_ANON_998;
2403429;Importation;2020-05-08 09:34:25.220;Initialise;Mer;IMPORTATEUR_ANON_2506;NINEA_ANON_212;001-I
2452363;Importation;2020-09-02 12:00:41.763;EnCours;Mer;IMPORTATEUR_ANON_9284;NINEA_ANON_956;001-I
2367669;Importation;2020-02-25 07:55:55.323;Initialise;Mer;IMPORTATEUR_ANON_8958;NINEA_ANON_25;001-I
2603107;Importation;2021-08-10 09:41:37.097;EnCours;Mer;IMPORTATEUR_ANON_2749;NINEA_ANON_254;001-I
2379452;Importation;2020-03-17 08:50:26.867;EnCours;Mer;IMPORTATEUR_ANON_1352;NINEA_ANON_854;001-I
2602126;Importation;2021-08-06 13:57:40.780;Initialise;Mer;IMPORTATEUR_ANON_7792;NINEA_ANON_166;001-I
2583937;Importation;2021-06-24 15:19:16.867;EnCours;Mer;IMPORTATEUR_ANON_2308;NINEA_ANON_475;001-I
2517686;Importation;2021-01-29 15:08:55.430;EnCours;Mer;IMPORTATEUR_ANON_7569;NINEA_ANON_834;001-I
2564140;Importation;2021-05-11 16:12:49.807;EnCours;Mer;IMPORTATEUR_ANON_6033;NINEA_ANON_178;001-I
2672709;Importation;2022-01-17 15:45:15.097;EnCours;Mer;IMPORTATEUR_ANON_617;NINEA_ANON_192;001-I
2513689;Importation;2021-01-21 15:00:32.640;EnCours;Mer;IMPORTATEUR_ANON_1818;NINEA_ANON_980;001-I
2453387;Importation;2020-09-04 10:20:00.857;Initialise;Mer;IMPORTATEUR_ANON_8488;NINEA_ANON_578;001-I
2426776;Importation;2020-07-03 17:46:52.720;EnCours;Mer;IMPORTATEUR_ANON_5864;NINEA_ANON_371;001-I
2673174;Importation;2022-01-18 12:06:29.207;EnCours;Mer;IMPORTATEUR_ANON_9628;NINEA_ANON_405;001-I
2579648;Importation;2021-06-16 09:45:06.670;EnCours;Mer;IMPORTATEUR_ANON_2308;NINEA_ANON_475;001-I
2357318;Importation;2020-02-05 12:34:51.823;EnCours;Mer;IMPORTATEUR_ANON_9004;NINEA_ANON_782;001-I
2494098;Importation;2020-12-05 13:55:11.950;EnCours;Mer;IMPORTATEUR_ANON_8467;NINEA_ANON_345;001-I
2354816;Importation;2020-01-30 16:27:25.810;EnCours;Mer;IMPORTATEUR_ANON_819;NINEA_ANON_349;001-I
2490465;Importation;2020-11-27 10:56:04.577;EnCours;Mer;IMPORTATEUR_ANON_6107;NINEA_ANON_898;001-I
2545408;Importation;2021-04-01 08:59:34.090;EnCours;Mer;IMPORTATEUR_ANON_3660;NINEA_ANON_166;001-I
2595871;Importation;2021-07-23 10:54:48.277;EnCours;Mer;IMPORTATEUR_ANON_9942;NINEA_ANON_641;001-I
2609727;Importation;2021-08-26 10:40:04.937;EnCours;Mer;IMPORTATEUR_ANON_9628;NINEA_ANON_405;001-I
2625557;Importation;2021-10-01 13:32:04.613;EnCours;Mer;IMPORTATEUR_ANON_3660;NINEA_ANON_379;001-I
2685536;Transit;2022-02-15 09:48:14.740;Initialise;Mer;IMPORTATEUR_ANON_3213;NINEA_ANON_35;001-E
2533397;Importation;2021-03-08 16:49:25.277;EnCours;Mer;IMPORTATEUR_ANON_134;NINEA_ANON_630;
2479567;Importation;2020-11-05 10:43:51.570;EnCours;Mer;IMPORTATEUR_ANON_8011;NINEA_ANON_856;001-I
2483869;Importation;2020-11-12 14:26:01.980;EnCours;Mer;IMPORTATEUR_ANON_5484;NINEA_ANON_42;001-I
2596478;Importation;2021-07-26 12:04:54.663;EnCours;Mer;IMPORTATEUR_ANON_9284;NINEA_ANON_956;001-I
2430410;Importation;2020-07-13 12:59:53.013;EnCours;Mer;IMPORTATEUR_ANON_8713;NINEA_ANON_398;001-I
2578012;Importation;2021-06-11 17:05:53.770;EnCours;Mer;IMPORTATEUR_ANON_9284;NINEA_ANON_956;001-I
2397492;Importation;2020-04-28 11:40:48.670;EnCours;Mer;IMPORTATEUR_ANON_986;NINEA_ANON_55;001-I
2399733;Importation;2020-05-05 07:42:19.803;Initialise;Mer;IMPORTATEUR_ANON_9218;NINEA_ANON_750;001-I
2591074;Importation;2021-07-09 09:49:23.943;EnCours;Mer;IMPORTATEUR_ANON_134;NINEA_ANON_630;001-I
2513925;Importation;2021-01-22 09:35:25.580;EnCours;Mer;IMPORTATEUR_ANON_9628;NINEA_ANON_405;001-I
2456246;Importation;2020-09-10 13:09:34.303;EnCours;Mer;IMPORTATEUR_ANON_9284;NINEA_ANON_956;001-I
2501553;Importation;2020-12-22 14:54:11.653;EnCours;Mer;IMPORTATEUR_ANON_1959;NINEA_ANON_68;
2362348;Importation;2020-02-13 16:26:31.787;EnCours;Mer;IMPORTATEUR_ANON_4209;NINEA_ANON_188;001-I
2662527;Importation;2021-12-22 09:33:34.350;EnCours;Mer;IMPORTATEUR_ANON_5804;NINEA_ANON_779;001-I
2459847;Importation;2020-09-18 13:59:35.133;EnCours;Mer;IMPORTATEUR_ANON_9284;NINEA_ANON_956;001-I
2537985;Importation;2021-03-17 10:21:17.697;EnCours;Mer;IMPORTATEUR_ANON_5864;NINEA_ANON_371;001-I
2405769;Importation;2020-05-13 15:27:35.547;EnCours;Mer;IMPORTATEUR_ANON_187;NINEA_ANON_858;001-I
2413762;Importation;2020-06-05 08:29:11.780;EnCours;Mer;IMPORTATEUR_ANON_134;NINEA_ANON_630;001-I
2541073;Importation;2021-03-23 11:40:07.333;EnCours;Mer;IMPORTATEUR_ANON_3173;NINEA_ANON_79;001-I
2536163;Importation;2021-03-12 16:37:39.780;EnCours;Mer;IMPORTATEUR_ANON_3951;NINEA_ANON_125;001-I
2429448;Importation;2020-07-10 08:48:07.330;EnCours;Mer;IMPORTATEUR_ANON_8488;NINEA_ANON_578;001-I
2583562;Importation;2021-06-24 09:23:09.140;EnCours;Mer;IMPORTATEUR_ANON_2303;NINEA_ANON_355;
2640154;Importation;2021-11-04 16:34:41.777;EnCours;Mer;IMPORTATEUR_ANON_7929;NINEA_ANON_740;001-I
2429446;Importation;2020-07-10 08:47:38.877;Initialise;Mer;IMPORTATEUR_ANON_819;NINEA_ANON_349;001-I
2500762;Importation;2020-12-21 13:09:20.467;EnCours;Mer;IMPORTATEUR_ANON_428;NINEA_ANON_244;001-I
2491323;Importation;2020-11-30 12:28:35.360;EnCours;Mer;IMPORTATEUR_ANON_7464;NINEA_ANON_545;001-I
2475570;Importation;2020-10-27 08:45:51.587;EnCours;Mer;IMPORTATEUR_ANON_3863;NINEA_ANON_55;001-I
2571637;Importation;2021-05-31 11:08:57.963;Initialise;Mer;IMPORTATEUR_ANON_7640;NINEA_ANON_288;001-I
2353638;Importation;2020-01-29 10:08:40.553;EnCours;Mer;IMPORTATEUR_ANON_6640;NINEA_ANON_138;001-I
2419828;Importation;2020-06-18 13:08:27.677;EnCours;Mer;IMPORTATEUR_ANON_3660;NINEA_ANON_166;001-I
2537994;Importation;2021-03-17 10:30:09.330;EnCours;Mer;IMPORTATEUR_ANON_7333;NINEA_ANON_396;001-I
2666510;Importation;2021-12-31 11:41:44.837;EnCours;Mer;IMPORTATEUR_ANON_9008;NINEA_ANON_224;001-I
2493012;Importation;2020-12-03 09:46:53.297;EnCours;Mer;IMPORTATEUR_ANON_1272;NINEA_ANON_568;001-I
2489060;Importation;2020-11-25 09:21:04.140;EnCours;Mer;IMPORTATEUR_ANON_7166;NINEA_ANON_390;001-I
2590513;Importation;2021-07-08 11:24:42.587;EnCours;Mer;IMPORTATEUR_ANON_2623;NINEA_ANON_14;001-I
2537260;Importation;2021-03-16 10:41:57.690;EnCours;Mer;IMPORTATEUR_ANON_6498;NINEA_ANON_513;001-I
2349615;Importation;2020-01-21 15:29:06.383;EnCours;Mer;IMPORTATEUR_ANON_2308;NINEA_ANON_475;001-I
2343243;Importation;2020-01-09 14:19:52.187;EnCours;Mer;IMPORTATEUR_ANON_58;NINEA_ANON_791;001-I
2503228;Importation;2020-12-28 15:09:54.323;Initialise;Mer;IMPORTATEUR_ANON_8470;NINEA_ANON_452;001-I
2593462;Importation;2021-07-14 16:14:36.500;EnCours;Mer;IMPORTATEUR_ANON_2506;NINEA_ANON_212;
2655979;Importation;2021-12-08 10:04:53.827;EnCours;Mer;IMPORTATEUR_ANON_1124;NINEA_ANON_111;001-I
2503502;Importation;2020-12-29 09:38:16.437;Initialise;Mer;IMPORTATEUR_ANON_638;NINEA_ANON_384;001-I
2669981;Importation;2022-01-11 12:02:15.643;EnCours;Mer;IMPORTATEUR_ANON_9322;NINEA_ANON_87;001-I
2566059;Importation;2021-05-18 12:16:36.853;EnCours;Mer;IMPORTATEUR_ANON_8438;NINEA_ANON_699;
2379011;Importation;2020-03-16 13:08:18.243;EnCours;Mer;IMPORTATEUR_ANON_1088;NINEA_ANON_280;001-I
2522667;Importation;2021-02-10 11:23:36.090;EnCours;Mer;IMPORTATEUR_ANON_8360;NINEA_ANON_879;001-I
2421289;Importation;2020-06-23 08:54:42.050;Initialise;Mer;IMPORTATEUR_ANON_2397;NINEA_ANON_421;001-I
2384640;Importation;2020-03-26 16:02:18.953;EnCours;Mer;IMPORTATEUR_ANON_5804;NINEA_ANON_779;001-I
2551111;Importation;2021-04-14 12:22:16.913;EnCours;Mer;IMPORTATEUR_ANON_134;NINEA_ANON_630;
2444203;Importation;2020-08-13 13:30:50.927;EnCours;Mer;IMPORTATEUR_ANON_5484;NINEA_ANON_42;001-I
2565781;Importation;2021-05-18 09:44:11.610;EnCours;Mer;IMPORTATEUR_ANON_3951;NINEA_ANON_125;001-I
2575573;Importation;2021-06-08 10:38:03.700;EnCours;Mer;IMPORTATEUR_ANON_2308;NINEA_ANON_475;001-I
2604465;Importation;2021-08-12 11:59:06.683;EnCours;Mer;IMPORTATEUR_ANON_134;NINEA_ANON_630;001-I
2503485;Importation;2020-12-29 09:17:22.947;EnCours;Mer;IMPORTATEUR_ANON_2308;NINEA_ANON_475;001-I
2629164;Importation;2021-10-11 12:16:46.150;EnCours;Mer;IMPORTATEUR_ANON_6248;NINEA_ANON_183;001-I
2604820;Importation;2021-08-13 08:46:58.060;EnCours;Mer;IMPORTATEUR_ANON_3863;NINEA_ANON_628;001-I
2634742;Importation;2021-10-22 17:00:32.300;Initialise;Mer;IMPORTATEUR_ANON_5350;NINEA_ANON_626;001-I
2645033;Importation;2021-11-16 10:18:54.523;EnCours;Mer;IMPORTATEUR_ANON_3951;NINEA_ANON_125;001-I
2375966;Importation;2020-03-10 12:29:51.683;EnCours;Mer;IMPORTATEUR_ANON_7464;NINEA_ANON_545;001-I
2417569;Importation;2020-06-15 08:33:44.290;EnCours;Mer;IMPORTATEUR_ANON_2623;NINEA_ANON_939;001-I
2685046;Importation;2022-02-14 12:23:26.440;EnCours;Mer;IMPORTATEUR_ANON_4494;NINEA_ANON_821;001-I
2603909;Importation;2021-08-11 11:27:58.170;Initialise;Mer;IMPORTATEUR_ANON_7241;NINEA_ANON_415;001-I
2410688;Importation;2020-05-28 10:06:34.080;EnCours;Mer;IMPORTATEUR_ANON_9263;NINEA_ANON_274;001-I
2564212;Importation;2021-05-11 19:08:12.150;EnCours;Mer;IMPORTATEUR_ANON_4012;NINEA_ANON_789;001-I
2351864;Importation;2020-01-24 18:20:48.900;EnCours;Mer;IMPORTATEUR_ANON_134;NINEA_ANON_630;001-I
2463022;Importation;2020-09-25 16:49:01.650;EnCours;Mer;IMPORTATEUR_ANON_9354;NINEA_ANON_779;001-I
2500128;Importation;2020-12-18 14:39:31.793;EnCours;Mer;IMPORTATEUR_ANON_4663;NINEA_ANON_805;001-I
2637170;Importation;2021-10-28 12:11:53.727;EnCours;Mer;IMPORTATEUR_ANON_7464;NINEA_ANON_545;001-I
2477338;Importation;2020-10-30 14:46:14.197;EnCours;Mer;IMPORTATEUR_ANON_9327;NINEA_ANON_719;001-I
2595163;Importation;2021-07-19 15:11:28.997;EnCours;Mer;IMPORTATEUR_ANON_8719;NINEA_ANON_950;001-I
2679267;Importation;2022-02-01 11:52:44.250;EnCours;Mer;IMPORTATEUR_ANON_6117;NINEA_ANON_137;001-I
2501857;Importation;2020-12-23 10:36:26.280;EnCours;Mer;IMPORTATEUR_ANON_2308;NINEA_ANON_475;001-I
2532981;Importation;2021-03-04 17:08:31.997;EnCours;Mer;IMPORTATEUR_ANON_3951;NINEA_ANON_125;001-I
2600288;Importation;2021-08-03 12:00:16.453;EnCours;Mer;IMPORTATEUR_ANON_1793;NINEA_ANON_614;001-I
2362688;Importation;2020-02-14 10:53:01.113;EnCours;Mer;IMPORTATEUR_ANON_9628;NINEA_ANON_405;001-I
2444487;Importation;2020-08-14 09:46:57.673;EnCours;Mer;IMPORTATEUR_ANON_5804;NINEA_ANON_779;001-I
2404129;Importation;2020-05-11 10:21:40.313;EnCours;Mer;IMPORTATEUR_ANON_8839;NINEA_ANON_5;001-I
2583012;Importation;2021-06-23 09:47:04.273;Initialise;Mer;IMPORTATEUR_ANON_3863;NINEA_ANON_55;001-I
2690736;Importation;2022-02-22 15:15:35.890;Initialise;Mer;IMPORTATEUR_ANON_6530;NINEA_ANON_595;001-I
2349122;Importation;2020-01-21 10:16:47.950;EnCours;Mer;IMPORTATEUR_ANON_134;NINEA_ANON_630;001-I
2588703;Importation;2021-07-05 15:37:41.913;EnCours;Mer;IMPORTATEUR_ANON_9354;NINEA_ANON_779;001-I
2467271;Importation;2020-10-08 10:31:00.677;EnCours;Mer;IMPORTATEUR_ANON_2273;NINEA_ANON_222;001-I
2423637;Importation;2020-06-26 15:41:40.620;EnCours;Mer;IMPORTATEUR_ANON_3080;NINEA_ANON_802;001-I
2422831;Importation;2020-06-25 12:24:58.183;EnCours;Mer;IMPORTATEUR_ANON_9245;NINEA_ANON_192;001-I
2544597;Importation;2021-03-30 14:34:29.257;EnCours;Mer;IMPORTATEUR_ANON_3863;NINEA_ANON_628;001-I
2340502;Importation;2020-01-03 17:12:37.253;EnCours;Mer;IMPORTATEUR_ANON_8011;NINEA_ANON_856;001-I
2586360;Importation;2021-06-30 11:05:13.150;EnCours;Mer;IMPORTATEUR_ANON_4695;NINEA_ANON_514;001-I
2417516;Importation;2020-06-13 11:05:41.133;EnCours;Mer;IMPORTATEUR_ANON_5864;NINEA_ANON_371;001-I
2557859;Importation;2021-04-28 10:59:02.663;EnCours;Mer;IMPORTATEUR_ANON_4663;NINEA_ANON_805;001-I
2529386;Importation;2021-02-24 17:11:02.247;Initialise;Mer;IMPORTATEUR_ANON_2749;NINEA_ANON_300;001-I
2526865;Importation;2021-02-19 09:35:27.483;EnCours;Mer;IMPORTATEUR_ANON_1573;NINEA_ANON_599;001-I
2663946;Importation;2021-12-24 13:31:54.000;EnCours;Mer;IMPORTATEUR_ANON_4052;NINEA_ANON_54;001-I
2494472;Importation;2020-12-07 12:54:20.830;EnCours;Mer;IMPORTATEUR_ANON_8958;NINEA_ANON_638;001-I
2341467;Importation;2020-01-07 10:32:11.490;Initialise;Mer;IMPORTATEUR_ANON_6289;NINEA_ANON_956;001-I
2507436;Importation;2021-01-08 16:05:35.990;EnCours;Mer;IMPORTATEUR_ANON_1793;NINEA_ANON_614;001-I
2533451;Importation;2021-03-09 09:31:44.020;EnCours;Mer;IMPORTATEUR_ANON_9284;NINEA_ANON_956;001-I
2419549;Importation;2020-06-18 09:22:12.147;Initialise;Mer;IMPORTATEUR_ANON_8958;NINEA_ANON_25;001-I
2654509;Importation;2021-12-06 10:02:25.483;EnCours;Mer;IMPORTATEUR_ANON_3863;NINEA_ANON_628;001-I
2430415;Importation;2020-07-13 13:08:48.340;EnCours;Mer;IMPORTATEUR_ANON_6522;NINEA_ANON_121;001-I
2657335;Importation;2021-12-10 11:23:55.623;EnCours;Mer;IMPORTATEUR_ANON_6873;NINEA_ANON_165;001-I
2419432;Importation;2020-06-17 16:02:24.490;EnCours;Mer;IMPORTATEUR_ANON_3144;NINEA_ANON_548;001-I
2550045;Importation;2021-04-12 17:27:00.490;EnCours;Mer;IMPORTATEUR_ANON_7987;NINEA_ANON_839;001-I
2609824;Importation;2021-08-26 11:46:28.623;EnCours;Mer;IMPORTATEUR_ANON_2223;NINEA_ANON_102;001-I
2377707;Importation;2020-03-12 15:21:18.680;EnCours;Mer;IMPORTATEUR_ANON_6270;NINEA_ANON_903;001-I
2613194;Importation;2021-09-03 08:17:24.507;EnCours;Mer;IMPORTATEUR_ANON_9284;NINEA_ANON_956;001-I
2536297;Importation;2021-03-13 13:43:22.033;EnCours;Mer;IMPORTATEUR_ANON_134;NINEA_ANON_630;
2342781;Importation;2020-01-09 00:40:26.710;EnCours;Mer;IMPORTATEUR_ANON_7397;NINEA_ANON_947;001-I
2496741;Importation;2020-12-11 10:27:05.213;EnCours;Mer;IMPORTATEUR_ANON_7464;NINEA_ANON_545;001-I
2341334;Importation;2020-01-07 09:02:40.810;EnCours;Mer;IMPORTATEUR_ANON_3863;NINEA_ANON_628;001-I
2416650;Importation;2020-06-11 12:22:40.820;EnCours;Mer;IMPORTATEUR_ANON_134;NINEA_ANON_630;001-I
2601110;Importation;2021-08-04 15:55:44.120;EnCours;Mer;IMPORTATEUR_ANON_3895;NINEA_ANON_612;001-I
2643418;Importation;2021-11-11 15:56:52.027;EnCours;Mer;IMPORTATEUR_ANON_8011;NINEA_ANON_7;001-I
2524579;Importation;2021-02-15 12:43:34.937;EnCours;Mer;IMPORTATEUR_ANON_3144;NINEA_ANON_548;001-I
2438363;Importation;2020-08-03 11:28:11.017;EnCours;Mer;IMPORTATEUR_ANON_7719;NINEA_ANON_292;001-I
2635728;Importation;2021-10-26 10:41:05.110;Initialise;Mer;IMPORTATEUR_ANON_4777;NINEA_ANON_336;001-I
2684060;Importation;2022-02-11 08:52:58.960;EnCours;Mer;IMPORTATEUR_ANON_9695;NINEA_ANON_182;001-I
2547397;Importation;2021-04-07 08:17:21.237;EnCours;Mer;IMPORTATEUR_ANON_3438;NINEA_ANON_590;
2584135;Importation;2021-06-25 08:03:21.330;EnCours;Mer;IMPORTATEUR_ANON_2303;NINEA_ANON_355;
2607616;Importation;2021-08-20 16:08:58.680;EnCours;Mer;IMPORTATEUR_ANON_9284;NINEA_ANON_956;001-I
2339204;Importation;2020-01-02 09:50:24.993;EnCours;Mer;IMPORTATEUR_ANON_7166;NINEA_ANON_390;001-I
2432891;Importation;2020-07-17 13:33:15.820;EnCours;Mer;IMPORTATEUR_ANON_6754;NINEA_ANON_971;001-I
2382142;Importation;2020-03-20 17:14:32.220;EnCours;Mer;IMPORTATEUR_ANON_7464;NINEA_ANON_545;001-I
2515735;Importation;2021-01-26 12:44:52.190;EnCours;Mer;IMPORTATEUR_ANON_5409;NINEA_ANON_85;
2667124;Importation;2022-01-03 17:02:19.813;EnCours;Mer;IMPORTATEUR_ANON_7464;NINEA_ANON_545;001-I
2517417;Importation;2021-01-29 10:46:54.937;EnCours;Mer;IMPORTATEUR_ANON_3144;NINEA_ANON_548;001-I
2527013;Importation;2021-02-19 11:32:15.707;EnCours;Mer;IMPORTATEUR_ANON_7929;NINEA_ANON_740;001-I
2448910;Importation;2020-08-25 12:45:58.870;EnCours;Mer;IMPORTATEUR_ANON_5864;NINEA_ANON_371;001-I
2655650;Réexportation;2021-12-07 14:38:04.283;EnCours;Mer;IMPORTATEUR_ANON_7248;NINEA_ANON_583;001-E
2525784;Importation;2021-02-17 11:39:00.473;EnCours;Mer;IMPORTATEUR_ANON_5583;NINEA_ANON_694;001-I
2667374;Importation;2022-01-04 11:31:25.690;EnCours;Mer;IMPORTATEUR_ANON_7122;NINEA_ANON_724;001-I
2547576;Importation;2021-04-07 11:17:12.713;EnCours;Mer;IMPORTATEUR_ANON_8054;NINEA_ANON_662;001-I
2472086;Importation;2020-10-19 13:41:44.117;EnCours;Mer;IMPORTATEUR_ANON_6349;NINEA_ANON_706;001-I
2408789;Importation;2020-05-22 10:16:06.460;Initialise;Mer;IMPORTATEUR_ANON_7485;NINEA_ANON_82;001-I
2346009;Importation;2020-01-15 09:19:02.927;EnCours;Mer;IMPORTATEUR_ANON_3438;NINEA_ANON_590;
2605158;Importation;2021-08-13 13:05:16.877;EnCours;Mer;IMPORTATEUR_ANON_8060;NINEA_ANON_730;
2484656;Importation;2020-11-16 09:04:19.420;EnCours;Mer;IMPORTATEUR_ANON_5971;NINEA_ANON_4;001-I
2367230;Importation;2020-02-24 12:36:13.567;EnCours;Mer;IMPORTATEUR_ANON_9564;NINEA_ANON_214;001-I
2676092;Importation;2022-01-25 10:30:50.620;EnCours;Mer;IMPORTATEUR_ANON_4528;NINEA_ANON_344;001-I
2410190;Importation;2020-05-27 10:44:35.100;EnCours;Mer;IMPORTATEUR_ANON_2623;NINEA_ANON_939;001-I
2546916;Importation;2021-04-06 12:08:39.367;EnCours;Mer;IMPORTATEUR_ANON_305;NINEA_ANON_887;001-I
2411946;Importation;2020-06-02 11:31:59.910;Initialise;Mer;IMPORTATEUR_ANON_2623;NINEA_ANON_939;001-I
2687162;Importation;2022-02-16 14:15:37.073;EnCours;Mer;IMPORTATEUR_ANON_3863;NINEA_ANON_55;001-I
2393178;Importation;2020-04-17 11:15:30.577;EnCours;Mer;IMPORTATEUR_ANON_134;NINEA_ANON_630;001-I
2483262;Importation;2020-11-11 13:20:08.913;EnCours;Mer;IMPORTATEUR_ANON_7357;NINEA_ANON_313;001-I
2492102;Importation;2020-12-01 13:37:09.143;EnCours;Mer;IMPORTATEUR_ANON_9284;NINEA_ANON_956;001-I
2497549;Importation;2020-12-14 12:38:06.043;EnCours;Mer;IMPORTATEUR_ANON_9564;NINEA_ANON_214;001-I
2354510;Importation;2020-01-30 12:08:14.847;EnCours;Mer;IMPORTATEUR_ANON_4300;NINEA_ANON_479;001-I
2523247;Importation;2021-02-11 10:57:19.583;EnCours;Mer;IMPORTATEUR_ANON_134;NINEA_ANON_630;
2543762;Transit;2021-03-29 12:20:13.467;Initialise;Mer;IMPORTATEUR_ANON_8310;NINEA_ANON_903;001-E
2588336;Importation;2021-07-05 10:47:48.630;EnCours;Mer;IMPORTATEUR_ANON_134;NINEA_ANON_630;001-I
2640258;Importation;2021-11-05 08:48:07.877;EnCours;Mer;IMPORTATEUR_ANON_7464;NINEA_ANON_545;001-I
2471374;Importation;2020-10-16 12:12:29.437;EnCours;Mer;IMPORTATEUR_ANON_5864;NINEA_ANON_371;001-I
2518571;Importation;2021-02-01 15:26:21.703;EnCours;Mer;IMPORTATEUR_ANON_3863;NINEA_ANON_628;001-I
2536887;Importation;2021-03-15 15:11:01.443;EnCours;Mer;IMPORTATEUR_ANON_3438;NINEA_ANON_590;
2672990;Importation;2022-01-18 10:27:05.100;EnCours;Mer;IMPORTATEUR_ANON_3768;NINEA_ANON_664;001-I
2477005;Importation;2020-10-29 10:46:06.793;EnCours;Mer;IMPORTATEUR_ANON_6857;NINEA_ANON_43;001-I
2452050;Importation;2020-09-01 16:24:02.927;EnCours;Mer;IMPORTATEUR_ANON_3428;NINEA_ANON_29;001-I
2581176;Importation;2021-06-18 12:57:18.683;EnCours;Mer;IMPORTATEUR_ANON_5014;NINEA_ANON_959;
2398406;Importation;2020-04-30 08:36:07.350;EnCours;Mer;IMPORTATEUR_ANON_1133;NINEA_ANON_122;001-I
2367020;Importation;2020-02-24 10:18:45.923;EnCours;Mer;IMPORTATEUR_ANON_7719;NINEA_ANON_292;001-I
2472693;Importation;2020-10-20 11:49:14.990;EnCours;Mer;IMPORTATEUR_ANON_9284;NINEA_ANON_956;001-I
2453819;Importation;2020-09-05 09:04:02.667;EnCours;Mer;IMPORTATEUR_ANON_134;NINEA_ANON_630;001-I
2416620;Importation;2020-06-11 12:05:39.123;EnCours;Mer;IMPORTATEUR_ANON_6426;NINEA_ANON_429;001-I
2514655;Importation;2021-01-25 10:32:53.380;EnCours;Mer;IMPORTATEUR_ANON_2308;NINEA_ANON_475;001-I
2619390;Importation;2021-09-16 15:27:30.020;EnCours;Mer;IMPORTATEUR_ANON_1818;NINEA_ANON_980;001-I
2466766;Importation;2020-10-07 11:06:17.233;EnCours;Mer;IMPORTATEUR_ANON_1352;NINEA_ANON_854;001-I
2377167;Importation;2020-03-12 08:17:39.170;EnCours;Mer;IMPORTATEUR_ANON_428;NINEA_ANON_244;001-I
2587887;Importation;2021-07-02 16:12:07.473;EnCours;Mer;IMPORTATEUR_ANON_5377;NINEA_ANON_343;
2419617;Importation;2020-06-18 10:00:19.327;EnCours;Mer;IMPORTATEUR_ANON_134;NINEA_ANON_630;001-I
2415493;Importation;2020-06-09 13:47:58.110;EnCours;Mer;IMPORTATEUR_ANON_1026;NINEA_ANON_774;001-I
2507322;Importation;2021-01-08 12:52:20.160;Initialise;Mer;IMPORTATEUR_ANON_1426;NINEA_ANON_856;001-I
2411674;Importation;2020-06-01 18:05:53.777;EnCours;Mer;IMPORTATEUR_ANON_134;NINEA_ANON_630;001-I
2507292;Importation;2021-01-08 12:38:40.347;EnCours;Mer;IMPORTATEUR_ANON_9628;NINEA_ANON_405;001-I
2483265;Importation;2020-11-11 13:22:40.470;EnCours;Mer;IMPORTATEUR_ANON_7127;NINEA_ANON_937;001-I
2534055;Importation;2021-03-09 15:57:15.463;EnCours;Mer;IMPORTATEUR_ANON_6751;NINEA_ANON_998;
2418084;Importation;2020-06-15 14:43:18.890;EnCours;Mer;IMPORTATEUR_ANON_2308;NINEA_ANON_475;001-I
2471726;Importation;2020-10-19 09:35:53.723;EnCours;Mer;IMPORTATEUR_ANON_5726;NINEA_ANON_503;001-I
2359685;Importation;2020-02-10 13:30:39.967;EnCours;Mer;IMPORTATEUR_ANON_7929;NINEA_ANON_740;001-I
2560395;Importation;2021-05-04 09:51:25.950;EnCours;Mer;IMPORTATEUR_ANON_2623;NINEA_ANON_14;001-I
2413782;Importation;2020-06-05 08:56:23.370;EnCours;Mer;IMPORTATEUR_ANON_512;NINEA_ANON_70;001-I
2375880;Importation;2020-03-10 11:46:27.543;EnCours;Mer;IMPORTATEUR_ANON_5760;NINEA_ANON_572;001-I
2483351;Importation;2020-11-11 15:12:50.930;EnCours;Mer;IMPORTATEUR_ANON_7166;NINEA_ANON_390;001-I
2617154;Importation;2021-09-13 10:20:24.897;EnCours;Mer;IMPORTATEUR_ANON_2308;NINEA_ANON_475;001-I
2450027;Importation;2020-08-27 12:20:41.033;EnCours;Mer;IMPORTATEUR_ANON_9284;NINEA_ANON_956;001-I
2652688;Importation;2021-11-30 17:51:55.290;EnCours;Mer;IMPORTATEUR_ANON_8470;NINEA_ANON_452;001-I
2471717;Importation;2020-10-19 09:23:09.510;EnCours;Mer;IMPORTATEUR_ANON_2764;NINEA_ANON_570;001-I
2553008;Importation;2021-04-19 10:29:15.337;EnCours;Mer;IMPORTATEUR_ANON_134;NINEA_ANON_630;
2538505;Importation;2021-03-17 17:13:02.467;Initialise;Mer;IMPORTATEUR_ANON_4060;NINEA_ANON_533;001-I
2654954;Importation;2021-12-06 15:23:41.343;EnCours;Mer;IMPORTATEUR_ANON_2246;NINEA_ANON_547;001-I
2494759;Importation;2020-12-08 08:54:46.810;EnCours;Mer;IMPORTATEUR_ANON_569;NINEA_ANON_299;001-I
2692358;Importation;2022-02-24 16:09:20.517;EnCours;Mer;IMPORTATEUR_ANON_1133;NINEA_ANON_122;001-I
2358335;Importation;2020-02-06 16:27:26.340;EnCours;Mer;IMPORTATEUR_ANON_9284;NINEA_ANON_956;001-I
2450458;Réexportation;2020-08-28 11:00:44.990;EnCours;Mer;IMPORTATEUR_ANON_8488;NINEA_ANON_578;001-E
2503285;Importation;2020-12-28 16:00:54.157;EnCours;Mer;IMPORTATEUR_ANON_8532;NINEA_ANON_461;001-I
2480527;Importation;2020-11-06 16:34:08.120;EnCours;Mer;IMPORTATEUR_ANON_2308;NINEA_ANON_475;001-I
2484061;Importation;2020-11-13 08:47:22.990;EnCours;Mer;IMPORTATEUR_ANON_6270;NINEA_ANON_903;001-I
2469280;Importation;2020-10-13 09:19:26.150;EnCours;Mer;IMPORTATEUR_ANON_4663;NINEA_ANON_805;001-I
2540553;Importation;2021-03-22 14:25:09.613;Initialise;Mer;IMPORTATEUR_ANON_7640;NINEA_ANON_288;001-I
2535343;Importation;2021-03-11 12:49:08.650;EnCours;Mer;IMPORTATEUR_ANON_3863;NINEA_ANON_628;001-I
2447610;Importation;2020-08-21 11:57:18.267;EnCours;Mer;IMPORTATEUR_ANON_347;NINEA_ANON_745;001-I
2572933;Importation;2021-06-02 09:39:23.793;EnCours;Mer;IMPORTATEUR_ANON_9549;NINEA_ANON_951;
2633299;Importation;2021-10-20 15:33:38.547;EnCours;Mer;IMPORTATEUR_ANON_9284;NINEA_ANON_956;001-I
2366930;Importation;2020-02-24 08:48:28.800;Initialise;Mer;IMPORTATEUR_ANON_1936;NINEA_ANON_810;001-I
2691034;Importation;2022-02-23 09:32:36.153;EnCours;Mer;IMPORTATEUR_ANON_9926;NINEA_ANON_575;001-I
2423043;Importation;2020-06-25 15:45:09.970;EnCours;Mer;IMPORTATEUR_ANON_134;NINEA_ANON_630;001-I
2634183;Importation;2021-10-22 08:46:42.470;EnCours;Mer;IMPORTATEUR_ANON_2308;NINEA_ANON_475;001-I
2389919;Importation;2020-04-09 12:15:39.980;EnCours;Mer;IMPORTATEUR_ANON_134;NINEA_ANON_630;001-I
2581422;Importation;2021-06-19 15:23:28.527;EnCours;Mer;IMPORTATEUR_ANON_134;NINEA_ANON_630;001-I
2582469;Importation;2021-06-22 11:24:32.100;EnCours;Mer;IMPORTATEUR_ANON_2308;NINEA_ANON_475;001-I
2448660;Importation;2020-08-25 09:24:21.610;EnCours;Mer;IMPORTATEUR_ANON_134;NINEA_ANON_630;001-I
2650512;Importation;2021-11-26 08:57:09.143;EnCours;Mer;IMPORTATEUR_ANON_7583;NINEA_ANON_505;001-I
2452243;Importation;2020-09-02 10:30:18.430;EnCours;Mer;IMPORTATEUR_ANON_5864;NINEA_ANON_371;001-I
2507107;Importation;2021-01-08 10:33:37.707;EnCours;Mer;IMPORTATEUR_ANON_2308;NINEA_ANON_475;001-I
2450187;Importation;2020-08-27 15:45:48.607;Initialise;Mer;IMPORTATEUR_ANON_7464;NINEA_ANON_545;001-I
2435450;Importation;2020-07-23 16:42:31.030;Initialise;Mer;IMPORTATEUR_ANON_3517;NINEA_ANON_863;001-I
2470600;Importation;2020-10-15 07:21:29.720;EnCours;Mer;IMPORTATEUR_ANON_3863;NINEA_ANON_628;001-I
2470750;Importation;2020-10-15 11:05:42.153;EnCours;Mer;IMPORTATEUR_ANON_312;NINEA_ANON_946;001-I
2382245;Importation;2020-03-22 22:00:50.997;EnCours;Mer;IMPORTATEUR_ANON_1779;NINEA_ANON_762;001-I
2556225;Importation;2021-04-26 08:18:38.587;EnCours;Mer;IMPORTATEUR_ANON_8273;NINEA_ANON_767;001-I
2462770;Importation;2020-09-25 11:36:59.227;EnCours;Mer;IMPORTATEUR_ANON_2623;NINEA_ANON_939;001-I
2557580;Importation;2021-04-27 16:10:39.163;EnCours;Mer;IMPORTATEUR_ANON_7279;NINEA_ANON_32;001-I
2622903;Importation;2021-09-24 11:53:42.333;EnCours;Mer;IMPORTATEUR_ANON_1088;NINEA_ANON_280;001-I
2455666;Importation;2020-09-09 15:12:48.540;EnCours;Mer;IMPORTATEUR_ANON_9284;NINEA_ANON_956;001-I
2369584;Importation;2020-02-27 11:45:15.477;EnCours;Mer;IMPORTATEUR_ANON_3372;NINEA_ANON_426;001-I
2503199;Importation;2020-12-28 14:56:56.340;EnCours;Mer;IMPORTATEUR_ANON_395;NINEA_ANON_918;001-I
2462285;Importation;2020-09-24 14:11:49.367;EnCours;Mer;IMPORTATEUR_ANON_6863;NINEA_ANON_240;001-I
2382515;Importation;2020-03-23 11:38:48.640;EnCours;Mer;IMPORTATEUR_ANON_8488;NINEA_ANON_578;001-I
2431730;Importation;2020-07-15 14:32:21.657;EnCours;Mer;IMPORTATEUR_ANON_134;NINEA_ANON_630;001-I
2687167;Importation;2022-02-16 14:18:32.917;EnCours;Mer;IMPORTATEUR_ANON_134;NINEA_ANON_630;001-I
2621950;Importation;2021-09-22 15:28:08.180;Initialise;Mer;IMPORTATEUR_ANON_2308;NINEA_ANON_475;001-I
2408053;Importation;2020-05-19 16:18:48.823;Initialise;Mer;IMPORTATEUR_ANON_4060;NINEA_ANON_533;001-I
2414063;Importation;2020-06-05 12:46:15.240;EnCours;Mer;IMPORTATEUR_ANON_7710;NINEA_ANON_582;001-I
2518012;Importation;2021-02-01 09:08:10.150;EnCours;Mer;IMPORTATEUR_ANON_134;NINEA_ANON_756;001-I
2461063;Importation;2020-09-22 12:52:45.413;EnCours;Mer;IMPORTATEUR_ANON_9284;NINEA_ANON_956;001-I
2363109;Importation;2020-02-15 12:12:22.400;EnCours;Mer;IMPORTATEUR_ANON_5864;NINEA_ANON_371;001-I
2581881;Importation;2021-06-21 13:39:52.710;EnCours;Mer;IMPORTATEUR_ANON_134;NINEA_ANON_630;001-I
2542817;Importation;2021-03-26 09:51:16.683;EnCours;Mer;IMPORTATEUR_ANON_3951;NINEA_ANON_125;001-I
2652509;Importation;2021-11-30 15:37:30.970;EnCours;Mer;IMPORTATEUR_ANON_2308;NINEA_ANON_475;001-I
2370221;Importation;2020-02-28 10:22:38.793;EnCours;Mer;IMPORTATEUR_ANON_134;NINEA_ANON_630;001-I
2591495;Importation;2021-07-09 15:16:40.333;EnCours;Mer;IMPORTATEUR_ANON_5639;NINEA_ANON_372;001-I
2651127;Importation;2021-11-28 22:32:29.483;EnCours;Mer;IMPORTATEUR_ANON_9284;NINEA_ANON_956;001-I
2638220;Importation;2021-10-30 13:39:20.457;EnCours;Mer;IMPORTATEUR_ANON_5804;NINEA_ANON_779;001-I
2606655;Importation;2021-08-18 09:26:49.847;EnCours;Mer;IMPORTATEUR_ANON_6857;NINEA_ANON_43;001-I
2519361;Importation;2021-02-02 17:05:18.490;EnCours;Mer;IMPORTATEUR_ANON_7333;NINEA_ANON_396;001-I
2368761;Importation;2020-02-26 11:36:16.730;EnCours;Mer;IMPORTATEUR_ANON_134;NINEA_ANON_630;001-I
2531931;Importation;2021-03-03 09:59:11.630;EnCours;Mer;IMPORTATEUR_ANON_7464;NINEA_ANON_545;001-I
2362233;Importation;2020-02-13 14:46:41.070;EnCours;Mer;IMPORTATEUR_ANON_8713;NINEA_ANON_398;001-I
2605041;Importation;2021-08-13 11:06:07.623;EnCours;Mer;IMPORTATEUR_ANON_2506;NINEA_ANON_212;
2455713;Importation;2020-09-09 15:50:22.267;EnCours;Mer;IMPORTATEUR_ANON_910;NINEA_ANON_763;001-I
2549217;Importation;2021-04-09 16:37:55.400;EnCours;Mer;IMPORTATEUR_ANON_8713;NINEA_ANON_398;001-I
2442178;Importation;2020-08-10 11:32:04.717;EnCours;Mer;IMPORTATEUR_ANON_9284;NINEA_ANON_956;001-I
2607397;Importation;2021-08-20 12:19:23.810;EnCours;Mer;IMPORTATEUR_ANON_8978;NINEA_ANON_553;001-I
2553397;Importation;2021-04-19 14:20:29.853;EnCours;Mer;IMPORTATEUR_ANON_134;NINEA_ANON_630;
2516650;Importation;2021-01-27 17:08:09.653;EnCours;Mer;IMPORTATEUR_ANON_9284;NINEA_ANON_956;001-I
2431198;Importation;2020-07-14 16:25:33.500;EnCours;Mer;IMPORTATEUR_ANON_5478;NINEA_ANON_299;001-I
2480209;Importation;2020-11-06 10:51:02.240;EnCours;Mer;IMPORTATEUR_ANON_134;NINEA_ANON_630;001-I
2538062;Importation;2021-03-17 11:19:02.827;EnCours;Mer;IMPORTATEUR_ANON_5864;NINEA_ANON_371;001-I
2583043;Transit;2021-06-23 10:11:46.217;Initialise;Mer;IMPORTATEUR_ANON_8310;NINEA_ANON_903;001-E
2408780;Importation;2020-05-22 10:07:53.187;EnCours;Mer;IMPORTATEUR_ANON_134;NINEA_ANON_630;001-I
2460909;Importation;2020-09-22 11:19:36.820;EnCours;Mer;IMPORTATEUR_ANON_9749;NINEA_ANON_190;001-I
2544403;Importation;2021-03-30 11:49:10.060;EnCours;Mer;IMPORTATEUR_ANON_6672;NINEA_ANON_143;001-I
2600229;Importation;2021-08-03 11:13:07.497;EnCours;Mer;IMPORTATEUR_ANON_134;NINEA_ANON_630;001-I
2501568;Importation;2020-12-22 15:14:11.867;EnCours;Mer;IMPORTATEUR_ANON_7056;NINEA_ANON_496;001-I
2568029;Importation;2021-05-21 11:28:18.090;EnCours;Mer;IMPORTATEUR_ANON_2506;NINEA_ANON_212;
2408580;Importation;2020-05-20 15:52:34.463;EnCours;Mer;IMPORTATEUR_ANON_7464;NINEA_ANON_545;001-I
2389955;Importation;2020-04-09 12:36:12.837;EnCours;Mer;IMPORTATEUR_ANON_9711;NINEA_ANON_4;001-I
2451346;Importation;2020-08-31 14:38:36.973;EnCours;Mer;IMPORTATEUR_ANON_5484;NINEA_ANON_42;001-I
2537729;Importation;2021-03-16 16:17:24.953;EnCours;Mer;IMPORTATEUR_ANON_7464;NINEA_ANON_545;001-I
2527065;Importation;2021-02-19 12:11:19.733;EnCours;Mer;IMPORTATEUR_ANON_4426;NINEA_ANON_93;001-I
2626438;Importation;2021-10-04 16:49:11.210;EnCours;Mer;IMPORTATEUR_ANON_2961;NINEA_ANON_876;001-I
2513902;Importation;2021-01-22 09:16:22.263;EnCours;Mer;IMPORTATEUR_ANON_1818;NINEA_ANON_980;001-I
2656020;Importation;2021-12-08 10:30:20.780;EnCours;Mer;IMPORTATEUR_ANON_1426;NINEA_ANON_616;001-I
2476905;Importation;2020-10-29 09:27:44.173;EnCours;Mer;IMPORTATEUR_ANON_3438;NINEA_ANON_590;001-I
2514749;Importation;2021-01-25 11:18:27.110;EnCours;Mer;IMPORTATEUR_ANON_2308;NINEA_ANON_475;001-I
2444329;Importation;2020-08-13 16:04:04.177;Initialise;Mer;IMPORTATEUR_ANON_9564;NINEA_ANON_214;001-I
2517142;Importation;2021-01-28 15:29:23.257;Initialise;Mer;IMPORTATEUR_ANON_3121;NINEA_ANON_607;001-I
2343081;Importation;2020-01-09 11:56:58.710;EnCours;Mer;IMPORTATEUR_ANON_9284;NINEA_ANON_956;001-I
2354735;Importation;2020-01-30 15:38:17.630;EnCours;Mer;IMPORTATEUR_ANON_7464;NINEA_ANON_545;001-I
2647099;Importation;2021-11-19 08:48:41.450;EnCours;Mer;IMPORTATEUR_ANON_2308;NINEA_ANON_475;001-I
2381467;Importation;2020-03-19 17:10:41.017;EnCours;Mer;IMPORTATEUR_ANON_134;NINEA_ANON_630;001-I
2359029;Importation;2020-02-07 16:32:42.613;EnCours;Mer;IMPORTATEUR_ANON_7485;NINEA_ANON_82;001-I
2417705;Importation;2020-06-15 10:10:51.547;EnCours;Mer;IMPORTATEUR_ANON_1096;NINEA_ANON_301;001-I
2636547;Importation;2021-10-27 11:43:30.483;Initialise;Mer;IMPORTATEUR_ANON_1938;NINEA_ANON_48;001-I
2340432;Importation;2020-01-03 16:10:08.543;EnCours;Mer;IMPORTATEUR_ANON_9284;NINEA_ANON_956;001-I
2572937;Importation;2021-06-02 09:40:39.923;EnCours;Mer;IMPORTATEUR_ANON_9284;NINEA_ANON_956;001-I
2509711;Importation;2021-01-14 10:07:30.400;EnCours;Mer;IMPORTATEUR_ANON_5636;NINEA_ANON_652;001-I
2416739;Importation;2020-06-11 13:51:55.150;EnCours;Mer;IMPORTATEUR_ANON_3063;NINEA_ANON_950;001-I
2465671;Importation;2020-10-02 08:42:03.680;EnCours;Mer;IMPORTATEUR_ANON_3863;NINEA_ANON_628;001-I
2423585;Importation;2020-06-26 14:17:58.893;EnCours;Mer;IMPORTATEUR_ANON_1524;NINEA_ANON_38;001-I
2590771;Importation;2021-07-08 14:57:38.740;EnCours;Mer;IMPORTATEUR_ANON_7464;NINEA_ANON_545;001-I
2341207;Importation;2020-01-06 16:31:10.123;Initialise;Mer;IMPORTATEUR_ANON_134;NINEA_ANON_630;001-I
2541084;Importation;2021-03-23 11:45:52.953;EnCours;Mer;IMPORTATEUR_ANON_2308;NINEA_ANON_475;001-I
2399766;Importation;2020-05-05 08:52:34.107;EnCours;Mer;IMPORTATEUR_ANON_2308;NINEA_ANON_475;001-I
2399771;Importation;2020-05-05 09:02:33.547;EnCours;Mer;IMPORTATEUR_ANON_9628;NINEA_ANON_405;001-I
2488309;Importation;2020-11-23 17:34:02.110;EnCours;Mer;IMPORTATEUR_ANON_5864;NINEA_ANON_371;001-I
2581408;Importation;2021-06-19 13:10:12.370;EnCours;Mer;IMPORTATEUR_ANON_7409;NINEA_ANON_272;001-I
2646837;Importation;2021-11-18 15:09:38.247;EnCours;Mer;IMPORTATEUR_ANON_5864;NINEA_ANON_371;001-I
2456462;Importation;2020-09-10 17:18:17.707;EnCours;Mer;IMPORTATEUR_ANON_58;NINEA_ANON_791;001-I
2657430;Importation;2021-12-10 12:37:34.500;EnCours;Mer;IMPORTATEUR_ANON_9284;NINEA_ANON_956;001-I
2665346;Importation;2021-12-29 10:15:39.933;Initialise;Mer;IMPORTATEUR_ANON_3726;NINEA_ANON_343;001-I
2622226;Importation;2021-09-23 10:35:56.817;EnCours;Mer;IMPORTATEUR_ANON_5760;NINEA_ANON_572;001-I
2564083;Importation;2021-05-11 15:22:46.773;EnCours;Mer;IMPORTATEUR_ANON_2002;NINEA_ANON_746;001-I
2450723;Importation;2020-08-28 15:37:33.620;EnCours;Mer;IMPORTATEUR_ANON_9628;NINEA_ANON_405;001-I
2450004;Importation;2020-08-27 12:05:51.937;EnCours;Mer;IMPORTATEUR_ANON_1308;NINEA_ANON_693;001-I
2426828;Importation;2020-07-04 13:06:43.193;EnCours;Mer;IMPORTATEUR_ANON_134;NINEA_ANON_630;001-I
2433805;Importation;2020-07-21 09:26:54.897;EnCours;Mer;IMPORTATEUR_ANON_2623;NINEA_ANON_939;001-I
2341455;Importation;2020-01-07 10:24:42.710;EnCours;Mer;IMPORTATEUR_ANON_819;NINEA_ANON_349;001-I
2444433;Importation;2020-08-14 08:33:41.333;Initialise;Mer;IMPORTATEUR_ANON_8958;NINEA_ANON_25;001-I
2556810;Importation;2021-04-26 15:28:51.537;EnCours;Mer;IMPORTATEUR_ANON_134;NINEA_ANON_630;
2550980;Importation;2021-04-14 11:00:45.913;EnCours;Mer;IMPORTATEUR_ANON_3438;NINEA_ANON_590;
2432625;Importation;2020-07-17 09:35:24.517;Initialise;Mer;IMPORTATEUR_ANON_819;NINEA_ANON_349;001-I
2469994;Importation;2020-10-14 09:17:28.500;EnCours;Mer;IMPORTATEUR_ANON_2308;NINEA_ANON_475;001-I
2527417;Importation;2021-02-20 12:08:14.603;EnCours;Mer;IMPORTATEUR_ANON_134;NINEA_ANON_630;
2502292;Importation;2020-12-23 18:20:54.350;EnCours;Mer;IMPORTATEUR_ANON_8011;NINEA_ANON_856;001-I
2420900;Importation;2020-06-22 12:02:19.483;EnCours;Mer;IMPORTATEUR_ANON_4209;NINEA_ANON_188;001-I
2608298;Importation;2021-08-23 16:04:53.150;Initialise;Mer;IMPORTATEUR_ANON_7464;NINEA_ANON_545;001-I
2606194;Importation;2021-08-17 10:34:30.323;EnCours;Mer;IMPORTATEUR_ANON_4031;NINEA_ANON_725;001-I
2635963;Importation;2021-10-26 13:06:38.787;EnCours;Mer;IMPORTATEUR_ANON_9956;NINEA_ANON_627;001-I
2379472;Importation;2020-03-17 09:09:52.670;EnCours;Mer;IMPORTATEUR_ANON_819;NINEA_ANON_349;001-I
2467640;Importation;2020-10-08 15:58:05.880;EnCours;Mer;IMPORTATEUR_ANON_6751;NINEA_ANON_998;001-I
2503191;Importation;2020-12-28 14:44:35.737;EnCours;Mer;IMPORTATEUR_ANON_2308;NINEA_ANON_475;001-I
2348328;Importation;2020-01-20 11:02:27.730;EnCours;Mer;IMPORTATEUR_ANON_638;NINEA_ANON_384;001-I
2667094;Importation;2022-01-03 16:20:13.773;EnCours;Mer;IMPORTATEUR_ANON_7464;NINEA_ANON_545;001-I
2409718;Importation;2020-05-26 13:23:33.090;EnCours;Mer;IMPORTATEUR_ANON_9284;NINEA_ANON_956;001-I
2413847;Importation;2020-06-05 10:01:00.530;EnCours;Mer;IMPORTATEUR_ANON_2117;NINEA_ANON_418;001-I
2448165;Importation;2020-08-24 11:09:11.350;EnCours;Mer;IMPORTATEUR_ANON_3863;NINEA_ANON_628;001-I
2393683;Importation;2020-04-20 10:19:26.587;EnCours;Mer;IMPORTATEUR_ANON_4209;NINEA_ANON_188;001-I
2649037;Importation;2021-11-23 13:21:17.770;EnCours;Mer;IMPORTATEUR_ANON_7464;NINEA_ANON_545;001-I
2411777;Importation;2020-06-02 09:56:28.637;EnCours;Mer;IMPORTATEUR_ANON_4507;NINEA_ANON_900;001-I
2514554;Importation;2021-01-25 09:35:47.470;EnCours;Mer;IMPORTATEUR_ANON_7464;NINEA_ANON_545;001-I
2387281;Importation;2020-04-02 10:45:28.907;EnCours;Mer;IMPORTATEUR_ANON_9284;NINEA_ANON_956;001-I
2358677;Importation;2020-02-07 11:24:16.423;EnCours;Mer;IMPORTATEUR_ANON_7464;NINEA_ANON_545;001-I
2494765;Importation;2020-12-08 08:58:27.593;EnCours;Mer;IMPORTATEUR_ANON_3438;NINEA_ANON_590;
2590202;Importation;2021-07-07 16:35:48.437;EnCours;Mer;IMPORTATEUR_ANON_1951;NINEA_ANON_827;001-I
2582035;Importation;2021-06-21 15:39:38.000;EnCours;Mer;IMPORTATEUR_ANON_4624;NINEA_ANON_415;001-I
2509029;Importation;2021-01-13 09:37:36.793;EnCours;Mer;IMPORTATEUR_ANON_9750;NINEA_ANON_894;001-I
2510698;Importation;2021-01-15 15:11:32.830;EnCours;Mer;IMPORTATEUR_ANON_9284;NINEA_ANON_956;001-I
2671387;Importation;2022-01-13 15:55:43.710;EnCours;Mer;IMPORTATEUR_ANON_4428;NINEA_ANON_725;001-I
2376333;Importation;2020-03-10 16:59:30.283;EnCours;Mer;IMPORTATEUR_ANON_6247;NINEA_ANON_898;001-I
2391696;Importation;2020-04-15 07:46:27.383;Initialise;Mer;IMPORTATEUR_ANON_3863;NINEA_ANON_628;001-I
2508855;Importation;2021-01-12 15:58:22.760;EnCours;Mer;IMPORTATEUR_ANON_464;NINEA_ANON_612;001-I
2523898;Importation;2021-02-12 12:22:38.063;EnCours;Mer;IMPORTATEUR_ANON_4744;NINEA_ANON_747;001-I
2603628;Importation;2021-08-10 16:49:54.667;EnCours;Mer;IMPORTATEUR_ANON_134;NINEA_ANON_630;001-I
2374121;Importation;2020-03-06 11:01:41.210;EnCours;Mer;IMPORTATEUR_ANON_1133;NINEA_ANON_122;001-I
2636348;Importation;2021-10-27 09:26:13.310;EnCours;Mer;IMPORTATEUR_ANON_7464;NINEA_ANON_545;001-I
2374567;Importation;2020-03-07 11:43:28.343;Initialise;Mer;IMPORTATEUR_ANON_4428;NINEA_ANON_802;001-I
2572462;Importation;2021-06-01 12:10:20.210;EnCours;Mer;IMPORTATEUR_ANON_2623;NINEA_ANON_14;001-I
2487201;Importation;2020-11-20 10:48:11.203;EnCours;Mer;IMPORTATEUR_ANON_3438;NINEA_ANON_590;001-I
2537047;Importation;2021-03-15 17:12:43.310;EnCours;Mer;IMPORTATEUR_ANON_5398;NINEA_ANON_352;001-I
2659300;Importation;2021-12-15 10:19:02.850;EnCours;Mer;IMPORTATEUR_ANON_8713;NINEA_ANON_398;001-I
2360300;Importation;2020-02-11 10:42:20.437;EnCours;Mer;IMPORTATEUR_ANON_134;NINEA_ANON_630;001-I
2620607;Importation;2021-09-20 14:03:26.667;EnCours;Mer;IMPORTATEUR_ANON_4478;NINEA_ANON_1;001-I
2488910;Importation;2020-11-24 16:31:09.410;EnCours;Mer;IMPORTATEUR_ANON_2407;NINEA_ANON_991;001-I
2658341;Importation;2021-12-13 16:18:54.690;EnCours;Mer;IMPORTATEUR_ANON_7514;NINEA_ANON_521;001-I
2486866;Importation;2020-11-19 15:36:15.460;EnCours;Mer;IMPORTATEUR_ANON_9628;NINEA_ANON_405;001-I
2474186;Importation;2020-10-22 16:21:40.313;EnCours;Mer;IMPORTATEUR_ANON_9284;NINEA_ANON_956;001-I
2652474;Importation;2021-11-30 15:11:40.270;EnCours;Mer;IMPORTATEUR_ANON_9564;NINEA_ANON_214;001-I
2429407;Importation;2020-07-09 19:18:47.650;Initialise;Mer;IMPORTATEUR_ANON_1914;NINEA_ANON_93;001-I
2617576;Importation;2021-09-13 15:39:41.427;EnCours;Mer;IMPORTATEUR_ANON_5804;NINEA_ANON_779;001-I
2420885;Importation;2020-06-22 11:54:28.303;EnCours;Mer;IMPORTATEUR_ANON_2308;NINEA_ANON_475;001-I
2411593;Importation;2020-05-30 12:05:03.727;EnCours;Mer;IMPORTATEUR_ANON_134;NINEA_ANON_630;001-I
2555961;Importation;2021-04-23 14:03:14.433;EnCours;Mer;IMPORTATEUR_ANON_5369;NINEA_ANON_813;001-I
2593970;Importation;2021-07-15 14:43:26.457;Initialise;Mer;IMPORTATEUR_ANON_584;NINEA_ANON_24;001-I
2482728;Importation;2020-11-10 15:25:56.337;EnCours;Mer;IMPORTATEUR_ANON_2169;NINEA_ANON_78;001-I
2457297;Importation;2020-09-14 11:36:38.627;EnCours;Mer;IMPORTATEUR_ANON_7464;NINEA_ANON_545;001-I
2689576;Importation;2022-02-21 12:07:01.063;EnCours;Mer;IMPORTATEUR_ANON_9284;NINEA_ANON_956;001-I
2553776;Importation;2021-04-20 10:34:26.620;EnCours;Mer;IMPORTATEUR_ANON_1272;NINEA_ANON_493;001-I
2444426;Importation;2020-08-14 08:09:05.837;EnCours;Mer;IMPORTATEUR_ANON_134;NINEA_ANON_630;001-I
2618768;Importation;2021-09-15 15:02:13.387;EnCours;Mer;IMPORTATEUR_ANON_5606;NINEA_ANON_899;001-I
2502513;Importation;2020-12-24 11:44:56.220;EnCours;Mer;IMPORTATEUR_ANON_1818;NINEA_ANON_980;001-I
2549022;Importation;2021-04-09 12:30:15.567;EnCours;Mer;IMPORTATEUR_ANON_9695;NINEA_ANON_182;001-I
2428552;Importation;2020-07-08 12:45:46.817;EnCours;Mer;IMPORTATEUR_ANON_6689;NINEA_ANON_850;001-I
2564345;Importation;2021-05-12 10:18:08.593;EnCours;Mer;IMPORTATEUR_ANON_5014;NINEA_ANON_959;
2389272;Importation;2020-04-07 14:08:27.987;EnCours;Mer;IMPORTATEUR_ANON_7987;NINEA_ANON_839;001-I
2535528;Importation;2021-03-11 16:19:18.273;EnCours;Mer;IMPORTATEUR_ANON_1308;NINEA_ANON_693;
2541774;Importation;2021-03-24 12:31:39.340;EnCours;Mer;IMPORTATEUR_ANON_8438;NINEA_ANON_699;
2554053;Importation;2021-04-20 13:56:13.067;EnCours;Mer;IMPORTATEUR_ANON_17;NINEA_ANON_782;001-I
2541237;Importation;2021-03-23 13:27:46.790;EnCours;Mer;IMPORTATEUR_ANON_219;NINEA_ANON_697;001-I
2413456;Importation;2020-06-04 12:39:01.960;EnCours;Mer;IMPORTATEUR_ANON_134;NINEA_ANON_630;001-I
2424286;Importation;2020-06-29 15:11:34.590;EnCours;Mer;IMPORTATEUR_ANON_3407;NINEA_ANON_902;001-I
2523820;Importation;2021-02-12 11:06:44.897;EnCours;Mer;IMPORTATEUR_ANON_7464;NINEA_ANON_545;001-I
2609603;Importation;2021-08-26 08:37:30.910;EnCours;Mer;IMPORTATEUR_ANON_134;NINEA_ANON_630;001-I
2526642;Importation;2021-02-18 15:02:16.240;EnCours;Mer;IMPORTATEUR_ANON_3660;NINEA_ANON_379;001-I
2465097;Importation;2020-10-01 08:45:29.413;EnCours;Mer;IMPORTATEUR_ANON_102;NINEA_ANON_601;001-I
2369670;Importation;2020-02-27 12:31:39.160;EnCours;Mer;IMPORTATEUR_ANON_3442;NINEA_ANON_391;001-I
2376911;Importation;2020-03-11 14:47:02.990;EnCours;Mer;IMPORTATEUR_ANON_986;NINEA_ANON_55;001-I
2548112;Importation;2021-04-08 08:44:38.080;EnCours;Mer;IMPORTATEUR_ANON_9284;NINEA_ANON_956;001-I
2427365;Importation;2020-07-06 15:31:14.213;EnCours;Mer;IMPORTATEUR_ANON_7198;NINEA_ANON_430;001-I
2543456;Importation;2021-03-29 09:14:53.083;EnCours;Mer;IMPORTATEUR_ANON_5978;NINEA_ANON_615;001-I
2464772;Importation;2020-09-30 12:30:10.413;EnCours;Mer;IMPORTATEUR_ANON_1133;NINEA_ANON_122;001-I
2602207;Importation;2021-08-06 16:20:59.223;EnCours;Mer;IMPORTATEUR_ANON_7279;NINEA_ANON_32;001-I
2529056;Importation;2021-02-24 11:21:57.203;EnCours;Mer;IMPORTATEUR_ANON_134;NINEA_ANON_630;
2660912;Importation;2021-12-17 15:48:56.897;EnCours;Mer;IMPORTATEUR_ANON_9642;NINEA_ANON_59;001-I
2547158;Importation;2021-04-06 15:01:49.477;EnCours;Mer;IMPORTATEUR_ANON_3726;NINEA_ANON_343;001-I
2689760;Importation;2022-02-21 13:44:38.790;EnCours;Mer;IMPORTATEUR_ANON_9284;NINEA_ANON_956;001-I
2417606;Importation;2020-06-15 09:05:09.530;EnCours;Mer;IMPORTATEUR_ANON_134;NINEA_ANON_630;001-I
2569697;Importation;2021-05-26 12:09:45.003;EnCours;Mer;IMPORTATEUR_ANON_3951;NINEA_ANON_125;001-I
2662606;Importation;2021-12-22 10:51:37.077;EnCours;Mer;IMPORTATEUR_ANON_101;NINEA_ANON_282;001-I
2629500;Importation;2021-10-11 16:16:56.260;EnCours;Mer;IMPORTATEUR_ANON_819;NINEA_ANON_349;001-I
2578049;Importation;2021-06-11 18:53:28.023;EnCours;Mer;IMPORTATEUR_ANON_9284;NINEA_ANON_956;001-I
2381646;Importation;2020-03-20 10:08:10.630;EnCours;Mer;IMPORTATEUR_ANON_134;NINEA_ANON_630;001-I
2570865;Importation;2021-05-28 10:17:55.753;EnCours;Mer;IMPORTATEUR_ANON_9284;NINEA_ANON_956;001-I
2601902;Importation;2021-08-06 10:47:49.973;EnCours;Mer;IMPORTATEUR_ANON_7057;NINEA_ANON_633;001-I
2399002;Importation;2020-05-02 14:26:38.680;EnCours;Mer;IMPORTATEUR_ANON_1088;NINEA_ANON_280;001-I
2412730;Importation;2020-06-03 11:52:28.930;EnCours;Mer;IMPORTATEUR_ANON_9284;NINEA_ANON_956;001-I
2654484;Importation;2021-12-06 09:40:51.553;EnCours;Mer;IMPORTATEUR_ANON_3863;NINEA_ANON_628;001-I
2407383;Importation;2020-05-18 14:10:22.583;EnCours;Mer;IMPORTATEUR_ANON_5397;NINEA_ANON_680;001-I
2444611;Importation;2020-08-14 11:36:17.090;EnCours;Mer;IMPORTATEUR_ANON_8895;NINEA_ANON_393;001-I
2595218;Importation;2021-07-19 16:04:38.090;EnCours;Mer;IMPORTATEUR_ANON_8488;NINEA_ANON_583;001-I
2393098;Importation;2020-04-17 10:06:31.883;EnCours;Mer;IMPORTATEUR_ANON_7464;NINEA_ANON_545;001-I
2552626;Importation;2021-04-16 15:00:21.113;EnCours;Mer;IMPORTATEUR_ANON_5864;NINEA_ANON_371;001-I
2521934;Importation;2021-02-09 10:09:50.583;EnCours;Mer;IMPORTATEUR_ANON_2623;NINEA_ANON_939;001-I
2532716;Importation;2021-03-04 12:05:29.927;EnCours;Mer;IMPORTATEUR_ANON_2117;NINEA_ANON_418;001-I
2608985;Importation;2021-08-24 16:11:06.823;EnCours;Mer;IMPORTATEUR_ANON_8868;NINEA_ANON_98;001-I
2444088;Importation;2020-08-13 11:46:44.500;EnCours;Mer;IMPORTATEUR_ANON_7959;NINEA_ANON_199;001-I
2567267;Importation;2021-05-20 10:43:33.610;EnCours;Mer;IMPORTATEUR_ANON_7333;NINEA_ANON_396;001-I
2553639;Importation;2021-04-20 09:12:02.183;EnCours;Mer;IMPORTATEUR_ANON_3438;NINEA_ANON_590;
2598145;Importation;2021-07-28 18:32:08.890;EnCours;Mer;IMPORTATEUR_ANON_9284;NINEA_ANON_956;001-I
2365040;Importation;2020-02-19 11:28:24.387;Initialise;Mer;IMPORTATEUR_ANON_7166;NINEA_ANON_390;001-I
2622780;Importation;2021-09-24 10:21:08.227;EnCours;Mer;IMPORTATEUR_ANON_191;NINEA_ANON_164;001-I
2603841;Importation;2021-08-11 10:45:33.940;EnCours;Mer;IMPORTATEUR_ANON_4426;NINEA_ANON_68;001-I
2387210;Importation;2020-04-02 10:13:57.563;EnCours;Mer;IMPORTATEUR_ANON_134;NINEA_ANON_630;001-I
2399501;Importation;2020-05-04 13:06:34.007;EnCours;Mer;IMPORTATEUR_ANON_9284;NINEA_ANON_956;001-I
2340507;Importation;2020-01-03 17:24:43.557;EnCours;Mer;IMPORTATEUR_ANON_7464;NINEA_ANON_545;001-I
2508194;Importation;2021-01-11 16:27:08.170;EnCours;Mer;IMPORTATEUR_ANON_3264;NINEA_ANON_644;001-I
2615287;Importation;2021-09-08 12:11:18.487;EnCours;Mer;IMPORTATEUR_ANON_4663;NINEA_ANON_805;001-I
2684802;Importation;2022-02-14 09:19:51.250;EnCours;Mer;IMPORTATEUR_ANON_7464;NINEA_ANON_545;001-I
2510072;Importation;2021-01-14 14:30:42.677;EnCours;Mer;IMPORTATEUR_ANON_9284;NINEA_ANON_956;001-I
2544167;Importation;2021-03-30 08:45:13.073;EnCours;Mer;IMPORTATEUR_ANON_134;NINEA_ANON_630;
2672938;Importation;2022-01-18 09:36:18.160;EnCours;Mer;IMPORTATEUR_ANON_2308;NINEA_ANON_475;001-I
2436627;Importation;2020-07-27 16:50:39.417;EnCours;Mer;IMPORTATEUR_ANON_7464;NINEA_ANON_545;001-I
2444541;Importation;2020-08-14 10:30:57.333;EnCours;Mer;IMPORTATEUR_ANON_5014;NINEA_ANON_262;001-I
2688682;Importation;2022-02-18 11:34:54.040;EnCours;Mer;IMPORTATEUR_ANON_3883;NINEA_ANON_931;001-I
2606350;Importation;2021-08-17 12:22:55.600;EnCours;Mer;IMPORTATEUR_ANON_1914;NINEA_ANON_156;001-I
2467321;Importation;2020-10-08 10:56:22.040;EnCours;Mer;IMPORTATEUR_ANON_819;NINEA_ANON_349;001-I
2340845;Importation;2020-01-06 11:59:13.983;Initialise;Mer;IMPORTATEUR_ANON_9218;NINEA_ANON_750;001-I
2614646;Importation;2021-09-07 11:31:33.490;EnCours;Mer;IMPORTATEUR_ANON_7464;NINEA_ANON_545;001-I
2446802;Importation;2020-08-19 17:07:14.600;EnCours;Mer;IMPORTATEUR_ANON_9284;NINEA_ANON_956;001-I
2523662;Importation;2021-02-12 09:13:48.560;EnCours;Mer;IMPORTATEUR_ANON_134;NINEA_ANON_630;
2423976;Importation;2020-06-29 11:14:13.540;EnCours;Mer;IMPORTATEUR_ANON_9284;NINEA_ANON_956;001-I
2385818;Importation;2020-03-30 15:37:34.317;EnCours;Mer;IMPORTATEUR_ANON_9628;NINEA_ANON_405;001-I
2434931;Importation;2020-07-23 08:41:18.347;EnCours;Mer;IMPORTATEUR_ANON_134;NINEA_ANON_630;001-I
2404141;Importation;2020-05-11 10:31:36.717;Initialise;Mer;IMPORTATEUR_ANON_9492;NINEA_ANON_788;001-I
2560993;Importation;2021-05-05 09:14:21.530;EnCours;Mer;IMPORTATEUR_ANON_9628;NINEA_ANON_405;001-I
2353570;Importation;2020-01-29 09:09:30.447;EnCours;Mer;IMPORTATEUR_ANON_2783;NINEA_ANON_422;001-I
2667550;Importation;2022-01-04 15:00:34.563;EnCours;Mer;IMPORTATEUR_ANON_9284;NINEA_ANON_956;001-I
2511373;Importation;2021-01-18 12:48:18.327;Initialise;Mer;IMPORTATEUR_ANON_3863;NINEA_ANON_628;001-I
2515932;Importation;2021-01-26 16:18:42.163;EnCours;Mer;IMPORTATEUR_ANON_1793;NINEA_ANON_614;001-I
2651558;Importation;2021-11-29 12:40:58.573;EnCours;Mer;IMPORTATEUR_ANON_9628;NINEA_ANON_405;001-I
2659107;Importation;2021-12-14 17:07:50.217;EnCours;Mer;IMPORTATEUR_ANON_2749;NINEA_ANON_329;001-I
2362835;Importation;2020-02-14 12:44:21.830;EnCours;Mer;IMPORTATEUR_ANON_6772;NINEA_ANON_514;001-I
2667666;Importation;2022-01-04 16:57:32.080;EnCours;Mer;IMPORTATEUR_ANON_4187;NINEA_ANON_779;001-I
2445033;Importation;2020-08-17 08:19:21.413;EnCours;Mer;IMPORTATEUR_ANON_2303;NINEA_ANON_96;001-I
2529260;Importation;2021-02-24 14:53:01.397;EnCours;Mer;IMPORTATEUR_ANON_4590;NINEA_ANON_715;001-I
2409643;Importation;2020-05-26 12:38:53.783;EnCours;Mer;IMPORTATEUR_ANON_9284;NINEA_ANON_956;001-I
2429524;Importation;2020-07-10 10:03:04.463;EnCours;Mer;IMPORTATEUR_ANON_2308;NINEA_ANON_475;001-I
2351396;Importation;2020-01-24 10:39:16.460;EnCours;Mer;IMPORTATEUR_ANON_134;NINEA_ANON_630;001-I
2534451;Importation;2021-03-10 11:32:51.973;EnCours;Mer;IMPORTATEUR_ANON_1380;NINEA_ANON_312;
2618060;Importation;2021-09-14 12:37:09.297;EnCours;Mer;IMPORTATEUR_ANON_7464;NINEA_ANON_545;001-I
2356592;Importation;2020-02-04 13:50:32.300;EnCours;Mer;IMPORTATEUR_ANON_4060;NINEA_ANON_533;001-I
2582029;Importation;2021-06-21 15:39:12.060;EnCours;Mer;IMPORTATEUR_ANON_9628;NINEA_ANON_405;001-I
2602340;Importation;2021-08-07 16:32:40.520;EnCours;Mer;IMPORTATEUR_ANON_134;NINEA_ANON_630;001-I
2451896;Importation;2020-09-01 14:16:57.370;EnCours;Mer;IMPORTATEUR_ANON_6522;NINEA_ANON_193;001-I
2365868;Importation;2020-02-20 12:38:36.583;EnCours;Mer;IMPORTATEUR_ANON_5667;NINEA_ANON_247;001-I
2574986;Importation;2021-06-07 11:34:19.790;EnCours;Mer;IMPORTATEUR_ANON_134;NINEA_ANON_630;001-I
2660928;Importation;2021-12-17 16:03:53.560;EnCours;Mer;IMPORTATEUR_ANON_9628;NINEA_ANON_405;001-I
2346216;Importation;2020-01-15 11:27:55.080;EnCours;Mer;IMPORTATEUR_ANON_9284;NINEA_ANON_956;001-I
2429630;Importation;2020-07-10 11:22:52.700;EnCours;Mer;IMPORTATEUR_ANON_8532;NINEA_ANON_461;001-I
2433359;Importation;2020-07-20 10:57:50.350;EnCours;Mer;IMPORTATEUR_ANON_819;NINEA_ANON_349;001-I
2614915;Importation;2021-09-07 15:48:11.193;EnCours;Mer;IMPORTATEUR_ANON_9642;NINEA_ANON_59;001-I
2423788;Importation;2020-06-29 08:47:37.977;EnCours;Mer;IMPORTATEUR_ANON_1914;NINEA_ANON_93;001-I
2636077;Importation;2021-10-26 14:50:27.943;EnCours;Mer;IMPORTATEUR_ANON_2308;NINEA_ANON_475;001-I
2407406;Importation;2020-05-18 14:36:43.620;EnCours;Mer;IMPORTATEUR_ANON_7569;NINEA_ANON_834;001-I
2498755;Importation;2020-12-16 10:37:46.567;EnCours;Mer;IMPORTATEUR_ANON_3863;NINEA_ANON_628;001-I
2509283;Importation;2021-01-13 12:35:46.410;EnCours;Mer;IMPORTATEUR_ANON_5947;NINEA_ANON_856;001-I
2372641;Importation;2020-03-04 10:08:30.770;EnCours;Mer;IMPORTATEUR_ANON_2504;NINEA_ANON_657;001-I
2654060;Importation;2021-12-03 11:35:27.093;EnCours;Mer;IMPORTATEUR_ANON_7056;NINEA_ANON_496;001-I
2449998;Importation;2020-08-27 12:00:42.330;EnCours;Mer;IMPORTATEUR_ANON_5636;NINEA_ANON_652;001-I
2592051;Importation;2021-07-12 12:41:19.567;EnCours;Mer;IMPORTATEUR_ANON_5864;NINEA_ANON_371;001-I
2624379;Importation;2021-09-29 15:02:08.210;EnCours;Mer;IMPORTATEUR_ANON_1818;NINEA_ANON_980;001-I
2462225;Importation;2020-09-24 13:01:03.403;EnCours;Mer;IMPORTATEUR_ANON_8011;NINEA_ANON_856;001-I
2399251;Importation;2020-05-04 10:26:14.297;EnCours;Mer;IMPORTATEUR_ANON_2623;NINEA_ANON_939;001-I
2382131;Importation;2020-03-20 17:00:09.030;EnCours;Mer;IMPORTATEUR_ANON_7464;NINEA_ANON_545;001-I
2619521;Importation;2021-09-16 17:07:44.630;EnCours;Mer;IMPORTATEUR_ANON_6681;NINEA_ANON_809;001-I
2518014;Importation;2021-02-01 09:08:58.933;EnCours;Mer;IMPORTATEUR_ANON_1292;NINEA_ANON_689;001-I
2689991;Importation;2022-02-21 15:51:08.103;EnCours;Mer;IMPORTATEUR_ANON_2308;NINEA_ANON_475;001-I
2382993;Importation;2020-03-24 10:29:44.973;EnCours;Mer;IMPORTATEUR_ANON_5910;NINEA_ANON_413;001-I
2498069;Importation;2020-12-15 10:36:17.397;EnCours;Mer;IMPORTATEUR_ANON_3264;NINEA_ANON_644;001-I
2629209;Importation;2021-10-11 12:35:50.113;EnCours;Mer;IMPORTATEUR_ANON_5864;NINEA_ANON_371;001-I
2433162;Importation;2020-07-19 11:39:15.030;EnCours;Mer;IMPORTATEUR_ANON_1352;NINEA_ANON_854;001-I
2465608;Importation;2020-10-01 16:59:31.473;EnCours;Mer;IMPORTATEUR_ANON_4459;NINEA_ANON_810;001-I
2467596;Importation;2020-10-08 15:19:26.070;EnCours;Mer;IMPORTATEUR_ANON_5760;NINEA_ANON_572;001-I
2565496;Importation;2021-05-17 14:54:18.560;EnCours;Mer;IMPORTATEUR_ANON_3660;NINEA_ANON_379;001-I
2660900;Importation;2021-12-17 15:37:17.357;EnCours;Mer;IMPORTATEUR_ANON_9322;NINEA_ANON_87;001-I
2530218;Importation;2021-02-26 11:04:45.230;EnCours;Mer;IMPORTATEUR_ANON_6681;NINEA_ANON_809;001-I
2357277;Importation;2020-02-05 11:59:23.000;Initialise;Mer;IMPORTATEUR_ANON_8636;NINEA_ANON_853;001-I
2649781;Importation;2021-11-24 15:39:52.330;Initialise;Mer;IMPORTATEUR_ANON_7464;NINEA_ANON_545;001-I
2644739;Importation;2021-11-15 15:45:57.213;EnCours;Mer;IMPORTATEUR_ANON_2816;NINEA_ANON_283;001-I
2639667;Importation;2021-11-04 09:39:21.167;EnCours;Mer;IMPORTATEUR_ANON_669;NINEA_ANON_776;001-I
2618929;Importation;2021-09-15 19:24:16.540;EnCours;Mer;IMPORTATEUR_ANON_8011;NINEA_ANON_7;001-I
2450005;Importation;2020-08-27 12:06:00.217;Initialise;Mer;IMPORTATEUR_ANON_9564;NINEA_ANON_214;001-I
2568730;Importation;2021-05-25 10:50:01.947;EnCours;Mer;IMPORTATEUR_ANON_9284;NINEA_ANON_956;001-I
2479556;Importation;2020-11-05 10:39:55.147;EnCours;Mer;IMPORTATEUR_ANON_8011;NINEA_ANON_856;001-I
2508818;Importation;2021-01-12 15:27:42.343;EnCours;Mer;IMPORTATEUR_ANON_134;NINEA_ANON_756;
2533643;Importation;2021-03-09 11:20:59.877;EnCours;Mer;IMPORTATEUR_ANON_819;NINEA_ANON_349;001-I
2639586;Importation;2021-11-03 18:06:43.547;EnCours;Mer;IMPORTATEUR_ANON_5653;NINEA_ANON_803;001-I
2643873;Importation;2021-11-12 13:53:45.080;EnCours;Mer;IMPORTATEUR_ANON_9642;NINEA_ANON_59;001-I
2429585;Importation;2020-07-10 10:52:51.547;EnCours;Mer;IMPORTATEUR_ANON_2308;NINEA_ANON_475;001-I
2592886;Importation;2021-07-13 16:22:20.130;EnCours;Mer;IMPORTATEUR_ANON_7270;NINEA_ANON_428;001-I
2643786;Importation;2021-11-12 12:11:35.400;EnCours;Mer;IMPORTATEUR_ANON_2308;NINEA_ANON_475;001-I
2656240;Importation;2021-12-08 13:47:19.107;EnCours;Mer;IMPORTATEUR_ANON_3660;NINEA_ANON_647;001-I
2684393;Importation;2022-02-11 12:41:08.917;EnCours;Mer;IMPORTATEUR_ANON_9628;NINEA_ANON_405;001-I
2679474;Importation;2022-02-01 15:49:29.137;EnCours;Mer;IMPORTATEUR_ANON_101;NINEA_ANON_282;001-I
2519972;Importation;2021-02-04 08:26:15.853;EnCours;Mer;IMPORTATEUR_ANON_1380;NINEA_ANON_312;
2347277;Importation;2020-01-16 15:48:40.020;EnCours;Mer;IMPORTATEUR_ANON_3863;NINEA_ANON_628;001-I
2564491;Importation;2021-05-12 12:24:20.463;EnCours;Mer;IMPORTATEUR_ANON_7464;NINEA_ANON_545;001-I
2623095;Importation;2021-09-24 15:29:29.993;EnCours;Mer;IMPORTATEUR_ANON_8011;NINEA_ANON_7;001-I
2512765;Importation;2021-01-20 10:54:02.587;EnCours;Mer;IMPORTATEUR_ANON_3440;NINEA_ANON_136;
2688830;Importation;2022-02-18 12:56:20.260;EnCours;Mer;IMPORTATEUR_ANON_5864;NINEA_ANON_371;001-I
2343278;Importation;2020-01-09 14:57:41.443;EnCours;Mer;IMPORTATEUR_ANON_134;NINEA_ANON_630;001-I
2670165;Importation;2022-01-11 15:25:37.173;EnCours;Mer;IMPORTATEUR_ANON_2787;NINEA_ANON_241;001-I
2638240;Importation;2021-10-30 16:30:05.117;EnCours;Mer;IMPORTATEUR_ANON_134;NINEA_ANON_630;001-I
2509669;Importation;2021-01-14 09:48:20.500;EnCours;Mer;IMPORTATEUR_ANON_9750;NINEA_ANON_894;001-I
2390089;Importation;2020-04-09 14:34:06.727;EnCours;Mer;IMPORTATEUR_ANON_2308;NINEA_ANON_475;001-I
2551440;Importation;2021-04-15 08:33:20.523;EnCours;Mer;IMPORTATEUR_ANON_1088;NINEA_ANON_280;001-I
2427325;Importation;2020-07-06 14:59:31.287;EnCours;Mer;IMPORTATEUR_ANON_1497;NINEA_ANON_490;001-I
2594606;Importation;2021-07-16 15:47:03.057;Initialise;Mer;IMPORTATEUR_ANON_8198;NINEA_ANON_771;001-I
2601335;Importation;2021-08-05 10:25:22.793;EnCours;Mer;IMPORTATEUR_ANON_3863;NINEA_ANON_628;001-I
2505968;Importation;2021-01-06 09:21:27.220;EnCours;Mer;IMPORTATEUR_ANON_7464;NINEA_ANON_545;001-I
2636229;Importation;2021-10-26 16:57:38.493;EnCours;Mer;IMPORTATEUR_ANON_7464;NINEA_ANON_545;001-I
2431110;Importation;2020-07-14 14:59:05.263;EnCours;Mer;IMPORTATEUR_ANON_9284;NINEA_ANON_956;001-I
2432497;Importation;2020-07-16 16:34:51.003;Initialise;Mer;IMPORTATEUR_ANON_9628;NINEA_ANON_405;001-I
2438643;Importation;2020-08-03 16:35:55.833;EnCours;Mer;IMPORTATEUR_ANON_5804;NINEA_ANON_779;001-I
2615930;Importation;2021-09-09 11:26:18.880;EnCours;Mer;IMPORTATEUR_ANON_8863;NINEA_ANON_202;001-I
2497987;Importation;2020-12-15 09:45:45.863;Initialise;Mer;IMPORTATEUR_ANON_9644;NINEA_ANON_128;001-I
2455997;Importation;2020-09-10 10:10:17.287;EnCours;Mer;IMPORTATEUR_ANON_6857;NINEA_ANON_43;001-I
2492527;Importation;2020-12-02 11:34:41.510;EnCours;Mer;IMPORTATEUR_ANON_3438;NINEA_ANON_590;
2347163;Importation;2020-01-16 14:26:15.900;EnCours;Mer;IMPORTATEUR_ANON_8054;NINEA_ANON_662;001-I
2585001;Importation;2021-06-28 11:38:16.850;EnCours;Mer;IMPORTATEUR_ANON_7262;NINEA_ANON_4;001-I
2621460;Importation;2021-09-22 08:37:17.017;EnCours;Mer;IMPORTATEUR_ANON_819;NINEA_ANON_349;001-I
2639392;Importation;2021-11-03 14:45:27.780;EnCours;Mer;IMPORTATEUR_ANON_4663;NINEA_ANON_805;001-I
2498615;Importation;2020-12-16 08:39:17.643;Initialise;Mer;IMPORTATEUR_ANON_134;NINEA_ANON_630;001-I
2677277;Importation;2022-01-27 10:14:37.300;EnCours;Mer;IMPORTATEUR_ANON_7198;NINEA_ANON_430;001-I
2407143;Importation;2020-05-18 11:16:36.290;EnCours;Mer;IMPORTATEUR_ANON_872;NINEA_ANON_172;001-I
2612522;Importation;2021-09-01 16:17:05.433;EnCours;Mer;IMPORTATEUR_ANON_134;NINEA_ANON_630;001-I
2552830;Importation;2021-04-19 08:44:35.080;EnCours;Mer;IMPORTATEUR_ANON_1272;NINEA_ANON_493;001-I
2645268;Importation;2021-11-16 12:35:54.090;EnCours;Mer;IMPORTATEUR_ANON_9284;NINEA_ANON_956;001-I
2530460;Importation;2021-02-26 15:06:05.313;EnCours;Mer;IMPORTATEUR_ANON_870;NINEA_ANON_797;001-I
2367864;Importation;2020-02-25 10:45:02.523;EnCours;Mer;IMPORTATEUR_ANON_1239;NINEA_ANON_596;001-I
2406007;Importation;2020-05-14 11:06:14.643;EnCours;Mer;IMPORTATEUR_ANON_7464;NINEA_ANON_545;001-I
2425305;Importation;2020-07-01 11:34:44.883;EnCours;Mer;IMPORTATEUR_ANON_6861;NINEA_ANON_291;001-I
2562260;Importation;2021-05-07 10:00:12.277;EnCours;Mer;IMPORTATEUR_ANON_134;NINEA_ANON_630;
2351724;Importation;2020-01-24 15:25:12.123;EnCours;Mer;IMPORTATEUR_ANON_9284;NINEA_ANON_956;001-I
2443930;Importation;2020-08-13 09:40:57.960;EnCours;Mer;IMPORTATEUR_ANON_6368;NINEA_ANON_526;001-I
2476903;Importation;2020-10-29 09:25:41.837;EnCours;Mer;IMPORTATEUR_ANON_3438;NINEA_ANON_590;001-I
2632523;Importation;2021-10-18 15:06:26.020;EnCours;Mer;IMPORTATEUR_ANON_9628;NINEA_ANON_405;001-I
2677826;Importation;2022-01-28 10:16:26.697;EnCours;Mer;IMPORTATEUR_ANON_4663;NINEA_ANON_805;001-I
2550241;Importation;2021-04-13 10:28:48.163;EnCours;Mer;IMPORTATEUR_ANON_9284;NINEA_ANON_956;001-I
2524277;Importation;2021-02-15 09:57:21.490;EnCours;Mer;IMPORTATEUR_ANON_3660;NINEA_ANON_379;001-I
2666842;Importation;2022-01-03 11:49:31.333;EnCours;Mer;IMPORTATEUR_ANON_2623;NINEA_ANON_14;001-I
2542431;Importation;2021-03-25 12:47:57.790;EnCours;Mer;IMPORTATEUR_ANON_5864;NINEA_ANON_371;001-I
2613222;Importation;2021-09-03 09:28:13.807;EnCours;Mer;IMPORTATEUR_ANON_1827;NINEA_ANON_956;001-I
2583029;Importation;2021-06-23 09:59:52.253;EnCours;Mer;IMPORTATEUR_ANON_9628;NINEA_ANON_405;001-I
2661808;Importation;2021-12-20 17:36:10.493;Initialise;Mer;IMPORTATEUR_ANON_2749;NINEA_ANON_254;001-I
2455195;Importation;2020-09-09 08:59:53.123;EnCours;Mer;IMPORTATEUR_ANON_9284;NINEA_ANON_956;001-I
2460720;Importation;2020-09-22 09:27:06.623;EnCours;Mer;IMPORTATEUR_ANON_819;NINEA_ANON_349;001-I
2672591;Importation;2022-01-17 13:52:19.037;EnCours;Mer;IMPORTATEUR_ANON_7464;NINEA_ANON_545;001-I
2476982;Importation;2020-10-29 10:31:25.747;EnCours;Mer;IMPORTATEUR_ANON_2308;NINEA_ANON_475;001-I
2608236;Importation;2021-08-23 15:21:08.603;EnCours;Mer;IMPORTATEUR_ANON_3863;NINEA_ANON_628;001-I
2475447;Importation;2020-10-26 15:51:48.610;EnCours;Mer;IMPORTATEUR_ANON_7279;NINEA_ANON_32;001-I
2633670;Importation;2021-10-21 10:47:00.637;EnCours;Mer;IMPORTATEUR_ANON_9284;NINEA_ANON_956;001-I
2586012;Importation;2021-06-29 15:06:01.240;EnCours;Mer;IMPORTATEUR_ANON_2308;NINEA_ANON_475;001-I
2564110;Importation;2021-05-11 15:45:53.553;EnCours;Mer;IMPORTATEUR_ANON_9284;NINEA_ANON_956;001-I
2534663;Importation;2021-03-10 14:18:14.010;Initialise;Mer;IMPORTATEUR_ANON_3863;NINEA_ANON_628;001-I
2475076;Importation;2020-10-26 11:28:01.870;Initialise;Mer;IMPORTATEUR_ANON_251;NINEA_ANON_736;001-I
2499578;Importation;2020-12-17 15:08:23.640;EnCours;Mer;IMPORTATEUR_ANON_1133;NINEA_ANON_122;001-I
2547739;Importation;2021-04-07 12:49:21.380;EnCours;Mer;IMPORTATEUR_ANON_4663;NINEA_ANON_805;001-I
2380929;Importation;2020-03-19 09:31:16.240;EnCours;Mer;IMPORTATEUR_ANON_819;NINEA_ANON_349;001-I
2497727;Importation;2020-12-14 15:28:50.543;Initialise;Mer;IMPORTATEUR_ANON_3863;NINEA_ANON_628;001-I
2638354;Importation;2021-11-02 09:09:21.537;EnCours;Mer;IMPORTATEUR_ANON_1827;NINEA_ANON_956;001-I
2560363;Importation;2021-05-04 09:22:05.297;EnCours;Mer;IMPORTATEUR_ANON_1818;NINEA_ANON_980;001-I
2350474;Importation;2020-01-22 16:50:16.457;EnCours;Mer;IMPORTATEUR_ANON_6270;NINEA_ANON_903;001-I
2422984;Importation;2020-06-25 14:55:53.220;EnCours;Mer;IMPORTATEUR_ANON_3660;NINEA_ANON_379;001-I
2455921;Importation;2020-09-10 09:11:25.983;EnCours;Mer;IMPORTATEUR_ANON_2623;NINEA_ANON_939;001-I
2606024;Importation;2021-08-16 17:26:27.980;EnCours;Mer;IMPORTATEUR_ANON_245;NINEA_ANON_124;001-I
2655608;Importation;2021-12-07 13:29:40.210;EnCours;Mer;IMPORTATEUR_ANON_8767;NINEA_ANON_145;001-I
2346465;Importation;2020-01-15 15:30:30.723;EnCours;Mer;IMPORTATEUR_ANON_2623;NINEA_ANON_939;001-I
2439771;Importation;2020-08-05 16:52:49.790;EnCours;Mer;IMPORTATEUR_ANON_9750;NINEA_ANON_628;001-I
2569972;Importation;2021-05-26 16:20:58.490;EnCours;Mer;IMPORTATEUR_ANON_1686;NINEA_ANON_949;001-I
2614759;Importation;2021-09-07 12:53:04.170;EnCours;Mer;IMPORTATEUR_ANON_7464;NINEA_ANON_545;001-I
2679717;Importation;2022-02-02 10:21:14.730;EnCours;Mer;IMPORTATEUR_ANON_9628;NINEA_ANON_405;001-I
2384220;Importation;2020-03-26 09:25:49.793;EnCours;Mer;IMPORTATEUR_ANON_7514;NINEA_ANON_521;001-I
2525354;Importation;2021-02-16 15:05:47.577;Initialise;Mer;IMPORTATEUR_ANON_5864;NINEA_ANON_371;001-I
2369352;Importation;2020-02-27 09:34:39.757;EnCours;Mer;IMPORTATEUR_ANON_7464;NINEA_ANON_545;001-I
2498096;Importation;2020-12-15 10:54:55.227;EnCours;Mer;IMPORTATEUR_ANON_1426;NINEA_ANON_856;001-I
2477482;Importation;2020-11-02 09:59:40.940;EnCours;Mer;IMPORTATEUR_ANON_134;NINEA_ANON_630;001-I
2341477;Importation;2020-01-07 10:37:49.200;Initialise;Mer;IMPORTATEUR_ANON_8899;NINEA_ANON_377;001-I
2554443;Importation;2021-04-21 10:00:17.520;Initialise;Mer;IMPORTATEUR_ANON_2308;NINEA_ANON_475;001-I
2472435;Importation;2020-10-20 08:40:12.840;EnCours;Mer;IMPORTATEUR_ANON_9284;NINEA_ANON_956;001-I
2369290;Importation;2020-02-27 08:53:44.987;EnCours;Mer;IMPORTATEUR_ANON_2323;NINEA_ANON_454;001-I
2426266;Importation;2020-07-03 09:24:25.960;EnCours;Mer;IMPORTATEUR_ANON_1133;NINEA_ANON_122;001-I
2405745;Importation;2020-05-13 15:04:42.917;EnCours;Mer;IMPORTATEUR_ANON_9628;NINEA_ANON_405;001-I
2399590;Importation;2020-05-04 14:02:43.023;EnCours;Mer;IMPORTATEUR_ANON_5767;NINEA_ANON_255;001-I
2386515;Importation;2020-04-01 09:08:38.777;EnCours;Mer;IMPORTATEUR_ANON_8488;NINEA_ANON_578;001-I
2344153;Importation;2020-01-10 16:40:25.453;EnCours;Mer;IMPORTATEUR_ANON_2623;NINEA_ANON_939;001-I
2555549;Importation;2021-04-23 08:38:59.760;EnCours;Mer;IMPORTATEUR_ANON_1818;NINEA_ANON_980;001-I
2568478;Importation;2021-05-24 11:33:50.223;EnCours;Mer;IMPORTATEUR_ANON_134;NINEA_ANON_630;001-I
2531788;Importation;2021-03-02 16:29:25.933;EnCours;Mer;IMPORTATEUR_ANON_2308;NINEA_ANON_475;001-I
2526496;Importation;2021-02-18 12:26:58.050;EnCours;Mer;IMPORTATEUR_ANON_134;NINEA_ANON_630;
2379623;Importation;2020-03-17 10:34:38.787;Initialise;Mer;IMPORTATEUR_ANON_4173;NINEA_ANON_129;001-I
2530001;Importation;2021-02-25 17:31:51.180;EnCours;Mer;IMPORTATEUR_ANON_8011;NINEA_ANON_856;001-I
2359523;Importation;2020-02-10 12:09:51.773;EnCours;Mer;IMPORTATEUR_ANON_219;NINEA_ANON_880;001-I
2579433;Transit;2021-06-15 16:02:48.063;Initialise;Mer;IMPORTATEUR_ANON_3213;NINEA_ANON_356;001-E
2611053;Importation;2021-08-30 10:53:02.477;EnCours;Mer;IMPORTATEUR_ANON_4428;NINEA_ANON_879;001-I
2372568;Importation;2020-03-04 09:05:07.213;EnCours;Mer;IMPORTATEUR_ANON_134;NINEA_ANON_630;001-I
2557203;Importation;2021-04-27 11:09:55.317;EnCours;Mer;IMPORTATEUR_ANON_2308;NINEA_ANON_475;001-I
2384223;Importation;2020-03-26 09:31:25.437;EnCours;Mer;IMPORTATEUR_ANON_2303;NINEA_ANON_774;001-I
2433595;Importation;2020-07-20 14:46:56.897;EnCours;Mer;IMPORTATEUR_ANON_7719;NINEA_ANON_292;001-I
2353017;Importation;2020-01-28 11:05:18.400;Initialise;Mer;IMPORTATEUR_ANON_8429;NINEA_ANON_119;001-I
2444220;Importation;2020-08-13 13:58:59.033;EnCours;Mer;IMPORTATEUR_ANON_134;NINEA_ANON_630;001-I
2604727;Importation;2021-08-12 16:42:37.057;EnCours;Mer;IMPORTATEUR_ANON_7822;NINEA_ANON_720;001-I
2470205;Importation;2020-10-14 11:53:02.670;EnCours;Mer;IMPORTATEUR_ANON_1426;NINEA_ANON_856;001-I
2436113;Importation;2020-07-27 08:49:26.937;EnCours;Mer;IMPORTATEUR_ANON_2506;NINEA_ANON_212;001-I
2476826;Importation;2020-10-28 17:41:32.030;EnCours;Mer;IMPORTATEUR_ANON_5760;NINEA_ANON_572;001-I
2434641;Importation;2020-07-22 12:31:09.190;EnCours;Mer;IMPORTATEUR_ANON_5667;NINEA_ANON_247;001-I
2413021;Importation;2020-06-03 15:32:48.503;EnCours;Mer;IMPORTATEUR_ANON_3438;NINEA_ANON_590;001-I
2498909;Importation;2020-12-16 12:57:40.200;EnCours;Mer;IMPORTATEUR_ANON_1124;NINEA_ANON_111;
2676173;Importation;2022-01-25 11:15:02.123;EnCours;Mer;IMPORTATEUR_ANON_134;NINEA_ANON_630;001-I
2454993;Importation;2020-09-08 16:02:48.850;EnCours;Mer;IMPORTATEUR_ANON_9008;NINEA_ANON_224;001-I
2555966;Importation;2021-04-23 14:18:50.837;EnCours;Mer;IMPORTATEUR_ANON_402;NINEA_ANON_575;001-I
2666961;Importation;2022-01-03 14:10:11.320;Initialise;Mer;IMPORTATEUR_ANON_3951;NINEA_ANON_125;001-I
2447477;Importation;2020-08-21 10:00:14.563;EnCours;Mer;IMPORTATEUR_ANON_8094;NINEA_ANON_74;001-I
2692409;Importation;2022-02-24 16:39:37.650;Initialise;Mer;IMPORTATEUR_ANON_8203;NINEA_ANON_343;001-I
2391432;Importation;2020-04-14 13:38:47.987;EnCours;Mer;IMPORTATEUR_ANON_3768;NINEA_ANON_664;001-I
2417533;Importation;2020-06-13 14:24:50.090;EnCours;Mer;IMPORTATEUR_ANON_134;NINEA_ANON_630;001-I
2504737;Importation;2020-12-31 14:35:14.640;EnCours;Mer;IMPORTATEUR_ANON_3660;NINEA_ANON_379;001-I
2515854;Importation;2021-01-26 15:22:12.367;EnCours;Mer;IMPORTATEUR_ANON_638;NINEA_ANON_384;001-I
2563192;Importation;2021-05-10 12:01:01.520;Initialise;Mer;IMPORTATEUR_ANON_5864;NINEA_ANON_371;001-I
2607345;Importation;2021-08-20 11:38:50.513;Initialise;Mer;IMPORTATEUR_ANON_7241;NINEA_ANON_415;001-I
2444598;Importation;2020-08-14 11:26:49.237;EnCours;Mer;IMPORTATEUR_ANON_2104;NINEA_ANON_622;001-I
2404610;Importation;2020-05-11 15:51:23.860;EnCours;Mer;IMPORTATEUR_ANON_7464;NINEA_ANON_545;001-I
2650104;Importation;2021-11-25 11:30:56.550;Initialise;Mer;IMPORTATEUR_ANON_2921;NINEA_ANON_897;001-I
2432132;Importation;2020-07-16 11:19:09.620;EnCours;Mer;IMPORTATEUR_ANON_9284;NINEA_ANON_956;001-I
2575125;Importation;2021-06-07 13:33:10.747;EnCours;Mer;IMPORTATEUR_ANON_134;NINEA_ANON_630;001-I
2362422;Importation;2020-02-13 17:38:15.270;EnCours;Mer;IMPORTATEUR_ANON_4191;NINEA_ANON_38;001-I
2588213;Importation;2021-07-05 09:42:03.990;EnCours;Mer;IMPORTATEUR_ANON_3438;NINEA_ANON_590;
2592490;Importation;2021-07-13 10:30:38.760;EnCours;Mer;IMPORTATEUR_ANON_1124;NINEA_ANON_111;001-I
2573973;Importation;2021-06-03 15:20:01.740;EnCours;Mer;IMPORTATEUR_ANON_134;NINEA_ANON_630;001-I
2518298;Importation;2021-02-01 11:51:52.543;Initialise;Mer;IMPORTATEUR_ANON_3863;NINEA_ANON_628;001-I
2555255;Importation;2021-04-22 12:56:37.777;EnCours;Mer;IMPORTATEUR_ANON_9564;NINEA_ANON_214;001-I
2398601;Importation;2020-04-30 11:19:29.737;EnCours;Mer;IMPORTATEUR_ANON_7987;NINEA_ANON_839;001-I
2493853;Importation;2020-12-04 13:34:52.090;EnCours;Mer;IMPORTATEUR_ANON_4703;NINEA_ANON_811;001-I
2560645;Importation;2021-05-04 12:41:52.317;EnCours;Mer;IMPORTATEUR_ANON_6232;NINEA_ANON_621;
2551137;Importation;2021-04-14 12:40:36.740;EnCours;Mer;IMPORTATEUR_ANON_4065;NINEA_ANON_184;001-I
2677627;Importation;2022-01-27 15:48:56.160;Initialise;Mer;IMPORTATEUR_ANON_464;NINEA_ANON_507;001-I
2407784;Importation;2020-05-19 11:04:01.270;EnCours;Mer;IMPORTATEUR_ANON_134;NINEA_ANON_630;001-I
2374818;Importation;2020-03-09 10:49:51.603;EnCours;Mer;IMPORTATEUR_ANON_9750;NINEA_ANON_850;001-I
2682921;Importation;2022-02-09 13:50:02.323;EnCours;Mer;IMPORTATEUR_ANON_8659;NINEA_ANON_874;001-I
2623968;Importation;2021-09-29 09:37:20.950;EnCours;Mer;IMPORTATEUR_ANON_4305;NINEA_ANON_724;001-I
2388798;Importation;2020-04-06 16:24:34.200;EnCours;Mer;IMPORTATEUR_ANON_134;NINEA_ANON_630;001-I
2403356;Importation;2020-05-08 08:40:36.583;EnCours;Mer;IMPORTATEUR_ANON_986;NINEA_ANON_55;001-I
2471029;Importation;2020-10-15 15:28:57.070;EnCours;Mer;IMPORTATEUR_ANON_688;NINEA_ANON_569;001-I
2455546;Importation;2020-09-09 12:56:43.443;EnCours;Mer;IMPORTATEUR_ANON_4956;NINEA_ANON_248;001-I
2490532;Importation;2020-11-27 11:39:05.437;EnCours;Mer;IMPORTATEUR_ANON_6270;NINEA_ANON_649;001-I
2432114;Importation;2020-07-16 11:08:40.207;EnCours;Mer;IMPORTATEUR_ANON_8393;NINEA_ANON_650;001-I
2423315;Importation;2020-06-26 10:56:25.467;EnCours;Mer;IMPORTATEUR_ANON_4448;NINEA_ANON_331;001-I
2623663;Importation;2021-09-28 13:02:31.260;EnCours;Mer;IMPORTATEUR_ANON_9284;NINEA_ANON_956;001-I
2541312;Importation;2021-03-23 15:01:16.870;EnCours;Mer;IMPORTATEUR_ANON_9284;NINEA_ANON_956;001-I
2482974;Importation;2020-11-11 09:37:54.907;EnCours;Mer;IMPORTATEUR_ANON_2506;NINEA_ANON_212;001-I
2493324;Importation;2020-12-03 14:03:17.857;EnCours;Mer;IMPORTATEUR_ANON_4744;NINEA_ANON_747;001-I
2576620;Importation;2021-06-09 15:58:33.130;EnCours;Mer;IMPORTATEUR_ANON_7832;NINEA_ANON_983;001-I
2645503;Importation;2021-11-16 16:03:53.053;EnCours;Mer;IMPORTATEUR_ANON_7929;NINEA_ANON_740;001-I
2594916;Importation;2021-07-19 10:45:18.420;EnCours;Mer;IMPORTATEUR_ANON_2002;NINEA_ANON_746;001-I
2670429;Importation;2022-01-12 10:04:56.557;EnCours;Mer;IMPORTATEUR_ANON_6319;NINEA_ANON_350;001-I
2570796;Importation;2021-05-28 09:12:08.853;EnCours;Mer;IMPORTATEUR_ANON_3438;NINEA_ANON_590;
2466785;Importation;2020-10-07 11:23:45.443;EnCours;Mer;IMPORTATEUR_ANON_9284;NINEA_ANON_956;001-I
2475673;Importation;2020-10-27 10:26:59.170;EnCours;Mer;IMPORTATEUR_ANON_134;NINEA_ANON_630;001-I
2476251;Importation;2020-10-28 09:40:06.437;EnCours;Mer;IMPORTATEUR_ANON_6539;NINEA_ANON_481;001-I
2484762;Importation;2020-11-16 10:38:48.060;EnCours;Mer;IMPORTATEUR_ANON_9284;NINEA_ANON_956;001-I
2413778;Importation;2020-06-05 08:51:01.080;EnCours;Mer;IMPORTATEUR_ANON_2506;NINEA_ANON_212;001-I
2341114;Importation;2020-01-06 15:25:39.103;EnCours;Mer;IMPORTATEUR_ANON_7929;NINEA_ANON_740;001-I
2435241;Importation;2020-07-23 12:50:42.067;EnCours;Mer;IMPORTATEUR_ANON_8011;NINEA_ANON_856;001-I
2378617;Importation;2020-03-16 09:10:36.610;EnCours;Mer;IMPORTATEUR_ANON_9284;NINEA_ANON_956;001-I
2625623;Importation;2021-10-01 15:25:13.220;EnCours;Mer;IMPORTATEUR_ANON_2575;NINEA_ANON_985;001-I
2546348;Importation;2021-04-02 12:47:52.167;EnCours;Mer;IMPORTATEUR_ANON_4428;NINEA_ANON_802;001-I
2625261;Importation;2021-10-01 08:49:06.003;EnCours;Mer;IMPORTATEUR_ANON_2308;NINEA_ANON_475;001-I
2663046;Importation;2021-12-22 17:24:48.520;EnCours;Mer;IMPORTATEUR_ANON_9284;NINEA_ANON_956;001-I
2681521;Importation;2022-02-08 11:03:27.927;EnCours;Mer;IMPORTATEUR_ANON_4060;NINEA_ANON_533;001-I
2487367;Importation;2020-11-20 13:01:23.997;EnCours;Mer;IMPORTATEUR_ANON_7259;NINEA_ANON_949;
2361966;Importation;2020-02-13 11:04:42.023;EnCours;Mer;IMPORTATEUR_ANON_5804;NINEA_ANON_779;001-I
2490803;Importation;2020-11-27 16:27:14.323;EnCours;Mer;IMPORTATEUR_ANON_1818;NINEA_ANON_980;001-I
2653379;Importation;2021-12-02 10:08:30.510;EnCours;Mer;IMPORTATEUR_ANON_6681;NINEA_ANON_809;001-I
2529403;Importation;2021-02-24 17:33:35.727;EnCours;Mer;IMPORTATEUR_ANON_739;NINEA_ANON_254;001-I
2497394;Importation;2020-12-14 10:45:32.213;EnCours;Mer;IMPORTATEUR_ANON_7555;NINEA_ANON_888;001-I
2422122;Importation;2020-06-24 11:08:15.740;EnCours;Mer;IMPORTATEUR_ANON_9252;NINEA_ANON_853;001-I
2497930;Importation;2020-12-15 08:47:02.447;EnCours;Mer;IMPORTATEUR_ANON_3863;NINEA_ANON_628;001-I
2618801;Importation;2021-09-15 15:29:21.047;EnCours;Mer;IMPORTATEUR_ANON_7464;NINEA_ANON_545;001-I
2357521;Importation;2020-02-05 16:02:08.480;EnCours;Mer;IMPORTATEUR_ANON_4344;NINEA_ANON_927;001-I
2554438;Importation;2021-04-21 09:57:19.270;EnCours;Mer;IMPORTATEUR_ANON_347;NINEA_ANON_745;001-I
2470487;Importation;2020-10-14 15:56:25.517;EnCours;Mer;IMPORTATEUR_ANON_9284;NINEA_ANON_956;001-I
2493003;Importation;2020-12-03 09:40:49.787;EnCours;Mer;IMPORTATEUR_ANON_1096;NINEA_ANON_301;001-I
2428815;Importation;2020-07-08 18:22:05.197;EnCours;Mer;IMPORTATEUR_ANON_6705;NINEA_ANON_314;001-I
2596043;Importation;2021-07-23 14:19:22.083;EnCours;Mer;IMPORTATEUR_ANON_9284;NINEA_ANON_956;001-I
2508204;Importation;2021-01-11 16:36:24.807;EnCours;Mer;IMPORTATEUR_ANON_9284;NINEA_ANON_956;001-I
2406645;Importation;2020-05-15 12:15:20.687;EnCours;Mer;IMPORTATEUR_ANON_9284;NINEA_ANON_956;001-I
2544525;Importation;2021-03-30 13:04:51.103;EnCours;Mer;IMPORTATEUR_ANON_9284;NINEA_ANON_956;001-I
2611335;Importation;2021-08-30 15:58:26.320;EnCours;Mer;IMPORTATEUR_ANON_3951;NINEA_ANON_125;001-I
2564244;Importation;2021-05-12 08:45:02.683;EnCours;Mer;IMPORTATEUR_ANON_2308;NINEA_ANON_475;001-I
2353486;Importation;2020-01-28 17:20:13.660;EnCours;Mer;IMPORTATEUR_ANON_1914;NINEA_ANON_93;001-I
2655109;Importation;2021-12-06 17:17:38.210;EnCours;Mer;IMPORTATEUR_ANON_8011;NINEA_ANON_7;001-I
2592696;Importation;2021-07-13 13:11:21.747;EnCours;Mer;IMPORTATEUR_ANON_9284;NINEA_ANON_956;001-I
2557044;Transit;2021-04-27 09:40:42.960;EnCours;Mer;IMPORTATEUR_ANON_8958;NINEA_ANON_25;001-E
2650933;Importation;2021-11-26 15:52:35.047;EnCours;Mer;IMPORTATEUR_ANON_3839;NINEA_ANON_376;001-I
2514580;Importation;2021-01-25 09:49:50.927;EnCours;Mer;IMPORTATEUR_ANON_7464;NINEA_ANON_545;001-I
2633234;Importation;2021-10-20 14:48:41.773;EnCours;Mer;IMPORTATEUR_ANON_2623;NINEA_ANON_14;001-I
2653373;Importation;2021-12-02 10:02:47.750;EnCours;Mer;IMPORTATEUR_ANON_4703;NINEA_ANON_811;001-I
2595771;Importation;2021-07-22 23:44:18.243;Initialise;Mer;IMPORTATEUR_ANON_9284;NINEA_ANON_956;001-I
2352630;Importation;2020-01-27 16:28:13.527;EnCours;Mer;IMPORTATEUR_ANON_1308;NINEA_ANON_693;001-I
2449503;Importation;2020-08-26 12:56:02.840;EnCours;Mer;IMPORTATEUR_ANON_7464;NINEA_ANON_545;001-I
2553422;Importation;2021-04-19 14:43:44.497;EnCours;Mer;IMPORTATEUR_ANON_4744;NINEA_ANON_747;001-I
2601452;Importation;2021-08-05 11:43:20.450;EnCours;Mer;IMPORTATEUR_ANON_3863;NINEA_ANON_628;001-I
2492122;Importation;2020-12-01 13:53:42.497;EnCours;Mer;IMPORTATEUR_ANON_9284;NINEA_ANON_956;001-I
2484358;Importation;2020-11-13 12:50:47.370;EnCours;Mer;IMPORTATEUR_ANON_9727;NINEA_ANON_919;001-I
2396243;Importation;2020-04-24 11:25:11.837;EnCours;Mer;IMPORTATEUR_ANON_6647;NINEA_ANON_774;001-I
2485111;Importation;2020-11-16 15:26:42.400;EnCours;Mer;IMPORTATEUR_ANON_9284;NINEA_ANON_956;001-I
2454940;Importation;2020-09-08 15:22:50.967;EnCours;Mer;IMPORTATEUR_ANON_7514;NINEA_ANON_521;001-I
2633681;Importation;2021-10-21 10:51:23.220;EnCours;Mer;IMPORTATEUR_ANON_9926;NINEA_ANON_575;001-I
2424026;Importation;2020-06-29 11:43:45.860;EnCours;Mer;IMPORTATEUR_ANON_9628;NINEA_ANON_405;001-I
2690157;Importation;2022-02-21 21:16:28.807;EnCours;Mer;IMPORTATEUR_ANON_2433;NINEA_ANON_563;001-I
2462056;Importation;2020-09-24 10:51:20.727;EnCours;Mer;IMPORTATEUR_ANON_9556;NINEA_ANON_171;001-I
2536451;Importation;2021-03-15 10:41:38.967;EnCours;Mer;IMPORTATEUR_ANON_3726;NINEA_ANON_343;001-I
2601543;Importation;2021-08-05 13:09:45.983;EnCours;Mer;IMPORTATEUR_ANON_3863;NINEA_ANON_628;001-I
2449348;Importation;2020-08-26 10:21:39.897;EnCours;Mer;IMPORTATEUR_ANON_3896;NINEA_ANON_624;001-I
2389039;Importation;2020-04-07 11:22:36.300;EnCours;Mer;IMPORTATEUR_ANON_9284;NINEA_ANON_956;001-I
2567640;Importation;2021-05-20 15:44:18.000;EnCours;Mer;IMPORTATEUR_ANON_7738;NINEA_ANON_570;001-I
2602752;Importation;2021-08-09 13:05:12.980;EnCours;Mer;IMPORTATEUR_ANON_9284;NINEA_ANON_956;001-I
2637219;Importation;2021-10-28 12:40:13.033;EnCours;Mer;IMPORTATEUR_ANON_3951;NINEA_ANON_125;001-I
2369628;Importation;2020-02-27 12:10:11.130;EnCours;Mer;IMPORTATEUR_ANON_2308;NINEA_ANON_475;001-I
2623512;Importation;2021-09-28 11:18:00.677;EnCours;Mer;IMPORTATEUR_ANON_3951;NINEA_ANON_125;001-I
2555771;Importation;2021-04-23 11:24:59.240;EnCours;Mer;IMPORTATEUR_ANON_1497;NINEA_ANON_582;001-I
2672498;Importation;2022-01-17 12:59:18.130;EnCours;Mer;IMPORTATEUR_ANON_7279;NINEA_ANON_32;001-I
2589568;Importation;2021-07-06 18:35:52.673;EnCours;Mer;IMPORTATEUR_ANON_9284;NINEA_ANON_956;001-I
2622712;Importation;2021-09-24 08:55:12.350;EnCours;Mer;IMPORTATEUR_ANON_134;NINEA_ANON_630;001-I
2557638;Importation;2021-04-27 18:23:12.693;EnCours;Mer;IMPORTATEUR_ANON_7292;NINEA_ANON_980;001-I
2415241;Importation;2020-06-09 10:22:32.943;EnCours;Mer;IMPORTATEUR_ANON_7494;NINEA_ANON_767;001-I
2675916;Importation;2022-01-24 16:47:12.413;EnCours;Mer;IMPORTATEUR_ANON_8070;NINEA_ANON_863;001-I
2482478;Importation;2020-11-10 11:05:15.203;EnCours;Mer;IMPORTATEUR_ANON_134;NINEA_ANON_630;001-I
2592700;Importation;2021-07-13 13:15:55.347;EnCours;Mer;IMPORTATEUR_ANON_9284;NINEA_ANON_956;001-I
2578671;Importation;2021-06-14 15:26:36.997;EnCours;Mer;IMPORTATEUR_ANON_4871;NINEA_ANON_565;001-I
2646966;Importation;2021-11-18 16:33:18.717;EnCours;Mer;IMPORTATEUR_ANON_8363;NINEA_ANON_211;001-I
2670997;Importation;2022-01-13 08:44:30.933;EnCours;Mer;IMPORTATEUR_ANON_5804;NINEA_ANON_779;001-I
2366544;Importation;2020-02-21 12:34:19.143;EnCours;Mer;IMPORTATEUR_ANON_5760;NINEA_ANON_572;001-I
2527428;Importation;2021-02-20 13:07:13.123;EnCours;Mer;IMPORTATEUR_ANON_134;NINEA_ANON_630;
2427673;Importation;2020-07-07 09:52:17.670;EnCours;Mer;IMPORTATEUR_ANON_8839;NINEA_ANON_871;001-I
2589574;Importation;2021-07-06 18:45:12.217;EnCours;Mer;IMPORTATEUR_ANON_9284;NINEA_ANON_956;001-I
2622122;Importation;2021-09-23 09:18:14.653;EnCours;Mer;IMPORTATEUR_ANON_5804;NINEA_ANON_779;001-I
2388228;Importation;2020-04-03 16:55:32.787;EnCours;Mer;IMPORTATEUR_ANON_3407;NINEA_ANON_902;001-I
2654494;Importation;2021-12-06 09:54:00.740;EnCours;Mer;IMPORTATEUR_ANON_9284;NINEA_ANON_956;001-I
2569446;Importation;2021-05-26 09:03:32.750;EnCours;Mer;IMPORTATEUR_ANON_1847;NINEA_ANON_175;001-I
2483228;Importation;2020-11-11 12:30:46.247;Initialise;Mer;IMPORTATEUR_ANON_2366;NINEA_ANON_903;001-I
2679562;Importation;2022-02-01 17:14:07.837;EnCours;Mer;IMPORTATEUR_ANON_2433;NINEA_ANON_563;001-I
2662800;Importation;2021-12-22 13:35:56.690;EnCours;Mer;IMPORTATEUR_ANON_134;NINEA_ANON_630;001-I
2527436;Importation;2021-02-20 13:27:56.380;EnCours;Mer;IMPORTATEUR_ANON_134;NINEA_ANON_630;
2663602;Importation;2021-12-23 17:26:06.123;EnCours;Mer;IMPORTATEUR_ANON_7929;NINEA_ANON_740;001-I
2569491;Importation;2021-05-26 09:43:26.297;EnCours;Mer;IMPORTATEUR_ANON_3784;NINEA_ANON_269;001-I
2492549;Importation;2020-12-02 11:48:20.557;EnCours;Mer;IMPORTATEUR_ANON_9564;NINEA_ANON_214;001-I
2515420;Importation;2021-01-26 09:38:58.490;EnCours;Mer;IMPORTATEUR_ANON_2623;NINEA_ANON_939;001-I
2399293;Importation;2020-05-04 10:48:27.483;EnCours;Mer;IMPORTATEUR_ANON_9284;NINEA_ANON_956;001-I
2598971;Importation;2021-07-30 11:20:57.757;EnCours;Mer;IMPORTATEUR_ANON_2743;NINEA_ANON_804;001-I
2428566;Importation;2020-07-08 13:02:46.840;EnCours;Mer;IMPORTATEUR_ANON_1146;NINEA_ANON_10;001-I
2453467;Importation;2020-09-04 11:06:01.287;EnCours;Mer;IMPORTATEUR_ANON_9284;NINEA_ANON_956;001-I
2641404;Importation;2021-11-08 14:05:42.780;EnCours;Mer;IMPORTATEUR_ANON_7038;NINEA_ANON_900;001-I
2504256;Importation;2020-12-30 14:14:52.873;EnCours;Mer;IMPORTATEUR_ANON_638;NINEA_ANON_384;001-I
2615128;Importation;2021-09-08 09:47:47.250;EnCours;Mer;IMPORTATEUR_ANON_9959;NINEA_ANON_477;001-I
2661824;Importation;2021-12-20 18:25:27.527;EnCours;Mer;IMPORTATEUR_ANON_7038;NINEA_ANON_900;001-I
2586723;Importation;2021-06-30 16:23:04.797;EnCours;Mer;IMPORTATEUR_ANON_4663;NINEA_ANON_805;001-I
2632758;Importation;2021-10-20 09:56:50.307;EnCours;Mer;IMPORTATEUR_ANON_9628;NINEA_ANON_405;001-I
2488425;Importation;2020-11-24 09:52:27.713;EnCours;Mer;IMPORTATEUR_ANON_819;NINEA_ANON_349;001-I
2528855;Importation;2021-02-24 07:56:54.130;EnCours;Mer;IMPORTATEUR_ANON_3863;NINEA_ANON_628;001-I
2647077;Importation;2021-11-19 07:40:42.990;EnCours;Mer;IMPORTATEUR_ANON_3863;NINEA_ANON_628;001-I
2463928;Importation;2020-09-29 09:40:13.767;EnCours;Mer;IMPORTATEUR_ANON_7464;NINEA_ANON_545;001-I
2571308;Importation;2021-05-28 18:56:06.320;EnCours;Mer;IMPORTATEUR_ANON_1123;NINEA_ANON_764;001-I
2616175;Importation;2021-09-09 14:42:50.300;EnCours;Mer;IMPORTATEUR_ANON_569;NINEA_ANON_299;001-I
2522743;Importation;2021-02-10 12:00:27.407;EnCours;Mer;IMPORTATEUR_ANON_819;NINEA_ANON_349;001-I
2658496;Importation;2021-12-14 09:17:28.960;EnCours;Mer;IMPORTATEUR_ANON_2308;NINEA_ANON_475;001-I
2425083;Importation;2020-07-01 08:53:32.807;EnCours;Mer;IMPORTATEUR_ANON_2277;NINEA_ANON_642;001-I
2652892;Importation;2021-12-01 11:54:39.227;EnCours;Mer;IMPORTATEUR_ANON_8011;NINEA_ANON_7;001-I
2644939;Importation;2021-11-16 08:52:11.463;EnCours;Mer;IMPORTATEUR_ANON_3863;NINEA_ANON_628;001-I
2566081;Importation;2021-05-18 12:31:30.753;EnCours;Mer;IMPORTATEUR_ANON_5606;NINEA_ANON_352;001-I
2426593;Importation;2020-07-03 13:12:35.837;EnCours;Mer;IMPORTATEUR_ANON_3173;NINEA_ANON_79;001-I
2653724;Importation;2021-12-02 15:16:25.213;EnCours;Mer;IMPORTATEUR_ANON_3863;NINEA_ANON_628;001-I
2414400;Importation;2020-06-08 08:20:26.703;EnCours;Mer;IMPORTATEUR_ANON_134;NINEA_ANON_630;001-I
2555468;Importation;2021-04-22 16:13:32.087;EnCours;Mer;IMPORTATEUR_ANON_9770;NINEA_ANON_119;001-I
2591500;Importation;2021-07-09 15:25:36.297;EnCours;Mer;IMPORTATEUR_ANON_9284;NINEA_ANON_956;001-I
2544352;Importation;2021-03-30 11:07:04.050;EnCours;Mer;IMPORTATEUR_ANON_9284;NINEA_ANON_956;001-I
2462349;Importation;2020-09-24 15:29:29.720;EnCours;Mer;IMPORTATEUR_ANON_134;NINEA_ANON_630;001-I
2616513;Importation;2021-09-10 09:50:23.470;EnCours;Mer;IMPORTATEUR_ANON_134;NINEA_ANON_630;001-I
2343308;Importation;2020-01-09 15:27:26.870;EnCours;Mer;IMPORTATEUR_ANON_134;NINEA_ANON_630;001-I
2377095;Importation;2020-03-11 17:22:59.510;EnCours;Mer;IMPORTATEUR_ANON_9556;NINEA_ANON_51;001-I
2508984;Importation;2021-01-13 08:54:55.247;EnCours;Mer;IMPORTATEUR_ANON_2623;NINEA_ANON_939;001-I
2383086;Importation;2020-03-24 11:25:24.117;EnCours;Mer;IMPORTATEUR_ANON_312;NINEA_ANON_946;001-I
2514424;Importation;2021-01-22 16:52:39.187;Initialise;Mer;IMPORTATEUR_ANON_3016;NINEA_ANON_977;001-I
2488176;Importation;2020-11-23 15:35:48.930;EnCours;Mer;IMPORTATEUR_ANON_2308;NINEA_ANON_475;001-I
2343668;Importation;2020-01-10 10:34:00.537;EnCours;Mer;IMPORTATEUR_ANON_6877;NINEA_ANON_716;
2437154;Importation;2020-07-28 13:57:29.277;EnCours;Mer;IMPORTATEUR_ANON_9564;NINEA_ANON_214;001-I
2474881;Importation;2020-10-26 08:35:17.210;EnCours;Mer;IMPORTATEUR_ANON_3407;NINEA_ANON_902;001-I
2364293;Importation;2020-02-18 12:15:16.557;Initialise;Mer;IMPORTATEUR_ANON_2553;NINEA_ANON_853;001-I
2581310;Importation;2021-06-18 16:24:36.640;EnCours;Mer;IMPORTATEUR_ANON_5706;NINEA_ANON_461;001-I
2522300;Importation;2021-02-09 15:13:22.877;EnCours;Mer;IMPORTATEUR_ANON_9284;NINEA_ANON_956;001-I
2359517;Importation;2020-02-10 12:07:31.573;EnCours;Mer;IMPORTATEUR_ANON_134;NINEA_ANON_630;001-I
2502919;Importation;2020-12-28 11:02:40.810;EnCours;Mer;IMPORTATEUR_ANON_134;NINEA_ANON_756;
2690988;Importation;2022-02-23 08:49:03.087;EnCours;Mer;IMPORTATEUR_ANON_4424;NINEA_ANON_51;001-I
2420877;Importation;2020-06-22 11:48:48.257;EnCours;Mer;IMPORTATEUR_ANON_2308;NINEA_ANON_475;001-I
2628360;Importation;2021-10-08 10:38:05.457;EnCours;Mer;IMPORTATEUR_ANON_1497;NINEA_ANON_889;001-I
2399236;Importation;2020-05-04 10:20:26.063;EnCours;Mer;IMPORTATEUR_ANON_819;NINEA_ANON_349;001-I
2437551;Importation;2020-07-29 11:07:15.573;Initialise;Mer;IMPORTATEUR_ANON_697;NINEA_ANON_697;001-I
2445615;Importation;2020-08-17 20:00:44.877;EnCours;Mer;IMPORTATEUR_ANON_4907;NINEA_ANON_98;001-I
2649270;Importation;2021-11-23 17:32:00.680;EnCours;Mer;IMPORTATEUR_ANON_4428;NINEA_ANON_725;001-I
2479597;Importation;2020-11-05 11:01:00.533;EnCours;Mer;IMPORTATEUR_ANON_9628;NINEA_ANON_405;001-I
2465062;Importation;2020-09-30 17:51:08.823;EnCours;Mer;IMPORTATEUR_ANON_7397;NINEA_ANON_947;001-I
2563006;Importation;2021-05-10 10:33:20.193;EnCours;Mer;IMPORTATEUR_ANON_5733;NINEA_ANON_145;
2450530;Importation;2020-08-28 11:48:26.167;EnCours;Mer;IMPORTATEUR_ANON_5836;NINEA_ANON_445;001-I
2536908;Importation;2021-03-15 15:27:07.597;EnCours;Mer;IMPORTATEUR_ANON_2623;NINEA_ANON_939;001-I
2488522;Importation;2020-11-24 11:03:44.270;EnCours;Mer;IMPORTATEUR_ANON_7891;NINEA_ANON_637;001-I
2381756;Importation;2020-03-20 11:22:37.623;EnCours;Mer;IMPORTATEUR_ANON_134;NINEA_ANON_630;001-I
2571948;Importation;2021-05-31 15:17:30.823;EnCours;Mer;IMPORTATEUR_ANON_1380;NINEA_ANON_312;
2530979;Importation;2021-03-01 12:29:46.557;EnCours;Mer;IMPORTATEUR_ANON_7464;NINEA_ANON_545;001-I
2578321;Importation;2021-06-14 10:50:24.450;EnCours;Mer;IMPORTATEUR_ANON_2303;NINEA_ANON_355;
2539509;Importation;2021-03-19 11:44:41.070;EnCours;Mer;IMPORTATEUR_ANON_4060;NINEA_ANON_533;001-I
2386387;Importation;2020-03-31 15:15:42.673;EnCours;Mer;IMPORTATEUR_ANON_3097;NINEA_ANON_948;001-I
2464230;Importation;2020-09-29 12:57:39.603;EnCours;Mer;IMPORTATEUR_ANON_134;NINEA_ANON_630;001-I
2635614;Importation;2021-10-26 09:26:03.130;EnCours;Mer;IMPORTATEUR_ANON_5864;NINEA_ANON_371;001-I
2397123;Importation;2020-04-27 15:21:27.940;EnCours;Mer;IMPORTATEUR_ANON_3863;NINEA_ANON_628;001-I
2626929;Importation;2021-10-05 15:05:47.970;EnCours;Mer;IMPORTATEUR_ANON_7987;NINEA_ANON_839;001-I
2412839;Importation;2020-06-03 12:57:42.620;EnCours;Mer;IMPORTATEUR_ANON_9284;NINEA_ANON_956;001-I
2354995;Importation;2020-01-31 09:49:30.110;EnCours;Mer;IMPORTATEUR_ANON_819;NINEA_ANON_349;001-I
2497904;Importation;2020-12-15 07:38:25.823;EnCours;Mer;IMPORTATEUR_ANON_3863;NINEA_ANON_628;001-I
2693098;Transit;2022-02-25 17:52:01.400;Initialise;Mer;IMPORTATEUR_ANON_8310;NINEA_ANON_903;001-E
2460318;Importation;2020-09-21 12:11:23.370;EnCours;Mer;IMPORTATEUR_ANON_371;NINEA_ANON_868;001-I
2490819;Importation;2020-11-27 16:41:17.880;Initialise;Mer;IMPORTATEUR_ANON_9284;NINEA_ANON_956;001-I
2521700;Importation;2021-02-08 15:20:33.977;EnCours;Mer;IMPORTATEUR_ANON_1352;NINEA_ANON_854;001-I
2629391;Importation;2021-10-11 15:09:12.193;EnCours;Mer;IMPORTATEUR_ANON_3863;NINEA_ANON_628;001-I
2406348;Importation;2020-05-15 08:12:46.690;EnCours;Mer;IMPORTATEUR_ANON_9537;NINEA_ANON_790;001-I
2681761;Importation;2022-02-08 12:51:16.817;EnCours;Mer;IMPORTATEUR_ANON_7279;NINEA_ANON_32;001-I
2424388;Importation;2020-06-29 16:24:49.260;EnCours;Mer;IMPORTATEUR_ANON_9628;NINEA_ANON_405;001-I
2522413;Importation;2021-02-09 16:48:00.800;EnCours;Mer;IMPORTATEUR_ANON_6705;NINEA_ANON_314;001-I
2405357;Importation;2020-05-13 09:32:47.260;EnCours;Mer;IMPORTATEUR_ANON_3032;NINEA_ANON_816;001-I
2464392;Importation;2020-09-29 16:06:33.500;EnCours;Mer;IMPORTATEUR_ANON_5085;NINEA_ANON_643;001-I
2355528;Importation;2020-02-03 09:05:18.547;EnCours;Mer;IMPORTATEUR_ANON_519;NINEA_ANON_603;001-I
2536485;Importation;2021-03-15 11:00:12.590;EnCours;Mer;IMPORTATEUR_ANON_6368;NINEA_ANON_526;001-I
2356269;Importation;2020-02-04 10:03:15.783;EnCours;Mer;IMPORTATEUR_ANON_2506;NINEA_ANON_212;001-I
2513211;Importation;2021-01-21 08:12:48.523;EnCours;Mer;IMPORTATEUR_ANON_7464;NINEA_ANON_545;001-I
2640066;Importation;2021-11-04 15:23:26.973;EnCours;Mer;IMPORTATEUR_ANON_4744;NINEA_ANON_222;001-I
2364672;Importation;2020-02-18 16:43:59.280;EnCours;Mer;IMPORTATEUR_ANON_9284;NINEA_ANON_956;001-I
2530082;Importation;2021-02-26 09:23:18.170;EnCours;Mer;IMPORTATEUR_ANON_3438;NINEA_ANON_590;
2416445;Importation;2020-06-11 10:16:49.390;EnCours;Mer;IMPORTATEUR_ANON_2308;NINEA_ANON_475;001-I
2495130;Importation;2020-12-08 14:25:54.800;EnCours;Mer;IMPORTATEUR_ANON_9284;NINEA_ANON_956;001-I
2597827;Importation;2021-07-28 12:22:22.597;EnCours;Mer;IMPORTATEUR_ANON_3332;NINEA_ANON_846;
2665954;Importation;2021-12-30 10:33:59.860;EnCours;Mer;IMPORTATEUR_ANON_2308;NINEA_ANON_475;001-I
2436341;Importation;2020-07-27 12:06:48.367;EnCours;Mer;IMPORTATEUR_ANON_6123;NINEA_ANON_530;001-I
2583753;Importation;2021-06-24 12:13:01.700;EnCours;Mer;IMPORTATEUR_ANON_5501;NINEA_ANON_890;
2623570;Importation;2021-09-28 12:03:53.970;EnCours;Mer;IMPORTATEUR_ANON_9750;NINEA_ANON_894;001-I
2549775;Importation;2021-04-12 13:09:46.573;EnCours;Mer;IMPORTATEUR_ANON_134;NINEA_ANON_630;
2409441;Importation;2020-05-26 10:27:57.017;EnCours;Mer;IMPORTATEUR_ANON_3135;NINEA_ANON_687;001-I
2597783;Importation;2021-07-28 11:35:16.067;EnCours;Mer;IMPORTATEUR_ANON_2506;NINEA_ANON_212;
2567990;Importation;2021-05-21 11:08:54.320;EnCours;Mer;IMPORTATEUR_ANON_9750;NINEA_ANON_874;001-I
2477951;Importation;2020-11-02 15:38:34.803;EnCours;Mer;IMPORTATEUR_ANON_7464;NINEA_ANON_545;001-I
2680624;Importation;2022-02-03 16:00:49.070;EnCours;Mer;IMPORTATEUR_ANON_7464;NINEA_ANON_545;001-I
2347472;Importation;2020-01-17 08:21:05.120;EnCours;Mer;IMPORTATEUR_ANON_7464;NINEA_ANON_545;001-I
2669340;Importation;2022-01-10 11:46:21.980;EnCours;Mer;IMPORTATEUR_ANON_4650;NINEA_ANON_280;001-I
2689561;Importation;2022-02-21 12:03:21.073;Initialise;Mer;IMPORTATEUR_ANON_105;NINEA_ANON_375;001-I
2466069;Importation;2020-10-02 16:12:58.077;EnCours;Mer;IMPORTATEUR_ANON_6159;NINEA_ANON_656;001-I
2669351;Importation;2022-01-10 11:53:27.013;EnCours;Mer;IMPORTATEUR_ANON_1500;NINEA_ANON_98;001-I
2640726;Importation;2021-11-05 16:30:07.653;EnCours;Mer;IMPORTATEUR_ANON_8011;NINEA_ANON_7;001-I
2577646;Importation;2021-06-11 11:04:27.187;EnCours;Mer;IMPORTATEUR_ANON_569;NINEA_ANON_299;001-I
2472906;Importation;2020-10-20 15:14:28.533;EnCours;Mer;IMPORTATEUR_ANON_6921;NINEA_ANON_970;001-I
2360473;Importation;2020-02-11 12:09:29.627;EnCours;Mer;IMPORTATEUR_ANON_3615;NINEA_ANON_145;001-I
2428028;Importation;2020-07-07 14:14:07.677;EnCours;Mer;IMPORTATEUR_ANON_7019;NINEA_ANON_438;001-I
2513763;Importation;2021-01-21 16:07:12.670;EnCours;Mer;IMPORTATEUR_ANON_8146;NINEA_ANON_71;001-I
2464581;Importation;2020-09-30 09:36:03.557;EnCours;Mer;IMPORTATEUR_ANON_7462;NINEA_ANON_53;001-I
2679771;Importation;2022-02-02 11:07:54.950;EnCours;Mer;IMPORTATEUR_ANON_134;NINEA_ANON_630;001-I
2449341;Importation;2020-08-26 10:12:14.290;EnCours;Mer;IMPORTATEUR_ANON_1124;NINEA_ANON_695;001-I
2535647;Importation;2021-03-12 09:02:16.510;EnCours;Mer;IMPORTATEUR_ANON_7464;NINEA_ANON_545;001-I
2396549;Importation;2020-04-25 12:13:01.217;EnCours;Mer;IMPORTATEUR_ANON_986;NINEA_ANON_55;001-I
2343003;Importation;2020-01-09 11:05:59.210;EnCours;Mer;IMPORTATEUR_ANON_2623;NINEA_ANON_939;001-I
2632879;Importation;2021-10-20 11:05:16.377;EnCours;Mer;IMPORTATEUR_ANON_134;NINEA_ANON_630;001-I
2620945;Importation;2021-09-21 10:40:16.257;EnCours;Mer;IMPORTATEUR_ANON_8470;NINEA_ANON_754;001-I
2573042;Importation;2021-06-02 10:46:10.543;EnCours;Mer;IMPORTATEUR_ANON_1096;NINEA_ANON_301;001-I
2601957;Importation;2021-08-06 11:33:51.987;EnCours;Mer;IMPORTATEUR_ANON_5484;NINEA_ANON_42;001-I
2457620;Importation;2020-09-14 16:31:58.280;EnCours;Mer;IMPORTATEUR_ANON_9750;NINEA_ANON_628;001-I
2495868;Importation;2020-12-09 15:45:20.177;EnCours;Mer;IMPORTATEUR_ANON_2842;NINEA_ANON_103;001-I
2530185;Importation;2021-02-26 10:37:45.027;EnCours;Mer;IMPORTATEUR_ANON_8713;NINEA_ANON_398;001-I
2396371;Importation;2020-04-24 13:39:44.623;EnCours;Mer;IMPORTATEUR_ANON_9284;NINEA_ANON_956;001-I
2509350;Importation;2021-01-13 13:38:55.830;EnCours;Mer;IMPORTATEUR_ANON_3951;NINEA_ANON_125;001-I
2483060;Importation;2020-11-11 10:46:22.343;EnCours;Mer;IMPORTATEUR_ANON_9284;NINEA_ANON_956;001-I
2466709;Importation;2020-10-07 10:23:24.060;EnCours;Mer;IMPORTATEUR_ANON_9284;NINEA_ANON_956;001-I
2424413;Importation;2020-06-29 16:53:17.763;EnCours;Mer;IMPORTATEUR_ANON_5864;NINEA_ANON_371;001-I
2508798;Importation;2021-01-12 15:03:41.387;EnCours;Mer;IMPORTATEUR_ANON_134;NINEA_ANON_756;
2555350;Importation;2021-04-22 14:33:16.607;EnCours;Mer;IMPORTATEUR_ANON_3438;NINEA_ANON_590;
2362229;Importation;2020-02-13 14:42:47.390;EnCours;Mer;IMPORTATEUR_ANON_2117;NINEA_ANON_418;001-I
2521985;Importation;2021-02-09 10:49:03.970;Initialise;Mer;IMPORTATEUR_ANON_9542;NINEA_ANON_399;001-I
2458472;Importation;2020-09-16 10:13:20.980;Initialise;Mer;IMPORTATEUR_ANON_6067;NINEA_ANON_676;001-I
2361754;Importation;2020-02-13 08:30:35.937;EnCours;Mer;IMPORTATEUR_ANON_6646;NINEA_ANON_497;001-I
2359373;Importation;2020-02-10 10:52:41.120;EnCours;Mer;IMPORTATEUR_ANON_8269;NINEA_ANON_745;001-I
2352195;Importation;2020-01-27 10:50:12.203;EnCours;Mer;IMPORTATEUR_ANON_6860;NINEA_ANON_799;001-I
2619154;Importation;2021-09-16 11:36:34.693;EnCours;Mer;IMPORTATEUR_ANON_7464;NINEA_ANON_545;001-I
2657212;Importation;2021-12-10 09:37:36.000;Initialise;Mer;IMPORTATEUR_ANON_3135;NINEA_ANON_687;001-I
2547315;Importation;2021-04-06 16:46:00.370;EnCours;Mer;IMPORTATEUR_ANON_9284;NINEA_ANON_956;001-I
2570296;Importation;2021-05-27 11:09:38.840;EnCours;Mer;IMPORTATEUR_ANON_2308;NINEA_ANON_475;001-I
2679933;Importation;2022-02-02 12:51:54.023;EnCours;Mer;IMPORTATEUR_ANON_2575;NINEA_ANON_985;001-I
2497096;Importation;2020-12-11 17:11:32.503;EnCours;Mer;IMPORTATEUR_ANON_7470;NINEA_ANON_25;001-I
2614211;Importation;2021-09-06 13:31:27.033;EnCours;Mer;IMPORTATEUR_ANON_134;NINEA_ANON_630;001-I
2463902;Importation;2020-09-29 09:15:12.500;EnCours;Mer;IMPORTATEUR_ANON_819;NINEA_ANON_349;001-I
2493593;Importation;2020-12-04 09:38:28.947;EnCours;Mer;IMPORTATEUR_ANON_4320;NINEA_ANON_570;001-I
2471219;Importation;2020-10-16 09:35:55.327;EnCours;Mer;IMPORTATEUR_ANON_2308;NINEA_ANON_475;001-I
2649967;Importation;2021-11-25 09:08:28.177;EnCours;Mer;IMPORTATEUR_ANON_3863;NINEA_ANON_628;001-I
2645496;Importation;2021-11-16 16:01:26.493;EnCours;Mer;IMPORTATEUR_ANON_3863;NINEA_ANON_628;001-I
2368616;Importation;2020-02-26 09:58:35.560;Initialise;Mer;IMPORTATEUR_ANON_3726;NINEA_ANON_343;001-I
2397878;Importation;2020-04-29 08:15:06.310;Initialise;Mer;IMPORTATEUR_ANON_2623;NINEA_ANON_939;001-I
2583379;Importation;2021-06-23 15:08:52.627;EnCours;Mer;IMPORTATEUR_ANON_5858;NINEA_ANON_879;001-I
2502476;Importation;2020-12-24 11:13:09.680;EnCours;Mer;IMPORTATEUR_ANON_1818;NINEA_ANON_980;001-I
2583353;Réexportation;2021-06-23 14:41:51.687;Initialise;Mer;IMPORTATEUR_ANON_9770;NINEA_ANON_119;001-E
2417324;Importation;2020-06-12 13:56:05.700;EnCours;Mer;IMPORTATEUR_ANON_2623;NINEA_ANON_939;001-I
2381021;Importation;2020-03-19 10:29:59.740;EnCours;Mer;IMPORTATEUR_ANON_3951;NINEA_ANON_125;001-I
2458966;Importation;2020-09-17 07:47:55.367;EnCours;Mer;IMPORTATEUR_ANON_5520;NINEA_ANON_462;001-I
2439473;Importation;2020-08-05 11:25:50.263;EnCours;Mer;IMPORTATEUR_ANON_1396;NINEA_ANON_535;001-I
2567542;Importation;2021-05-20 14:20:01.040;EnCours;Mer;IMPORTATEUR_ANON_7279;NINEA_ANON_692;001-I
2585649;Importation;2021-06-29 10:11:31.347;EnCours;Mer;IMPORTATEUR_ANON_134;NINEA_ANON_630;001-I
2691288;Importation;2022-02-23 11:53:26.557;Initialise;Mer;IMPORTATEUR_ANON_6862;NINEA_ANON_746;001-I
2583052;Transit;2021-06-23 10:15:22.250;Initialise;Mer;IMPORTATEUR_ANON_8310;NINEA_ANON_903;001-E
2593006;Importation;2021-07-14 08:03:24.073;EnCours;Mer;IMPORTATEUR_ANON_4428;NINEA_ANON_802;001-I
2567893;Importation;2021-05-21 10:11:47.393;EnCours;Mer;IMPORTATEUR_ANON_1497;NINEA_ANON_490;001-I
2485401;Importation;2020-11-17 10:35:15.567;EnCours;Mer;IMPORTATEUR_ANON_1497;NINEA_ANON_889;001-I
2555932;Importation;2021-04-23 13:28:48.937;EnCours;Mer;IMPORTATEUR_ANON_134;NINEA_ANON_630;
2614340;Importation;2021-09-06 16:11:41.807;EnCours;Mer;IMPORTATEUR_ANON_2308;NINEA_ANON_475;001-I
2451902;Importation;2020-09-01 14:24:19.840;EnCours;Mer;IMPORTATEUR_ANON_2308;NINEA_ANON_475;001-I
2576883;Importation;2021-06-10 10:53:33.877;EnCours;Mer;IMPORTATEUR_ANON_3213;NINEA_ANON_35;001-I
2680064;Importation;2022-02-02 15:28:21.667;Initialise;Mer;IMPORTATEUR_ANON_464;NINEA_ANON_507;001-I
2522813;Importation;2021-02-10 12:45:33.053;EnCours;Mer;IMPORTATEUR_ANON_3660;NINEA_ANON_166;001-I
2651268;Importation;2021-11-29 10:13:15.017;EnCours;Mer;IMPORTATEUR_ANON_3951;NINEA_ANON_125;001-I
2499587;Importation;2020-12-17 15:16:17.157;EnCours;Mer;IMPORTATEUR_ANON_8438;NINEA_ANON_699;
2595984;Importation;2021-07-23 12:44:05.633;EnCours;Mer;IMPORTATEUR_ANON_9284;NINEA_ANON_956;001-I
2681102;Importation;2022-02-04 14:16:33.353;EnCours;Mer;IMPORTATEUR_ANON_233;NINEA_ANON_438;001-I
2421961;Importation;2020-06-24 09:22:45.490;EnCours;Mer;IMPORTATEUR_ANON_134;NINEA_ANON_630;001-I
2460096;Importation;2020-09-21 09:38:05.010;EnCours;Mer;IMPORTATEUR_ANON_1426;NINEA_ANON_856;001-I
2633673;Importation;2021-10-21 10:47:58.250;EnCours;Mer;IMPORTATEUR_ANON_6273;NINEA_ANON_291;001-I
2655097;Importation;2021-12-06 17:06:44.817;EnCours;Mer;IMPORTATEUR_ANON_8011;NINEA_ANON_7;001-I
2466318;Importation;2020-10-05 10:42:41.983;EnCours;Mer;IMPORTATEUR_ANON_5484;NINEA_ANON_42;001-I
2630936;Importation;2021-10-14 10:15:07.803;EnCours;Mer;IMPORTATEUR_ANON_2534;NINEA_ANON_361;001-I
2525026;Importation;2021-02-16 10:19:55.947;EnCours;Mer;IMPORTATEUR_ANON_9284;NINEA_ANON_956;001-I
2550387;Importation;2021-04-13 11:54:02.593;EnCours;Mer;IMPORTATEUR_ANON_9628;NINEA_ANON_405;001-I
2667879;Importation;2022-01-05 10:52:25.297;EnCours;Mer;IMPORTATEUR_ANON_9564;NINEA_ANON_214;001-I
2346119;Importation;2020-01-15 10:36:34.360;EnCours;Mer;IMPORTATEUR_ANON_2308;NINEA_ANON_475;001-I
2557174;Importation;2021-04-27 10:59:44.363;Initialise;Mer;IMPORTATEUR_ANON_7057;NINEA_ANON_633;001-I
2468636;Importation;2020-10-12 10:58:15.373;EnCours;Mer;IMPORTATEUR_ANON_7166;NINEA_ANON_390;001-I
2485407;Importation;2020-11-17 10:38:32.017;EnCours;Mer;IMPORTATEUR_ANON_7501;NINEA_ANON_202;001-I
2534927;Importation;2021-03-10 18:30:29.227;EnCours;Mer;IMPORTATEUR_ANON_8011;NINEA_ANON_856;001-I
2415164;Importation;2020-06-09 09:25:45.483;EnCours;Mer;IMPORTATEUR_ANON_5606;NINEA_ANON_429;001-I
2581064;Importation;2021-06-18 11:22:34.237;EnCours;Mer;IMPORTATEUR_ANON_3951;NINEA_ANON_125;001-I
2533390;Importation;2021-03-08 15:46:40.160;EnCours;Mer;IMPORTATEUR_ANON_4426;NINEA_ANON_93;001-I
2617353;Importation;2021-09-13 12:14:24.190;EnCours;Mer;IMPORTATEUR_ANON_7279;NINEA_ANON_32;001-I
2356046;Importation;2020-02-03 15:53:56.420;Initialise;Mer;IMPORTATEUR_ANON_4428;NINEA_ANON_4;001-I
2409455;Importation;2020-05-26 10:42:15.263;EnCours;Mer;IMPORTATEUR_ANON_3660;NINEA_ANON_379;001-I
2503994;Importation;2020-12-30 09:32:53.933;EnCours;Mer;IMPORTATEUR_ANON_4426;NINEA_ANON_93;001-I
2613355;Importation;2021-09-03 11:25:19.433;EnCours;Mer;IMPORTATEUR_ANON_4744;NINEA_ANON_222;001-I
2515987;Importation;2021-01-26 17:19:18.183;EnCours;Mer;IMPORTATEUR_ANON_7262;NINEA_ANON_143;001-I
2541582;Importation;2021-03-24 10:04:34.123;EnCours;Mer;IMPORTATEUR_ANON_7166;NINEA_ANON_390;001-I
2640699;Importation;2021-11-05 16:09:57.200;EnCours;Mer;IMPORTATEUR_ANON_9284;NINEA_ANON_956;001-I
2579315;Importation;2021-06-15 14:28:00.340;EnCours;Mer;IMPORTATEUR_ANON_2623;NINEA_ANON_14;001-I
2426265;Importation;2020-07-03 09:24:23.537;EnCours;Mer;IMPORTATEUR_ANON_7720;NINEA_ANON_938;001-I
2359890;Importation;2020-02-10 15:49:29.420;EnCours;Mer;IMPORTATEUR_ANON_8488;NINEA_ANON_578;001-I
2493150;Importation;2020-12-03 11:17:16.877;EnCours;Mer;IMPORTATEUR_ANON_2308;NINEA_ANON_475;001-I
2528804;Importation;2021-02-23 16:58:21.873;EnCours;Mer;IMPORTATEUR_ANON_9284;NINEA_ANON_956;001-I
2413593;Importation;2020-06-04 15:11:23.823;Initialise;Mer;IMPORTATEUR_ANON_2308;NINEA_ANON_475;001-I
2411193;Importation;2020-05-29 10:02:06.613;EnCours;Mer;IMPORTATEUR_ANON_134;NINEA_ANON_630;001-I
2564678;Importation;2021-05-12 17:56:28.367;EnCours;Mer;IMPORTATEUR_ANON_17;NINEA_ANON_782;001-I
2557774;Importation;2021-04-28 10:12:11.860;EnCours;Mer;IMPORTATEUR_ANON_6474;NINEA_ANON_363;001-I
2589241;Importation;2021-07-06 13:08:47.450;EnCours;Mer;IMPORTATEUR_ANON_449;NINEA_ANON_857;
2473876;Importation;2020-10-22 11:18:17.940;EnCours;Mer;IMPORTATEUR_ANON_3213;NINEA_ANON_30;001-I
2518017;Importation;2021-02-01 09:13:11.453;Initialise;Mer;IMPORTATEUR_ANON_3863;NINEA_ANON_628;001-I
2468304;Importation;2020-10-09 16:19:23.010;EnCours;Mer;IMPORTATEUR_ANON_9284;NINEA_ANON_956;001-I
2488769;Importation;2020-11-24 14:38:22.753;EnCours;Mer;IMPORTATEUR_ANON_191;NINEA_ANON_164;001-I
2581645;Importation;2021-06-21 11:08:54.347;EnCours;Mer;IMPORTATEUR_ANON_17;NINEA_ANON_782;001-I
2510908;Importation;2021-01-18 08:22:27.177;EnCours;Mer;IMPORTATEUR_ANON_3863;NINEA_ANON_628;001-I
2430725;Importation;2020-07-14 08:44:15.337;EnCours;Mer;IMPORTATEUR_ANON_986;NINEA_ANON_55;001-I
2428536;Importation;2020-07-08 12:26:40.797;Initialise;Mer;IMPORTATEUR_ANON_7464;NINEA_ANON_545;001-I
2689626;Importation;2022-02-21 12:29:43.297;EnCours;Mer;IMPORTATEUR_ANON_6863;NINEA_ANON_240;001-I
2672000;Importation;2022-01-14 15:46:10.087;Initialise;Mer;IMPORTATEUR_ANON_7464;NINEA_ANON_545;001-I
2505447;Importation;2021-01-05 09:28:04.087;EnCours;Mer;IMPORTATEUR_ANON_2623;NINEA_ANON_939;001-I
2568806;Importation;2021-05-25 11:26:34.977;EnCours;Mer;IMPORTATEUR_ANON_9750;NINEA_ANON_894;001-I
2548377;Importation;2021-04-08 11:59:58.930;EnCours;Mer;IMPORTATEUR_ANON_2308;NINEA_ANON_475;001-I
2484781;Importation;2020-11-16 10:53:02.167;EnCours;Mer;IMPORTATEUR_ANON_8312;NINEA_ANON_220;001-I
2494058;Importation;2020-12-04 17:27:16.093;EnCours;Mer;IMPORTATEUR_ANON_7850;NINEA_ANON_231;001-I
2556808;Importation;2021-04-26 15:26:40.563;EnCours;Mer;IMPORTATEUR_ANON_5804;NINEA_ANON_779;001-I
2468668;Importation;2020-10-12 11:13:18.393;EnCours;Mer;IMPORTATEUR_ANON_134;NINEA_ANON_630;001-I
2562817;Importation;2021-05-10 08:43:13.680;EnCours;Mer;IMPORTATEUR_ANON_2623;NINEA_ANON_14;001-I
2557539;Transit;2021-04-27 15:33:30.440;Initialise;Mer;IMPORTATEUR_ANON_2072;NINEA_ANON_797;001-E
2431008;Importation;2020-07-14 12:45:54.973;EnCours;Mer;IMPORTATEUR_ANON_8800;NINEA_ANON_514;001-I
2461092;Importation;2020-09-22 13:19:52.127;EnCours;Mer;IMPORTATEUR_ANON_134;NINEA_ANON_630;001-I
2432789;Importation;2020-07-17 12:01:00.080;EnCours;Mer;IMPORTATEUR_ANON_2506;NINEA_ANON_212;001-I
2381601;Importation;2020-03-20 09:31:05.597;Initialise;Mer;IMPORTATEUR_ANON_819;NINEA_ANON_349;001-I
2589720;Importation;2021-07-07 10:02:45.000;EnCours;Mer;IMPORTATEUR_ANON_3726;NINEA_ANON_343;001-I
2354937;Importation;2020-01-31 08:59:57.667;EnCours;Mer;IMPORTATEUR_ANON_5014;NINEA_ANON_959;
2379334;Importation;2020-03-16 17:04:29.767;EnCours;Mer;IMPORTATEUR_ANON_9272;NINEA_ANON_739;001-I
2510210;Importation;2021-01-14 16:26:47.367;EnCours;Mer;IMPORTATEUR_ANON_5804;NINEA_ANON_779;001-I
2692357;Importation;2022-02-24 16:08:52.433;EnCours;Mer;IMPORTATEUR_ANON_9942;NINEA_ANON_641;001-I
2626780;Importation;2021-10-05 12:31:14.073;EnCours;Mer;IMPORTATEUR_ANON_1123;NINEA_ANON_764;001-I
2612681;Importation;2021-09-02 10:07:54.867;EnCours;Mer;IMPORTATEUR_ANON_1497;NINEA_ANON_953;001-I
2412789;Importation;2020-06-03 12:29:30.413;EnCours;Mer;IMPORTATEUR_ANON_9284;NINEA_ANON_956;001-I
2556616;Importation;2021-04-26 12:49:32.273;EnCours;Mer;IMPORTATEUR_ANON_2002;NINEA_ANON_746;001-I
2645765;Importation;2021-11-17 10:36:33.187;EnCours;Mer;IMPORTATEUR_ANON_2623;NINEA_ANON_14;001-I
2410533;Importation;2020-05-27 16:04:16.350;EnCours;Mer;IMPORTATEUR_ANON_8472;NINEA_ANON_185;001-I
2498274;Importation;2020-12-15 12:52:19.390;Initialise;Mer;IMPORTATEUR_ANON_1426;NINEA_ANON_856;001-I
2573577;Importation;2021-06-03 09:31:50.247;EnCours;Mer;IMPORTATEUR_ANON_428;NINEA_ANON_244;001-I
2530310;Importation;2021-02-26 12:09:21.563;EnCours;Mer;IMPORTATEUR_ANON_1827;NINEA_ANON_956;001-I
2641604;Importation;2021-11-08 16:41:27.570;EnCours;Mer;IMPORTATEUR_ANON_2243;NINEA_ANON_724;001-I
2673155;Importation;2022-01-18 11:53:43.070;EnCours;Mer;IMPORTATEUR_ANON_4578;NINEA_ANON_805;001-I
2674156;Importation;2022-01-19 17:41:04.147;EnCours;Mer;IMPORTATEUR_ANON_1123;NINEA_ANON_764;001-I
2672950;Importation;2022-01-18 09:51:39.200;EnCours;Mer;IMPORTATEUR_ANON_9284;NINEA_ANON_956;001-I
2380655;Importation;2020-03-18 14:51:33.550;EnCours;Mer;IMPORTATEUR_ANON_8932;NINEA_ANON_791;001-I
2686960;Importation;2022-02-16 12:23:47.533;EnCours;Mer;IMPORTATEUR_ANON_3863;NINEA_ANON_55;001-I
2426349;Importation;2020-07-03 10:29:05.447;EnCours;Mer;IMPORTATEUR_ANON_2308;NINEA_ANON_475;001-I
2367973;Importation;2020-02-25 11:36:08.523;EnCours;Mer;IMPORTATEUR_ANON_4663;NINEA_ANON_805;001-I
2668577;Importation;2022-01-06 15:50:01.073;EnCours;Mer;IMPORTATEUR_ANON_5804;NINEA_ANON_779;001-I
2430438;Importation;2020-07-13 13:32:28.057;EnCours;Mer;IMPORTATEUR_ANON_6474;NINEA_ANON_363;001-I
2638788;Importation;2021-11-02 14:25:48.670;EnCours;Mer;IMPORTATEUR_ANON_1938;NINEA_ANON_48;001-I
2459839;Importation;2020-09-18 13:50:39.957;EnCours;Mer;IMPORTATEUR_ANON_9284;NINEA_ANON_956;001-I
2350234;Importation;2020-01-22 13:27:27.943;EnCours;Mer;IMPORTATEUR_ANON_1497;NINEA_ANON_889;001-I
2402768;Importation;2020-05-07 07:44:28.660;EnCours;Mer;IMPORTATEUR_ANON_3016;NINEA_ANON_977;001-I
2494256;Importation;2020-12-07 10:19:57.177;EnCours;Mer;IMPORTATEUR_ANON_2108;NINEA_ANON_997;001-I
2496379;Importation;2020-12-10 13:03:16.890;EnCours;Mer;IMPORTATEUR_ANON_5760;NINEA_ANON_572;001-I
2505616;Importation;2021-01-05 11:52:02.297;EnCours;Mer;IMPORTATEUR_ANON_7464;NINEA_ANON_545;001-I
2578100;Importation;2021-06-12 12:29:27.010;EnCours;Mer;IMPORTATEUR_ANON_278;NINEA_ANON_59;001-I
2646072;Importation;2021-11-17 14:04:24.333;EnCours;Mer;IMPORTATEUR_ANON_7464;NINEA_ANON_545;001-I
2626493;Importation;2021-10-05 00:23:36.610;EnCours;Mer;IMPORTATEUR_ANON_4407;NINEA_ANON_117;001-I
2388311;Importation;2020-04-06 08:48:59.990;EnCours;Mer;IMPORTATEUR_ANON_428;NINEA_ANON_244;001-I
2477226;Importation;2020-10-29 14:44:33.973;EnCours;Mer;IMPORTATEUR_ANON_5333;NINEA_ANON_645;001-I
2495327;Importation;2020-12-08 17:38:00.443;EnCours;Mer;IMPORTATEUR_ANON_3951;NINEA_ANON_125;001-I
2423378;Importation;2020-06-26 11:29:34.557;EnCours;Mer;IMPORTATEUR_ANON_9272;NINEA_ANON_739;001-I
2665203;Transit;2021-12-28 17:22:05.020;Initialise;Mer;IMPORTATEUR_ANON_3213;NINEA_ANON_35;001-E
2565664;Importation;2021-05-17 17:03:41.213;EnCours;Mer;IMPORTATEUR_ANON_6681;NINEA_ANON_809;001-I
2393585;Importation;2020-04-20 08:19:51.783;EnCours;Mer;IMPORTATEUR_ANON_9284;NINEA_ANON_956;001-I
2684705;Importation;2022-02-11 18:00:50.063;EnCours;Mer;IMPORTATEUR_ANON_9284;NINEA_ANON_956;001-I
2469628;Importation;2020-10-13 13:19:16.003;EnCours;Mer;IMPORTATEUR_ANON_134;NINEA_ANON_630;001-I
2574936;Importation;2021-06-07 11:07:14.630;EnCours;Mer;IMPORTATEUR_ANON_134;NINEA_ANON_630;001-I
2635844;Importation;2021-10-26 11:48:57.657;EnCours;Mer;IMPORTATEUR_ANON_4777;NINEA_ANON_328;001-I
2569105;Importation;2021-05-25 14:48:17.427;EnCours;Mer;IMPORTATEUR_ANON_9284;NINEA_ANON_956;001-I
2470386;Importation;2020-10-14 14:45:17.237;EnCours;Mer;IMPORTATEUR_ANON_7279;NINEA_ANON_692;001-I
2488383;Importation;2020-11-24 09:05:46.727;EnCours;Mer;IMPORTATEUR_ANON_1886;NINEA_ANON_314;
2449949;Importation;2020-08-27 11:33:06.237;EnCours;Mer;IMPORTATEUR_ANON_7462;NINEA_ANON_216;001-I
2344503;Importation;2020-01-13 10:44:54.437;EnCours;Mer;IMPORTATEUR_ANON_9284;NINEA_ANON_956;001-I
2442453;Importation;2020-08-10 15:54:28.760;EnCours;Mer;IMPORTATEUR_ANON_7464;NINEA_ANON_545;001-I
2484223;Importation;2020-11-13 11:04:34.910;EnCours;Mer;IMPORTATEUR_ANON_134;NINEA_ANON_630;001-I
2673050;Importation;2022-01-18 11:02:19.313;EnCours;Mer;IMPORTATEUR_ANON_7323;NINEA_ANON_602;001-I
2476397;Importation;2020-10-28 11:39:20.133;EnCours;Mer;IMPORTATEUR_ANON_5333;NINEA_ANON_586;001-I
2618701;Importation;2021-09-15 13:41:45.823;EnCours;Mer;IMPORTATEUR_ANON_2104;NINEA_ANON_537;001-I
2526252;Importation;2021-02-18 09:22:39.587;EnCours;Mer;IMPORTATEUR_ANON_5369;NINEA_ANON_415;
2634397;Importation;2021-10-22 11:31:04.740;EnCours;Mer;IMPORTATEUR_ANON_4663;NINEA_ANON_805;001-I
2544950;Importation;2021-03-31 11:18:19.097;EnCours;Mer;IMPORTATEUR_ANON_2308;NINEA_ANON_475;001-I
2418191;Importation;2020-06-15 16:05:09.963;EnCours;Mer;IMPORTATEUR_ANON_1133;NINEA_ANON_122;001-I
2375969;Importation;2020-03-10 12:33:40.043;EnCours;Mer;IMPORTATEUR_ANON_8467;NINEA_ANON_345;001-I
2390511;Importation;2020-04-10 12:04:15.943;EnCours;Mer;IMPORTATEUR_ANON_7270;NINEA_ANON_428;001-I
2418375;Importation;2020-06-16 09:18:09.843;EnCours;Mer;IMPORTATEUR_ANON_457;NINEA_ANON_711;001-I
2547644;Importation;2021-04-07 12:01:24.907;EnCours;Mer;IMPORTATEUR_ANON_4663;NINEA_ANON_805;001-I
2572882;Importation;2021-06-02 08:54:15.833;EnCours;Mer;IMPORTATEUR_ANON_5409;NINEA_ANON_85;
2483847;Importation;2020-11-12 13:48:26.967;EnCours;Mer;IMPORTATEUR_ANON_9727;NINEA_ANON_919;001-I
2591581;Importation;2021-07-09 17:04:58.043;EnCours;Mer;IMPORTATEUR_ANON_134;NINEA_ANON_630;001-I
2429800;Importation;2020-07-10 13:27:32.290;EnCours;Mer;IMPORTATEUR_ANON_33;NINEA_ANON_767;001-I
2668653;Importation;2022-01-06 19:12:07.783;EnCours;Mer;IMPORTATEUR_ANON_1733;NINEA_ANON_336;001-I
2477617;Importation;2020-11-02 11:20:24.470;EnCours;Mer;IMPORTATEUR_ANON_9284;NINEA_ANON_956;001-I
2379197;Importation;2020-03-16 15:19:53.377;EnCours;Mer;IMPORTATEUR_ANON_5409;NINEA_ANON_85;001-I
2484621;Importation;2020-11-14 17:26:32.710;EnCours;Mer;IMPORTATEUR_ANON_134;NINEA_ANON_630;001-I
2533891;Importation;2021-03-09 13:45:34.587;EnCours;Mer;IMPORTATEUR_ANON_3440;NINEA_ANON_136;001-I
2591113;Importation;2021-07-09 10:08:11.063;EnCours;Mer;IMPORTATEUR_ANON_134;NINEA_ANON_630;001-I
2386627;Importation;2020-04-01 10:40:24.133;EnCours;Mer;IMPORTATEUR_ANON_2308;NINEA_ANON_475;001-I
2557867;Importation;2021-04-28 11:02:34.383;EnCours;Mer;IMPORTATEUR_ANON_1396;NINEA_ANON_79;001-I
2509139;Importation;2021-01-13 10:58:46.377;EnCours;Mer;IMPORTATEUR_ANON_2623;NINEA_ANON_939;001-I
2602755;Importation;2021-08-09 13:07:58.523;EnCours;Mer;IMPORTATEUR_ANON_7464;NINEA_ANON_545;001-I
2467282;Importation;2020-10-08 10:39:16.260;EnCours;Mer;IMPORTATEUR_ANON_4405;NINEA_ANON_24;001-I
2611093;Importation;2021-08-30 11:33:23.180;EnCours;Mer;IMPORTATEUR_ANON_5339;NINEA_ANON_716;001-I
2523787;Importation;2021-02-12 10:47:06.210;EnCours;Mer;IMPORTATEUR_ANON_9628;NINEA_ANON_405;001-I
2394736;Importation;2020-04-21 15:30:10.590;EnCours;Mer;IMPORTATEUR_ANON_6705;NINEA_ANON_314;001-I
2554568;Importation;2021-04-21 11:31:32.070;EnCours;Mer;IMPORTATEUR_ANON_6368;NINEA_ANON_526;001-I
2339956;Importation;2020-01-03 09:12:33.330;EnCours;Mer;IMPORTATEUR_ANON_134;NINEA_ANON_630;001-I
2482428;Importation;2020-11-10 10:27:52.620;EnCours;Mer;IMPORTATEUR_ANON_7464;NINEA_ANON_545;001-I
2466227;Importation;2020-10-05 09:06:30.257;EnCours;Mer;IMPORTATEUR_ANON_134;NINEA_ANON_630;001-I
2366934;Importation;2020-02-24 08:53:46.510;EnCours;Mer;IMPORTATEUR_ANON_6751;NINEA_ANON_998;001-I
2662332;Importation;2021-12-21 16:16:41.567;EnCours;Mer;IMPORTATEUR_ANON_1818;NINEA_ANON_980;001-I
2482425;Importation;2020-11-10 10:24:34.370;EnCours;Mer;IMPORTATEUR_ANON_2266;NINEA_ANON_724;001-I
2403752;Importation;2020-05-08 13:17:02.867;EnCours;Mer;IMPORTATEUR_ANON_2303;NINEA_ANON_96;001-I
2356222;Importation;2020-02-04 09:33:19.967;EnCours;Mer;IMPORTATEUR_ANON_1026;NINEA_ANON_774;001-I
2409525;Importation;2020-05-26 11:20:30.540;EnCours;Mer;IMPORTATEUR_ANON_134;NINEA_ANON_630;001-I
2666734;Importation;2022-01-03 09:37:02.990;EnCours;Mer;IMPORTATEUR_ANON_7464;NINEA_ANON_545;001-I
2590685;Importation;2021-07-08 13:21:16.303;EnCours;Mer;IMPORTATEUR_ANON_8678;NINEA_ANON_571;001-I
2576186;Importation;2021-06-09 09:49:19.210;EnCours;Mer;IMPORTATEUR_ANON_3951;NINEA_ANON_125;001-I
2507235;Importation;2021-01-08 12:05:05.407;EnCours;Mer;IMPORTATEUR_ANON_4448;NINEA_ANON_331;001-I
2643252;Importation;2021-11-11 13:12:43.653;EnCours;Mer;IMPORTATEUR_ANON_7166;NINEA_ANON_808;001-I
2366852;Importation;2020-02-22 12:23:41.257;EnCours;Mer;IMPORTATEUR_ANON_9628;NINEA_ANON_405;001-I
2548214;Importation;2021-04-08 10:17:50.920;EnCours;Mer;IMPORTATEUR_ANON_819;NINEA_ANON_349;001-I
2629667;Importation;2021-10-12 10:05:11.430;EnCours;Mer;IMPORTATEUR_ANON_9284;NINEA_ANON_956;001-I
2647470;Importation;2021-11-19 12:34:40.540;EnCours;Mer;IMPORTATEUR_ANON_134;NINEA_ANON_630;001-I
2595739;Importation;2021-07-22 14:34:19.113;EnCours;Mer;IMPORTATEUR_ANON_134;NINEA_ANON_630;001-I
2679598;Importation;2022-02-02 08:12:04.003;EnCours;Mer;IMPORTATEUR_ANON_3660;NINEA_ANON_647;001-I
2474631;Importation;2020-10-23 15:21:11.167;EnCours;Mer;IMPORTATEUR_ANON_9284;NINEA_ANON_956;001-I
2524610;Importation;2021-02-15 13:03:52.627;EnCours;Mer;IMPORTATEUR_ANON_7074;NINEA_ANON_986;001-I
2552986;Importation;2021-04-19 10:09:58.603;EnCours;Mer;IMPORTATEUR_ANON_4060;NINEA_ANON_533;001-I
2371288;Importation;2020-03-02 12:18:54.223;Initialise;Mer;IMPORTATEUR_ANON_7575;NINEA_ANON_959;001-I
2673472;Importation;2022-01-18 15:29:07.473;EnCours;Mer;IMPORTATEUR_ANON_3195;NINEA_ANON_366;001-I
2621280;Importation;2021-09-21 15:17:08.777;EnCours;Mer;IMPORTATEUR_ANON_5804;NINEA_ANON_779;001-I
2654471;Importation;2021-12-06 09:25:15.763;EnCours;Mer;IMPORTATEUR_ANON_9628;NINEA_ANON_405;001-I
2436524;Importation;2020-07-27 15:24:53.830;EnCours;Mer;IMPORTATEUR_ANON_134;NINEA_ANON_630;001-I
2485999;Importation;2020-11-18 10:51:52.133;EnCours;Mer;IMPORTATEUR_ANON_3438;NINEA_ANON_590;001-I
2506768;Importation;2021-01-07 13:20:29.080;Initialise;Mer;IMPORTATEUR_ANON_4536;NINEA_ANON_237;001-I
2522985;Importation;2021-02-10 16:01:30.957;EnCours;Mer;IMPORTATEUR_ANON_1308;NINEA_ANON_693;
2368748;Importation;2020-02-26 11:30:23.863;EnCours;Mer;IMPORTATEUR_ANON_3438;NINEA_ANON_590;001-I
2408442;Importation;2020-05-20 13:13:33.160;EnCours;Mer;IMPORTATEUR_ANON_134;NINEA_ANON_630;001-I
2376367;Importation;2020-03-10 18:02:35.150;EnCours;Mer;IMPORTATEUR_ANON_134;NINEA_ANON_630;001-I
2485470;Importation;2020-11-17 11:11:23.720;EnCours;Mer;IMPORTATEUR_ANON_4060;NINEA_ANON_533;001-I
2625472;Importation;2021-10-01 12:13:20.307;EnCours;Mer;IMPORTATEUR_ANON_7464;NINEA_ANON_545;001-I
2465142;Importation;2020-10-01 09:38:38.693;EnCours;Mer;IMPORTATEUR_ANON_1380;NINEA_ANON_312;001-I
2530132;Importation;2021-02-26 10:05:02.260;EnCours;Mer;IMPORTATEUR_ANON_5484;NINEA_ANON_42;001-I
2485081;Importation;2020-11-16 15:02:03.887;EnCours;Mer;IMPORTATEUR_ANON_8273;NINEA_ANON_767;001-I
2570423;Importation;2021-05-27 12:38:15.570;EnCours;Mer;IMPORTATEUR_ANON_1923;NINEA_ANON_48;001-I
2620679;Importation;2021-09-20 15:29:04.003;EnCours;Mer;IMPORTATEUR_ANON_134;NINEA_ANON_630;001-I
2373401;Importation;2020-03-05 09:46:16.130;EnCours;Mer;IMPORTATEUR_ANON_7422;NINEA_ANON_77;001-I
2542207;Importation;2021-03-25 09:56:21.280;EnCours;Mer;IMPORTATEUR_ANON_3660;NINEA_ANON_166;001-I
2573914;Importation;2021-06-03 13:47:30.587;EnCours;Mer;IMPORTATEUR_ANON_134;NINEA_ANON_630;001-I
2482107;Importation;2020-11-09 14:48:03.743;EnCours;Mer;IMPORTATEUR_ANON_5609;NINEA_ANON_550;001-I
2511460;Importation;2021-01-18 13:46:29.600;EnCours;Mer;IMPORTATEUR_ANON_7464;NINEA_ANON_545;001-I
2390521;Importation;2020-04-10 12:10:11.120;EnCours;Mer;IMPORTATEUR_ANON_5804;NINEA_ANON_779;001-I
2483363;Importation;2020-11-11 15:27:59.753;EnCours;Mer;IMPORTATEUR_ANON_4424;NINEA_ANON_51;001-I
2542793;Importation;2021-03-26 09:38:49.687;EnCours;Mer;IMPORTATEUR_ANON_4869;NINEA_ANON_12;001-I
2445112;Importation;2020-08-17 09:53:20.293;EnCours;Mer;IMPORTATEUR_ANON_1793;NINEA_ANON_614;001-I
2341019;Importation;2020-01-06 14:14:44.507;Initialise;Mer;IMPORTATEUR_ANON_1320;NINEA_ANON_450;001-I
2406099;Importation;2020-05-14 12:29:48.900;EnCours;Mer;IMPORTATEUR_ANON_7464;NINEA_ANON_545;001-I
2523891;Importation;2021-02-12 12:17:01.473;EnCours;Mer;IMPORTATEUR_ANON_9354;NINEA_ANON_779;001-I
2458371;Importation;2020-09-16 08:49:53.347;EnCours;Mer;IMPORTATEUR_ANON_8434;NINEA_ANON_633;001-I
2458508;Importation;2020-09-16 10:38:19.930;EnCours;Mer;IMPORTATEUR_ANON_134;NINEA_ANON_630;001-I
2443175;Importation;2020-08-11 16:45:50.023;EnCours;Mer;IMPORTATEUR_ANON_7051;NINEA_ANON_65;001-I
2619257;Importation;2021-09-16 12:46:21.520;EnCours;Mer;IMPORTATEUR_ANON_4814;NINEA_ANON_109;001-I
2475531;Importation;2020-10-26 17:17:24.097;EnCours;Mer;IMPORTATEUR_ANON_7464;NINEA_ANON_545;001-I
2546259;Importation;2021-04-02 11:25:21.310;EnCours;Mer;IMPORTATEUR_ANON_1096;NINEA_ANON_301;001-I
2354999;Importation;2020-01-31 09:52:01.307;EnCours;Mer;IMPORTATEUR_ANON_2506;NINEA_ANON_212;001-I
2477430;Importation;2020-11-02 09:15:08.153;EnCours;Mer;IMPORTATEUR_ANON_4130;NINEA_ANON_100;001-I
2464629;Importation;2020-09-30 10:15:41.420;EnCours;Mer;IMPORTATEUR_ANON_1308;NINEA_ANON_693;001-I
2350121;Importation;2020-01-22 11:56:59.850;EnCours;Mer;IMPORTATEUR_ANON_134;NINEA_ANON_630;001-I
2542490;Importation;2021-03-25 13:52:49.623;EnCours;Mer;IMPORTATEUR_ANON_6862;NINEA_ANON_9;001-I
2566891;Importation;2021-05-19 13:19:50.443;EnCours;Mer;IMPORTATEUR_ANON_7314;NINEA_ANON_328;001-I
2617697;Importation;2021-09-13 17:05:10.890;EnCours;Mer;IMPORTATEUR_ANON_7166;NINEA_ANON_278;001-I
2386553;Importation;2020-04-01 09:38:01.387;Initialise;Mer;IMPORTATEUR_ANON_134;NINEA_ANON_756;001-I
2530017;Importation;2021-02-26 08:08:13.990;EnCours;Mer;IMPORTATEUR_ANON_134;NINEA_ANON_630;
2427759;Importation;2020-07-07 10:39:05.080;EnCours;Mer;IMPORTATEUR_ANON_3863;NINEA_ANON_628;001-I
2467168;Importation;2020-10-07 18:20:50.840;EnCours;Mer;IMPORTATEUR_ANON_7569;NINEA_ANON_834;001-I
2469968;Importation;2020-10-14 08:57:13.490;EnCours;Mer;IMPORTATEUR_ANON_3407;NINEA_ANON_902;001-I
2502072;Importation;2020-12-23 13:22:55.327;EnCours;Mer;IMPORTATEUR_ANON_982;NINEA_ANON_603;001-I
2624682;Importation;2021-09-30 10:01:16.620;EnCours;Mer;IMPORTATEUR_ANON_134;NINEA_ANON_630;001-I
2473811;Importation;2020-10-22 10:32:36.803;Initialise;Mer;IMPORTATEUR_ANON_819;NINEA_ANON_349;001-I
2493216;Importation;2020-12-03 11:57:11.377;EnCours;Mer;IMPORTATEUR_ANON_5804;NINEA_ANON_779;001-I
2605438;Importation;2021-08-15 12:37:32.000;EnCours;Mer;IMPORTATEUR_ANON_986;NINEA_ANON_55;
2689618;Importation;2022-02-21 12:25:57.090;Initialise;Mer;IMPORTATEUR_ANON_2049;NINEA_ANON_802;001-I
2581203;Importation;2021-06-18 13:29:51.193;EnCours;Mer;IMPORTATEUR_ANON_134;NINEA_ANON_630;001-I
2529567;Importation;2021-02-25 10:26:14.857;EnCours;Mer;IMPORTATEUR_ANON_134;NINEA_ANON_630;
2656968;Importation;2021-12-09 15:21:52.340;EnCours;Mer;IMPORTATEUR_ANON_8414;NINEA_ANON_551;001-I
2478339;Importation;2020-11-03 11:09:48.947;EnCours;Mer;IMPORTATEUR_ANON_2623;NINEA_ANON_939;001-I
2588324;Importation;2021-07-05 10:38:19.773;EnCours;Mer;IMPORTATEUR_ANON_4344;NINEA_ANON_927;001-I
2409822;Importation;2020-05-26 15:00:21.223;EnCours;Mer;IMPORTATEUR_ANON_5864;NINEA_ANON_371;001-I
2566817;Importation;2021-05-19 12:20:35.167;EnCours;Mer;IMPORTATEUR_ANON_1857;NINEA_ANON_319;001-I
2496593;Importation;2020-12-10 17:16:43.310;Initialise;Mer;IMPORTATEUR_ANON_5134;NINEA_ANON_58;001-I
2474759;Importation;2020-10-23 17:20:08.330;EnCours;Mer;IMPORTATEUR_ANON_134;NINEA_ANON_630;001-I
2583345;Importation;2021-06-23 14:20:28.307;EnCours;Mer;IMPORTATEUR_ANON_5910;NINEA_ANON_413;001-I
2347064;Importation;2020-01-16 12:42:11.120;EnCours;Mer;IMPORTATEUR_ANON_2114;NINEA_ANON_58;001-I
2537893;Importation;2021-03-17 09:42:37.547;EnCours;Mer;IMPORTATEUR_ANON_7464;NINEA_ANON_545;001-I
2447752;Importation;2020-08-21 14:04:22.717;EnCours;Mer;IMPORTATEUR_ANON_3951;NINEA_ANON_125;001-I
2469273;Importation;2020-10-13 09:13:45.737;EnCours;Mer;IMPORTATEUR_ANON_7929;NINEA_ANON_740;001-I
2683658;Importation;2022-02-10 12:37:57.703;EnCours;Mer;IMPORTATEUR_ANON_347;NINEA_ANON_745;001-I
2360426;Importation;2020-02-11 11:45:16.083;EnCours;Mer;IMPORTATEUR_ANON_7959;NINEA_ANON_199;001-I
2633760;Importation;2021-10-21 11:41:59.613;EnCours;Mer;IMPORTATEUR_ANON_4304;NINEA_ANON_790;001-I
2442893;Importation;2020-08-11 12:29:28.830;EnCours;Mer;IMPORTATEUR_ANON_2623;NINEA_ANON_939;001-I
2487813;Importation;2020-11-23 10:44:05.817;EnCours;Mer;IMPORTATEUR_ANON_2308;NINEA_ANON_475;001-I
2631843;Importation;2021-10-15 12:31:07.273;EnCours;Mer;IMPORTATEUR_ANON_3606;NINEA_ANON_97;001-I
2596700;Importation;2021-07-26 15:13:30.107;EnCours;Mer;IMPORTATEUR_ANON_2308;NINEA_ANON_475;001-I
2648649;Importation;2021-11-23 08:48:34.490;EnCours;Mer;IMPORTATEUR_ANON_1161;NINEA_ANON_190;001-I
2345160;Importation;2020-01-14 08:37:40.267;EnCours;Mer;IMPORTATEUR_ANON_4424;NINEA_ANON_51;001-I
2470671;Importation;2020-10-15 09:57:04.107;Initialise;Mer;IMPORTATEUR_ANON_7959;NINEA_ANON_373;001-I
2349181;Importation;2020-01-21 10:49:59.450;EnCours;Mer;IMPORTATEUR_ANON_1619;NINEA_ANON_487;001-I
2652362;Importation;2021-11-30 12:41:35.367;EnCours;Mer;IMPORTATEUR_ANON_134;NINEA_ANON_630;001-I
2560100;Importation;2021-05-03 14:59:17.237;EnCours;Mer;IMPORTATEUR_ANON_6681;NINEA_ANON_809;001-I
2551668;Importation;2021-04-15 11:18:23.170;EnCours;Mer;IMPORTATEUR_ANON_7464;NINEA_ANON_545;001-I
2449289;Importation;2020-08-26 09:33:42.390;EnCours;Mer;IMPORTATEUR_ANON_4209;NINEA_ANON_188;001-I
2438641;Importation;2020-08-03 16:33:40.680;EnCours;Mer;IMPORTATEUR_ANON_17;NINEA_ANON_782;001-I
2386118;Importation;2020-03-31 10:58:02.673;EnCours;Mer;IMPORTATEUR_ANON_9322;NINEA_ANON_87;001-I
2404835;Importation;2020-05-12 11:01:19.513;EnCours;Mer;IMPORTATEUR_ANON_9857;NINEA_ANON_307;001-I
2670996;Importation;2022-01-13 08:37:13.447;EnCours;Mer;IMPORTATEUR_ANON_3287;NINEA_ANON_511;001-I
2384282;Importation;2020-03-26 10:30:35.900;EnCours;Mer;IMPORTATEUR_ANON_6813;NINEA_ANON_637;001-I
2559868;Importation;2021-05-03 11:55:49.667;EnCours;Mer;IMPORTATEUR_ANON_2142;NINEA_ANON_932;
2655406;Importation;2021-12-07 11:28:36.363;EnCours;Mer;IMPORTATEUR_ANON_9628;NINEA_ANON_405;001-I
2587750;Importation;2021-07-02 13:31:58.823;EnCours;Mer;IMPORTATEUR_ANON_5864;NINEA_ANON_371;001-I
2416682;Importation;2020-06-11 12:49:07.673;EnCours;Mer;IMPORTATEUR_ANON_921;NINEA_ANON_903;001-I
2631735;Importation;2021-10-15 11:12:11.450;EnCours;Mer;IMPORTATEUR_ANON_9550;NINEA_ANON_334;001-I
2489717;Importation;2020-11-26 08:52:07.477;EnCours;Mer;IMPORTATEUR_ANON_2623;NINEA_ANON_939;001-I
2415755;Importation;2020-06-10 09:09:19.917;EnCours;Mer;IMPORTATEUR_ANON_3438;NINEA_ANON_590;001-I
2505480;Importation;2021-01-05 09:57:04.217;EnCours;Mer;IMPORTATEUR_ANON_4424;NINEA_ANON_51;001-I
2552593;Importation;2021-04-16 13:55:31.247;Initialise;Mer;IMPORTATEUR_ANON_2277;NINEA_ANON_642;001-I
2652490;Importation;2021-11-30 15:23:54.197;EnCours;Mer;IMPORTATEUR_ANON_2308;NINEA_ANON_475;001-I
2566397;Importation;2021-05-18 16:52:01.727;Initialise;Mer;IMPORTATEUR_ANON_7640;NINEA_ANON_288;001-I
2691712;Importation;2022-02-23 17:23:18.487;EnCours;Mer;IMPORTATEUR_ANON_7359;NINEA_ANON_579;001-I
2596362;Importation;2021-07-26 10:56:36.203;EnCours;Mer;IMPORTATEUR_ANON_6983;NINEA_ANON_651;001-I
2440595;Importation;2020-08-07 11:42:53.077;Initialise;Mer;IMPORTATEUR_ANON_4478;NINEA_ANON_705;001-I
2421398;Importation;2020-06-23 10:31:16.463;EnCours;Mer;IMPORTATEUR_ANON_846;NINEA_ANON_625;001-I
2423296;Importation;2020-06-26 10:41:57.673;EnCours;Mer;IMPORTATEUR_ANON_9284;NINEA_ANON_956;001-I
2548823;Importation;2021-04-09 10:02:42.903;Initialise;Mer;IMPORTATEUR_ANON_4826;NINEA_ANON_729;001-I
2576778;Importation;2021-06-10 09:36:56.970;EnCours;Mer;IMPORTATEUR_ANON_134;NINEA_ANON_630;001-I
2478226;Importation;2020-11-03 10:02:38.510;EnCours;Mer;IMPORTATEUR_ANON_134;NINEA_ANON_630;001-I
2434244;Importation;2020-07-21 16:27:22.113;EnCours;Mer;IMPORTATEUR_ANON_5331;NINEA_ANON_481;001-I
2480128;Importation;2020-11-06 09:46:52.760;EnCours;Mer;IMPORTATEUR_ANON_9016;NINEA_ANON_724;001-I
2557607;Importation;2021-04-27 16:38:44.070;EnCours;Mer;IMPORTATEUR_ANON_7333;NINEA_ANON_396;001-I
2627436;Importation;2021-10-06 12:26:58.150;Initialise;Mer;IMPORTATEUR_ANON_8310;NINEA_ANON_903;001-I
2664998;Importation;2021-12-28 13:02:58.070;Initialise;Mer;IMPORTATEUR_ANON_2433;NINEA_ANON_485;001-I
2495192;Importation;2020-12-08 15:15:22.610;EnCours;Mer;IMPORTATEUR_ANON_2308;NINEA_ANON_475;001-I
2553907;Importation;2021-04-20 11:56:20.413;EnCours;Mer;IMPORTATEUR_ANON_2308;NINEA_ANON_475;001-I
2368759;Importation;2020-02-26 11:35:01.740;EnCours;Mer;IMPORTATEUR_ANON_6678;NINEA_ANON_463;001-I
2463225;Importation;2020-09-28 09:35:09.383;EnCours;Mer;IMPORTATEUR_ANON_8895;NINEA_ANON_393;001-I
2353421;Importation;2020-01-28 16:19:05.567;EnCours;Mer;IMPORTATEUR_ANON_4831;NINEA_ANON_347;001-I
2680443;Importation;2022-02-03 12:13:15.487;Initialise;Mer;IMPORTATEUR_ANON_9628;NINEA_ANON_405;001-I
2599148;Importation;2021-07-30 14:55:06.043;EnCours;Mer;IMPORTATEUR_ANON_9284;NINEA_ANON_956;001-I
2591795;Importation;2021-07-12 09:50:13.763;EnCours;Mer;IMPORTATEUR_ANON_134;NINEA_ANON_630;001-I
2537147;Importation;2021-03-16 09:25:31.767;EnCours;Mer;IMPORTATEUR_ANON_819;NINEA_ANON_349;001-I
2412142;Importation;2020-06-02 13:36:16.793;EnCours;Mer;IMPORTATEUR_ANON_2743;NINEA_ANON_722;001-I
2558920;Importation;2021-04-29 16:22:15.623;EnCours;Mer;IMPORTATEUR_ANON_1827;NINEA_ANON_956;001-I
2663301;Importation;2021-12-23 11:24:22.973;EnCours;Mer;IMPORTATEUR_ANON_134;NINEA_ANON_630;001-I
2519563;Importation;2021-02-03 11:06:14.913;EnCours;Mer;IMPORTATEUR_ANON_7249;NINEA_ANON_972;001-I
2681680;Importation;2022-02-08 12:04:54.047;Initialise;Mer;IMPORTATEUR_ANON_7738;NINEA_ANON_570;001-I
2383706;Importation;2020-03-25 10:35:20.843;EnCours;Mer;IMPORTATEUR_ANON_9284;NINEA_ANON_956;001-I
2519651;Importation;2021-02-03 12:38:03.547;EnCours;Mer;IMPORTATEUR_ANON_8713;NINEA_ANON_398;001-I
2647350;Importation;2021-11-19 11:23:08.237;EnCours;Mer;IMPORTATEUR_ANON_3863;NINEA_ANON_628;001-I
2419192;Importation;2020-06-17 11:41:56.913;EnCours;Mer;IMPORTATEUR_ANON_1539;NINEA_ANON_498;001-I
2690296;Importation;2022-02-22 10:35:07.157;Initialise;Mer;IMPORTATEUR_ANON_10;NINEA_ANON_842;001-I
2414170;Importation;2020-06-05 15:22:34.083;Initialise;Mer;IMPORTATEUR_ANON_3124;NINEA_ANON_705;001-I
2469606;Importation;2020-10-13 13:00:13.967;EnCours;Mer;IMPORTATEUR_ANON_7640;NINEA_ANON_288;001-I
2551444;Importation;2021-04-15 08:39:30.507;EnCours;Mer;IMPORTATEUR_ANON_872;NINEA_ANON_352;001-I
2599965;Importation;2021-08-02 16:24:55.903;EnCours;Mer;IMPORTATEUR_ANON_134;NINEA_ANON_630;001-I
2641985;Importation;2021-11-09 16:30:23.647;EnCours;Mer;IMPORTATEUR_ANON_9284;NINEA_ANON_956;001-I
2505242;Importation;2021-01-04 15:05:19.627;EnCours;Mer;IMPORTATEUR_ANON_134;NINEA_ANON_756;
2357580;Importation;2020-02-05 16:58:21.050;EnCours;Mer;IMPORTATEUR_ANON_8931;NINEA_ANON_543;001-I
2350646;Importation;2020-01-23 10:06:37.000;EnCours;Mer;IMPORTATEUR_ANON_7166;NINEA_ANON_390;001-I
2368243;Importation;2020-02-25 14:46:57.900;EnCours;Mer;IMPORTATEUR_ANON_428;NINEA_ANON_244;001-I
2513502;Importation;2021-01-21 12:09:22.930;EnCours;Mer;IMPORTATEUR_ANON_2308;NINEA_ANON_475;001-I
2375833;Importation;2020-03-10 11:24:35.553;EnCours;Mer;IMPORTATEUR_ANON_8011;NINEA_ANON_856;001-I
2510419;Importation;2021-01-15 10:46:44.143;EnCours;Mer;IMPORTATEUR_ANON_674;NINEA_ANON_723;
2593726;Importation;2021-07-15 11:06:20.730;EnCours;Mer;IMPORTATEUR_ANON_2506;NINEA_ANON_212;
2578691;Importation;2021-06-14 15:40:18.890;EnCours;Mer;IMPORTATEUR_ANON_9628;NINEA_ANON_405;001-I
2450855;Importation;2020-08-29 10:33:49.360;EnCours;Mer;IMPORTATEUR_ANON_134;NINEA_ANON_630;001-I
2625923;Importation;2021-10-04 10:31:27.313;EnCours;Mer;IMPORTATEUR_ANON_4060;NINEA_ANON_533;001-I
2619226;Importation;2021-09-16 12:22:40.630;EnCours;Mer;IMPORTATEUR_ANON_5864;NINEA_ANON_371;001-I
2431582;Importation;2020-07-15 12:04:29.030;EnCours;Mer;IMPORTATEUR_ANON_1923;NINEA_ANON_48;001-I
2417204;Importation;2020-06-12 12:07:19.867;EnCours;Mer;IMPORTATEUR_ANON_4428;NINEA_ANON_802;001-I
2391714;Importation;2020-04-15 08:24:01.340;EnCours;Mer;IMPORTATEUR_ANON_1124;NINEA_ANON_111;001-I
2674853;Importation;2022-01-21 09:19:47.447;Initialise;Mer;IMPORTATEUR_ANON_5844;NINEA_ANON_839;001-I
2596180;Importation;2021-07-25 18:33:52.710;EnCours;Mer;IMPORTATEUR_ANON_6371;NINEA_ANON_270;001-I
2380130;Importation;2020-03-17 16:57:20.000;EnCours;Mer;IMPORTATEUR_ANON_2506;NINEA_ANON_212;001-I
2640004;Importation;2021-11-04 14:32:31.313;EnCours;Mer;IMPORTATEUR_ANON_2002;NINEA_ANON_746;001-I
2355225;Importation;2020-01-31 12:16:08.803;EnCours;Mer;IMPORTATEUR_ANON_1096;NINEA_ANON_301;001-I
2390137;Importation;2020-04-09 15:01:37.717;EnCours;Mer;IMPORTATEUR_ANON_5804;NINEA_ANON_779;001-I
2681593;Importation;2022-02-08 11:30:32.357;EnCours;Mer;IMPORTATEUR_ANON_2623;NINEA_ANON_14;001-I
2598464;Importation;2021-07-29 12:36:49.683;EnCours;Mer;IMPORTATEUR_ANON_428;NINEA_ANON_244;001-I
2616808;Importation;2021-09-10 14:31:49.527;EnCours;Mer;IMPORTATEUR_ANON_9284;NINEA_ANON_956;001-I
2664700;Importation;2021-12-27 17:15:56.943;EnCours;Mer;IMPORTATEUR_ANON_1923;NINEA_ANON_48;001-I
2432709;Importation;2020-07-17 10:54:22.133;EnCours;Mer;IMPORTATEUR_ANON_1818;NINEA_ANON_980;001-I
2493176;Importation;2020-12-03 11:33:26.083;EnCours;Mer;IMPORTATEUR_ANON_6244;NINEA_ANON_255;
2621347;Importation;2021-09-21 16:08:37.613;EnCours;Mer;IMPORTATEUR_ANON_7464;NINEA_ANON_545;001-I
2586123;Importation;2021-06-29 16:56:09.137;Initialise;Mer;IMPORTATEUR_ANON_4744;NINEA_ANON_222;001-I
2667543;Importation;2022-01-04 14:50:31.877;EnCours;Mer;IMPORTATEUR_ANON_9284;NINEA_ANON_956;001-I
2567706;Importation;2021-05-20 16:40:51.843;EnCours;Mer;IMPORTATEUR_ANON_8958;NINEA_ANON_25;001-I
2672907;Importation;2022-01-18 09:07:14.430;EnCours;Mer;IMPORTATEUR_ANON_2308;NINEA_ANON_475;001-I
2423477;Importation;2020-06-26 12:26:36.067;EnCours;Mer;IMPORTATEUR_ANON_9537;NINEA_ANON_790;001-I
2689914;Importation;2022-02-21 15:16:24.727;EnCours;Mer;IMPORTATEUR_ANON_9284;NINEA_ANON_956;001-I
2448921;Importation;2020-08-25 12:52:17.193;EnCours;Mer;IMPORTATEUR_ANON_134;NINEA_ANON_630;001-I
2625244;Importation;2021-10-01 06:36:34.240;EnCours;Mer;IMPORTATEUR_ANON_7514;NINEA_ANON_521;001-I
2589812;Importation;2021-07-07 11:03:32.270;EnCours;Mer;IMPORTATEUR_ANON_134;NINEA_ANON_630;001-I
2492165;Importation;2020-12-01 15:02:53.623;EnCours;Mer;IMPORTATEUR_ANON_5910;NINEA_ANON_366;001-I
2645691;Importation;2021-11-17 09:35:51.043;EnCours;Mer;IMPORTATEUR_ANON_3660;NINEA_ANON_647;001-I
2379746;Importation;2020-03-17 11:48:04.443;EnCours;Mer;IMPORTATEUR_ANON_3863;NINEA_ANON_628;001-I
2485851;Importation;2020-11-18 08:55:29.397;EnCours;Mer;IMPORTATEUR_ANON_2623;NINEA_ANON_939;001-I
2502399;Importation;2020-12-24 10:05:04.253;EnCours;Mer;IMPORTATEUR_ANON_2623;NINEA_ANON_939;001-I
2490386;Importation;2020-11-27 09:50:36.383;EnCours;Mer;IMPORTATEUR_ANON_5804;NINEA_ANON_779;001-I
2479059;Importation;2020-11-04 12:37:03.870;EnCours;Mer;IMPORTATEUR_ANON_134;NINEA_ANON_630;001-I
2578943;Importation;2021-06-15 09:54:49.843;EnCours;Mer;IMPORTATEUR_ANON_5409;NINEA_ANON_85;001-I
2355315;Importation;2020-01-31 15:02:46.820;EnCours;Mer;IMPORTATEUR_ANON_134;NINEA_ANON_630;001-I
2503740;Importation;2020-12-29 13:26:47.657;EnCours;Mer;IMPORTATEUR_ANON_1096;NINEA_ANON_301;001-I
2582980;Importation;2021-06-23 09:16:26.940;EnCours;Mer;IMPORTATEUR_ANON_3784;NINEA_ANON_511;001-I
2676467;Importation;2022-01-25 15:35:11.030;EnCours;Mer;IMPORTATEUR_ANON_8011;NINEA_ANON_7;001-I
2591325;Importation;2021-07-09 12:23:50.627;EnCours;Mer;IMPORTATEUR_ANON_7333;NINEA_ANON_810;001-I
2612904;Importation;2021-09-02 13:23:00.560;EnCours;Mer;IMPORTATEUR_ANON_219;NINEA_ANON_880;001-I
2653655;Importation;2021-12-02 13:30:50.373;Initialise;Mer;IMPORTATEUR_ANON_3863;NINEA_ANON_628;001-I
2608027;Importation;2021-08-23 12:35:49.907;EnCours;Mer;IMPORTATEUR_ANON_3660;NINEA_ANON_379;001-I
2680030;Importation;2022-02-02 14:52:10.660;EnCours;Mer;IMPORTATEUR_ANON_4695;NINEA_ANON_514;001-I
2644509;Importation;2021-11-15 12:39:44.887;Initialise;Mer;IMPORTATEUR_ANON_1426;NINEA_ANON_616;001-I
2392532;Importation;2020-04-16 09:50:32.137;EnCours;Mer;IMPORTATEUR_ANON_2534;NINEA_ANON_361;001-I
2582148;Importation;2021-06-21 16:48:38.270;EnCours;Mer;IMPORTATEUR_ANON_1818;NINEA_ANON_980;001-I
2571042;Importation;2021-05-28 12:18:36.490;EnCours;Mer;IMPORTATEUR_ANON_5864;NINEA_ANON_371;001-I
2644999;Importation;2021-11-16 09:43:41.547;EnCours;Mer;IMPORTATEUR_ANON_1827;NINEA_ANON_956;001-I
2398513;Importation;2020-04-30 09:57:01.703;EnCours;Mer;IMPORTATEUR_ANON_1914;NINEA_ANON_93;001-I
2637120;Importation;2021-10-28 11:42:51.623;EnCours;Mer;IMPORTATEUR_ANON_8011;NINEA_ANON_7;001-I
2452813;Importation;2020-09-03 10:41:43.190;EnCours;Mer;IMPORTATEUR_ANON_4356;NINEA_ANON_51;001-I
2623307;Importation;2021-09-28 08:35:29.877;EnCours;Mer;IMPORTATEUR_ANON_3863;NINEA_ANON_628;001-I
2436582;Importation;2020-07-27 16:01:44.060;EnCours;Mer;IMPORTATEUR_ANON_2308;NINEA_ANON_475;001-I
2477671;Importation;2020-11-02 11:53:41.300;EnCours;Mer;IMPORTATEUR_ANON_7464;NINEA_ANON_545;001-I
2485849;Importation;2020-11-18 08:52:50.073;EnCours;Mer;IMPORTATEUR_ANON_3177;NINEA_ANON_513;001-I
2573564;Importation;2021-06-03 09:17:59.743;EnCours;Mer;IMPORTATEUR_ANON_5864;NINEA_ANON_371;001-I
2693557;Importation;2022-02-28 12:20:32.227;EnCours;Mer;IMPORTATEUR_ANON_6639;NINEA_ANON_586;001-I
2493398;Importation;2020-12-03 15:14:44.120;EnCours;Mer;IMPORTATEUR_ANON_133;NINEA_ANON_473;001-I
2383252;Importation;2020-03-24 13:15:53.103;Initialise;Mer;IMPORTATEUR_ANON_9778;NINEA_ANON_876;001-I
2397011;Importation;2020-04-27 13:40:14.403;EnCours;Mer;IMPORTATEUR_ANON_134;NINEA_ANON_630;001-I
2461663;Importation;2020-09-23 12:12:17.713;EnCours;Mer;IMPORTATEUR_ANON_134;NINEA_ANON_630;001-I
2629255;Importation;2021-10-11 13:02:03.127;EnCours;Mer;IMPORTATEUR_ANON_3863;NINEA_ANON_628;001-I
2599909;Importation;2021-08-02 15:39:53.973;EnCours;Mer;IMPORTATEUR_ANON_9628;NINEA_ANON_405;001-I
2528484;Importation;2021-02-23 12:04:33.613;EnCours;Mer;IMPORTATEUR_ANON_4744;NINEA_ANON_747;001-I
2602493;Importation;2021-08-09 10:01:12.697;EnCours;Mer;IMPORTATEUR_ANON_9628;NINEA_ANON_405;001-I
2475443;Importation;2020-10-26 15:50:09.900;EnCours;Mer;IMPORTATEUR_ANON_7464;NINEA_ANON_545;001-I
2543118;Importation;2021-03-26 13:18:41.423;EnCours;Mer;IMPORTATEUR_ANON_1818;NINEA_ANON_980;001-I
2455670;Importation;2020-09-09 15:17:42.513;EnCours;Mer;IMPORTATEUR_ANON_819;NINEA_ANON_349;001-I
2632895;Importation;2021-10-20 11:09:17.647;EnCours;Mer;IMPORTATEUR_ANON_1133;NINEA_ANON_122;001-I
2562468;Importation;2021-05-07 12:34:43.780;Initialise;Mer;IMPORTATEUR_ANON_3660;NINEA_ANON_379;001-I
2343139;Importation;2020-01-09 12:43:11.207;EnCours;Mer;IMPORTATEUR_ANON_9284;NINEA_ANON_956;001-I
2527402;Importation;2021-02-20 10:55:41.037;Initialise;Mer;IMPORTATEUR_ANON_7464;NINEA_ANON_545;001-I
2585609;Importation;2021-06-29 09:51:31.737;EnCours;Mer;IMPORTATEUR_ANON_7279;NINEA_ANON_32;001-I
2473457;Importation;2020-10-21 13:20:49.953;EnCours;Mer;IMPORTATEUR_ANON_5227;NINEA_ANON_345;001-I
2457748;Importation;2020-09-15 09:17:51.450;EnCours;Mer;IMPORTATEUR_ANON_8895;NINEA_ANON_393;001-I
2510962;Importation;2021-01-18 09:33:54.793;EnCours;Mer;IMPORTATEUR_ANON_3863;NINEA_ANON_628;001-I
2673216;Importation;2022-01-18 12:25:22.623;EnCours;Mer;IMPORTATEUR_ANON_9628;NINEA_ANON_405;001-I
2611963;Importation;2021-08-31 16:27:31.493;EnCours;Mer;IMPORTATEUR_ANON_4663;NINEA_ANON_805;001-I
2625506;Importation;2021-10-01 12:33:59.217;EnCours;Mer;IMPORTATEUR_ANON_1777;NINEA_ANON_326;001-I
2442661;Importation;2020-08-11 09:38:51.113;EnCours;Mer;IMPORTATEUR_ANON_569;NINEA_ANON_299;001-I
2376227;Importation;2020-03-10 15:43:02.783;EnCours;Mer;IMPORTATEUR_ANON_2747;NINEA_ANON_365;001-I
2541685;Importation;2021-03-24 11:26:44.993;EnCours;Mer;IMPORTATEUR_ANON_4424;NINEA_ANON_51;001-I
2615866;Importation;2021-09-09 10:56:10.833;EnCours;Mer;IMPORTATEUR_ANON_7464;NINEA_ANON_545;001-I
2498205;Importation;2020-12-15 12:07:18.930;EnCours;Mer;IMPORTATEUR_ANON_2308;NINEA_ANON_475;001-I
2463970;Importation;2020-09-29 10:05:10.627;EnCours;Mer;IMPORTATEUR_ANON_4695;NINEA_ANON_514;001-I
2538785;Importation;2021-03-18 11:12:30.257;EnCours;Mer;IMPORTATEUR_ANON_1653;NINEA_ANON_870;001-I
2422530;Importation;2020-06-24 18:06:54.147;EnCours;Mer;IMPORTATEUR_ANON_7569;NINEA_ANON_834;001-I
2557361;Importation;2021-04-27 12:53:11.347;EnCours;Mer;IMPORTATEUR_ANON_9695;NINEA_ANON_182;001-I
2614727;Importation;2021-09-07 12:21:25.397;EnCours;Mer;IMPORTATEUR_ANON_7464;NINEA_ANON_545;001-I
2357297;Importation;2020-02-05 12:16:04.010;EnCours;Mer;IMPORTATEUR_ANON_134;NINEA_ANON_630;001-I
2603840;Importation;2021-08-11 10:45:04.593;EnCours;Mer;IMPORTATEUR_ANON_4426;NINEA_ANON_68;001-I
2449284;Importation;2020-08-26 09:27:37.533;EnCours;Mer;IMPORTATEUR_ANON_9284;NINEA_ANON_956;001-I
2469295;Importation;2020-10-13 09:38:24.267;EnCours;Mer;IMPORTATEUR_ANON_1380;NINEA_ANON_312;001-I
2410718;Importation;2020-05-28 10:32:04.553;EnCours;Mer;IMPORTATEUR_ANON_134;NINEA_ANON_630;001-I
2548201;Importation;2021-04-08 10:10:26.750;EnCours;Mer;IMPORTATEUR_ANON_967;NINEA_ANON_338;
2383144;Importation;2020-03-24 12:02:36.387;EnCours;Mer;IMPORTATEUR_ANON_1914;NINEA_ANON_93;001-I
2526874;Importation;2021-02-19 09:50:13.317;Initialise;Mer;IMPORTATEUR_ANON_7640;NINEA_ANON_288;001-I
2408491;Importation;2020-05-20 14:08:29.753;EnCours;Mer;IMPORTATEUR_ANON_134;NINEA_ANON_630;001-I
2366984;Importation;2020-02-24 09:43:50.053;EnCours;Mer;IMPORTATEUR_ANON_9284;NINEA_ANON_956;001-I
2458046;Importation;2020-09-15 12:52:46.510;EnCours;Mer;IMPORTATEUR_ANON_2506;NINEA_ANON_212;001-I
2364348;Importation;2020-02-18 12:42:58.380;Initialise;Mer;IMPORTATEUR_ANON_5791;NINEA_ANON_4;001-I
2397975;Importation;2020-04-29 09:56:35.237;EnCours;Mer;IMPORTATEUR_ANON_8532;NINEA_ANON_461;001-I
2420075;Importation;2020-06-19 08:36:17.913;EnCours;Mer;IMPORTATEUR_ANON_5409;NINEA_ANON_85;001-I
2673710;Importation;2022-01-19 10:39:56.787;EnCours;Mer;IMPORTATEUR_ANON_2623;NINEA_ANON_14;001-I
2452886;Importation;2020-09-03 11:25:46.633;EnCours;Mer;IMPORTATEUR_ANON_9354;NINEA_ANON_779;001-I
2497781;Importation;2020-12-14 16:15:47.980;EnCours;Mer;IMPORTATEUR_ANON_2615;NINEA_ANON_535;001-I
2516784;Importation;2021-01-28 10:05:45.697;EnCours;Mer;IMPORTATEUR_ANON_3438;NINEA_ANON_590;
2583324;Importation;2021-06-23 13:48:02.450;EnCours;Mer;IMPORTATEUR_ANON_1124;NINEA_ANON_111;001-I
2508120;Importation;2021-01-11 15:44:14.000;EnCours;Mer;IMPORTATEUR_ANON_2261;NINEA_ANON_688;001-I
2444331;Importation;2020-08-13 16:06:24.843;EnCours;Mer;IMPORTATEUR_ANON_134;NINEA_ANON_630;001-I
2576128;Importation;2021-06-09 08:02:20.380;EnCours;Mer;IMPORTATEUR_ANON_3232;NINEA_ANON_89;001-I
2673722;Importation;2022-01-19 10:48:43.813;EnCours;Mer;IMPORTATEUR_ANON_9284;NINEA_ANON_956;001-I
2453320;Importation;2020-09-04 09:00:32.820;EnCours;Mer;IMPORTATEUR_ANON_9564;NINEA_ANON_214;001-I
2438070;Importation;2020-07-30 12:40:25.163;EnCours;Mer;IMPORTATEUR_ANON_8795;NINEA_ANON_16;001-I
2603087;Importation;2021-08-10 09:27:45.350;EnCours;Mer;IMPORTATEUR_ANON_6466;NINEA_ANON_70;
2419152;Importation;2020-06-17 11:22:34.173;EnCours;Mer;IMPORTATEUR_ANON_9354;NINEA_ANON_779;001-I
2584397;Importation;2021-06-25 11:51:50.653;EnCours;Mer;IMPORTATEUR_ANON_4478;NINEA_ANON_105;001-I
2369189;Importation;2020-02-26 16:39:00.260;EnCours;Mer;IMPORTATEUR_ANON_8705;NINEA_ANON_151;001-I
2554676;Importation;2021-04-21 13:02:10.543;EnCours;Mer;IMPORTATEUR_ANON_2308;NINEA_ANON_475;001-I
2523390;Importation;2021-02-11 13:22:04.660;EnCours;Mer;IMPORTATEUR_ANON_8011;NINEA_ANON_856;001-I
2520268;Importation;2021-02-04 12:20:50.380;EnCours;Mer;IMPORTATEUR_ANON_7464;NINEA_ANON_545;001-I
2486785;Importation;2020-11-19 14:05:19.497;EnCours;Mer;IMPORTATEUR_ANON_1150;NINEA_ANON_246;001-I
2434821;Importation;2020-07-22 15:44:09.767;EnCours;Mer;IMPORTATEUR_ANON_4475;NINEA_ANON_694;001-I
2510763;Importation;2021-01-15 16:12:46.237;EnCours;Mer;IMPORTATEUR_ANON_9564;NINEA_ANON_214;001-I
2415366;Importation;2020-06-09 11:53:33.700;EnCours;Mer;IMPORTATEUR_ANON_2308;NINEA_ANON_475;001-I
2523792;Importation;2021-02-12 10:51:53.327;EnCours;Mer;IMPORTATEUR_ANON_7464;NINEA_ANON_545;001-I
2373420;Importation;2020-03-05 10:05:09.930;EnCours;Mer;IMPORTATEUR_ANON_527;NINEA_ANON_785;001-I
2452061;Importation;2020-09-01 16:40:05.653;EnCours;Mer;IMPORTATEUR_ANON_3428;NINEA_ANON_29;001-I
2530537;Importation;2021-02-26 16:13:32.333;EnCours;Mer;IMPORTATEUR_ANON_4426;NINEA_ANON_93;001-I
2482007;Importation;2020-11-09 12:51:12.620;EnCours;Mer;IMPORTATEUR_ANON_219;NINEA_ANON_697;001-I
2493140;Importation;2020-12-03 11:13:13.670;EnCours;Mer;IMPORTATEUR_ANON_7464;NINEA_ANON_545;001-I
2356126;Importation;2020-02-03 17:15:41.150;EnCours;Mer;IMPORTATEUR_ANON_7333;NINEA_ANON_231;001-I
2558709;Importation;2021-04-29 12:47:31.763;EnCours;Mer;IMPORTATEUR_ANON_1026;NINEA_ANON_774;001-I
2538887;Importation;2021-03-18 12:08:26.310;Initialise;Mer;IMPORTATEUR_ANON_4060;NINEA_ANON_533;001-I
2595770;Importation;2021-07-22 23:39:21.813;EnCours;Mer;IMPORTATEUR_ANON_9284;NINEA_ANON_956;001-I
2493035;Importation;2020-12-03 10:09:12.457;EnCours;Mer;IMPORTATEUR_ANON_3660;NINEA_ANON_379;001-I
2680180;Importation;2022-02-02 18:08:14.837;EnCours;Mer;IMPORTATEUR_ANON_9284;NINEA_ANON_956;001-I
2615853;Importation;2021-09-09 10:45:27.533;EnCours;Mer;IMPORTATEUR_ANON_7464;NINEA_ANON_545;001-I
2539673;Importation;2021-03-19 13:24:55.680;EnCours;Mer;IMPORTATEUR_ANON_4903;NINEA_ANON_37;001-I
2453418;Importation;2020-09-04 10:38:03.467;EnCours;Mer;IMPORTATEUR_ANON_9284;NINEA_ANON_956;001-I
2683502;Importation;2022-02-10 11:06:25.070;EnCours;Mer;IMPORTATEUR_ANON_2308;NINEA_ANON_475;001-I
2512108;Importation;2021-01-19 11:33:24.860;EnCours;Mer;IMPORTATEUR_ANON_9284;NINEA_ANON_956;001-I
2540250;Importation;2021-03-22 11:26:26.357;Initialise;Mer;IMPORTATEUR_ANON_4426;NINEA_ANON_93;001-I
2397376;Importation;2020-04-28 10:24:08.580;EnCours;Mer;IMPORTATEUR_ANON_8011;NINEA_ANON_856;001-I
2675390;Importation;2022-01-24 09:58:17.643;Initialise;Mer;IMPORTATEUR_ANON_9942;NINEA_ANON_641;001-I
2621870;Importation;2021-09-22 13:47:03.757;EnCours;Mer;IMPORTATEUR_ANON_6705;NINEA_ANON_239;001-I
2460798;Importation;2020-09-22 10:12:27.603;EnCours;Mer;IMPORTATEUR_ANON_2623;NINEA_ANON_939;001-I
2438631;Importation;2020-08-03 16:19:32.517;EnCours;Mer;IMPORTATEUR_ANON_134;NINEA_ANON_630;001-I
2521193;Importation;2021-02-08 09:38:11.910;EnCours;Mer;IMPORTATEUR_ANON_3407;NINEA_ANON_902;001-I
2663251;Importation;2021-12-23 10:54:19.070;EnCours;Mer;IMPORTATEUR_ANON_1088;NINEA_ANON_280;001-I
2529623;Importation;2021-02-25 10:58:15.713;EnCours;Mer;IMPORTATEUR_ANON_4663;NINEA_ANON_805;001-I
2443502;Importation;2020-08-12 12:01:15.787;EnCours;Mer;IMPORTATEUR_ANON_6861;NINEA_ANON_291;001-I
2622018;Importation;2021-09-22 16:40:21.500;EnCours;Mer;IMPORTATEUR_ANON_134;NINEA_ANON_630;001-I
2381985;Importation;2020-03-20 14:32:56.437;EnCours;Mer;IMPORTATEUR_ANON_652;NINEA_ANON_856;001-I
2616670;Importation;2021-09-10 11:49:58.237;EnCours;Mer;IMPORTATEUR_ANON_7464;NINEA_ANON_545;001-I
2448020;Importation;2020-08-24 09:18:19.097;EnCours;Mer;IMPORTATEUR_ANON_1133;NINEA_ANON_122;001-I
2639908;Importation;2021-11-04 13:01:03.917;EnCours;Mer;IMPORTATEUR_ANON_9564;NINEA_ANON_214;001-I
2398022;Importation;2020-04-29 10:44:25.030;EnCours;Mer;IMPORTATEUR_ANON_5369;NINEA_ANON_415;001-I
2358574;Importation;2020-02-07 10:17:47.090;EnCours;Mer;IMPORTATEUR_ANON_134;NINEA_ANON_630;001-I
2597593;Importation;2021-07-28 08:53:26.613;EnCours;Mer;IMPORTATEUR_ANON_1793;NINEA_ANON_614;001-I
2616466;Importation;2021-09-10 08:53:51.800;Initialise;Mer;IMPORTATEUR_ANON_7464;NINEA_ANON_545;001-I
2564530;Importation;2021-05-12 12:55:07.827;EnCours;Mer;IMPORTATEUR_ANON_819;NINEA_ANON_349;001-I
2371647;Importation;2020-03-02 16:20:59.107;EnCours;Mer;IMPORTATEUR_ANON_1827;NINEA_ANON_956;001-I
2691106;Importation;2022-02-23 10:22:15.520;EnCours;Mer;IMPORTATEUR_ANON_4424;NINEA_ANON_51;001-I
2351884;Importation;2020-01-25 08:59:38.367;EnCours;Mer;IMPORTATEUR_ANON_134;NINEA_ANON_630;001-I
2472851;Importation;2020-10-20 14:24:02.590;EnCours;Mer;IMPORTATEUR_ANON_2308;NINEA_ANON_475;001-I
2408618;Importation;2020-05-20 17:02:08.600;EnCours;Mer;IMPORTATEUR_ANON_4573;NINEA_ANON_903;001-I
2415254;Exportation;2020-06-09 10:31:13.893;Initialise;Mer;IMPORTATEUR_ANON_2749;NINEA_ANON_300;001-E
2532025;Importation;2021-03-03 11:14:27.267;EnCours;Mer;IMPORTATEUR_ANON_428;NINEA_ANON_244;001-I
2375733;Importation;2020-03-10 10:38:42.477;EnCours;Mer;IMPORTATEUR_ANON_482;NINEA_ANON_467;001-I
2501311;Importation;2020-12-22 11:23:56.520;EnCours;Mer;IMPORTATEUR_ANON_9284;NINEA_ANON_956;001-I
2454220;Importation;2020-09-07 13:13:07.847;EnCours;Mer;IMPORTATEUR_ANON_5530;NINEA_ANON_279;001-I
2450053;Importation;2020-08-27 12:38:58.630;EnCours;Mer;IMPORTATEUR_ANON_9284;NINEA_ANON_956;001-I
2458901;Importation;2020-09-16 16:56:50.197;EnCours;Mer;IMPORTATEUR_ANON_2142;NINEA_ANON_932;001-I
2458285;Importation;2020-09-15 16:44:13.527;EnCours;Mer;IMPORTATEUR_ANON_9284;NINEA_ANON_956;001-I
2484714;Importation;2020-11-16 10:05:27.750;EnCours;Mer;IMPORTATEUR_ANON_5971;NINEA_ANON_4;001-I
2385344;Importation;2020-03-30 09:12:09.040;EnCours;Mer;IMPORTATEUR_ANON_134;NINEA_ANON_630;001-I
2454017;Importation;2020-09-07 10:37:51.733;EnCours;Mer;IMPORTATEUR_ANON_1914;NINEA_ANON_93;001-I
2584401;Importation;2021-06-25 11:52:48.203;EnCours;Mer;IMPORTATEUR_ANON_4478;NINEA_ANON_105;001-I
2572230;Importation;2021-06-01 09:51:12.963;EnCours;Mer;IMPORTATEUR_ANON_1818;NINEA_ANON_980;001-I
2643439;Importation;2021-11-11 16:14:14.123;EnCours;Mer;IMPORTATEUR_ANON_5864;NINEA_ANON_371;001-I
2550993;Importation;2021-04-14 11:05:58.670;EnCours;Mer;IMPORTATEUR_ANON_134;NINEA_ANON_630;001-I
2416867;Importation;2020-06-11 16:14:11.877;EnCours;Mer;IMPORTATEUR_ANON_2261;NINEA_ANON_688;001-I
2665462;Importation;2021-12-29 11:24:54.000;EnCours;Mer;IMPORTATEUR_ANON_9284;NINEA_ANON_956;001-I
2676287;Importation;2022-01-25 12:30:58.837;EnCours;Mer;IMPORTATEUR_ANON_9628;NINEA_ANON_405;001-I
2389702;Importation;2020-04-09 08:30:24.117;EnCours;Mer;IMPORTATEUR_ANON_5409;NINEA_ANON_85;001-I
2407559;Importation;2020-05-18 16:18:28.500;EnCours;Mer;IMPORTATEUR_ANON_7166;NINEA_ANON_390;001-I
2528390;Importation;2021-02-23 10:57:26.643;EnCours;Mer;IMPORTATEUR_ANON_819;NINEA_ANON_349;001-I
2426565;Importation;2020-07-03 12:54:02.367;EnCours;Mer;IMPORTATEUR_ANON_9284;NINEA_ANON_956;001-I
2351220;Importation;2020-01-23 22:33:00.030;EnCours;Mer;IMPORTATEUR_ANON_599;NINEA_ANON_916;001-I
2465091;Importation;2020-10-01 08:33:57.580;EnCours;Mer;IMPORTATEUR_ANON_134;NINEA_ANON_630;001-I
2410612;Importation;2020-05-28 08:48:24.353;EnCours;Mer;IMPORTATEUR_ANON_7056;NINEA_ANON_4;001-I
2571446;Importation;2021-05-31 09:28:38.230;EnCours;Mer;IMPORTATEUR_ANON_819;NINEA_ANON_349;001-I
2462778;Importation;2020-09-25 11:47:08.520;EnCours;Mer;IMPORTATEUR_ANON_2002;NINEA_ANON_416;001-I
2421170;Importation;2020-06-22 16:11:48.037;EnCours;Mer;IMPORTATEUR_ANON_4478;NINEA_ANON_705;001-I
2557656;Importation;2021-04-28 08:13:59.230;EnCours;Mer;IMPORTATEUR_ANON_7579;NINEA_ANON_964;
2471848;Importation;2020-10-19 10:42:04.873;EnCours;Mer;IMPORTATEUR_ANON_134;NINEA_ANON_630;001-I
2536215;Importation;2021-03-12 17:21:55.643;EnCours;Mer;IMPORTATEUR_ANON_819;NINEA_ANON_349;001-I
2650678;Importation;2021-11-26 11:06:07.377;Initialise;Mer;IMPORTATEUR_ANON_872;NINEA_ANON_352;001-I
2668690;Importation;2022-01-07 09:24:59.110;EnCours;Mer;IMPORTATEUR_ANON_9628;NINEA_ANON_405;001-I
2472210;Importation;2020-10-19 15:33:33.160;EnCours;Mer;IMPORTATEUR_ANON_9284;NINEA_ANON_956;001-I
2591506;Importation;2021-07-09 15:29:36.363;EnCours;Mer;IMPORTATEUR_ANON_4507;NINEA_ANON_900;
2567664;Importation;2021-05-20 16:01:49.363;EnCours;Mer;IMPORTATEUR_ANON_9695;NINEA_ANON_182;001-I
2617630;Transit;2021-09-13 16:18:06.670;Initialise;Mer;IMPORTATEUR_ANON_4744;NINEA_ANON_222;001-E
2340152;Importation;2020-01-03 11:31:13.993;EnCours;Mer;IMPORTATEUR_ANON_5804;NINEA_ANON_779;001-I
2638211;Importation;2021-10-30 12:37:59.697;EnCours;Mer;IMPORTATEUR_ANON_5804;NINEA_ANON_779;001-I
2598270;Importation;2021-07-29 10:29:07.693;EnCours;Mer;IMPORTATEUR_ANON_7127;NINEA_ANON_937;
2603568;Importation;2021-08-10 15:45:22.753;EnCours;Mer;IMPORTATEUR_ANON_9628;NINEA_ANON_405;001-I
2554722;Importation;2021-04-21 13:29:31.517;EnCours;Mer;IMPORTATEUR_ANON_3064;NINEA_ANON_647;001-I
2654931;Importation;2021-12-06 15:04:03.283;EnCours;Mer;IMPORTATEUR_ANON_4744;NINEA_ANON_222;001-I
2474828;Importation;2020-10-24 12:39:59.323;EnCours;Mer;IMPORTATEUR_ANON_134;NINEA_ANON_630;001-I
2399551;Importation;2020-05-04 13:42:02.450;EnCours;Mer;IMPORTATEUR_ANON_9284;NINEA_ANON_956;001-I
2512859;Importation;2021-01-20 11:57:58.213;EnCours;Mer;IMPORTATEUR_ANON_6319;NINEA_ANON_361;001-I
2471388;Importation;2020-10-16 12:26:58.313;Initialise;Mer;IMPORTATEUR_ANON_134;NINEA_ANON_630;001-I
2652022;Importation;2021-11-30 08:33:36.890;EnCours;Mer;IMPORTATEUR_ANON_3951;NINEA_ANON_125;001-I
2490505;Importation;2020-11-27 11:22:50.867;EnCours;Mer;IMPORTATEUR_ANON_9057;NINEA_ANON_121;001-I
2407735;Importation;2020-05-19 10:29:19.900;Initialise;Mer;IMPORTATEUR_ANON_2623;NINEA_ANON_939;001-I
2404509;Importation;2020-05-11 14:23:28.480;EnCours;Mer;IMPORTATEUR_ANON_7806;NINEA_ANON_786;001-I
2508021;Importation;2021-01-11 14:24:32.940;EnCours;Mer;IMPORTATEUR_ANON_2596;NINEA_ANON_278;001-I
2455872;Importation;2020-09-09 20:39:57.520;EnCours;Mer;IMPORTATEUR_ANON_1923;NINEA_ANON_48;001-I
2533832;Importation;2021-03-09 13:11:29.660;EnCours;Mer;IMPORTATEUR_ANON_8011;NINEA_ANON_856;001-I
2623453;Importation;2021-09-28 10:47:08.800;EnCours;Mer;IMPORTATEUR_ANON_134;NINEA_ANON_630;001-I
2555908;Importation;2021-04-23 13:15:49.173;EnCours;Mer;IMPORTATEUR_ANON_3332;NINEA_ANON_846;
2402671;Importation;2020-05-06 15:18:28.920;EnCours;Mer;IMPORTATEUR_ANON_6187;NINEA_ANON_791;001-I
2399349;Importation;2020-05-04 11:32:15.983;EnCours;Mer;IMPORTATEUR_ANON_9284;NINEA_ANON_956;001-I
2629104;Importation;2021-10-11 11:39:42.333;EnCours;Mer;IMPORTATEUR_ANON_5864;NINEA_ANON_371;001-I
2603022;Importation;2021-08-09 18:06:03.313;EnCours;Mer;IMPORTATEUR_ANON_7528;NINEA_ANON_447;001-I
2658942;Importation;2021-12-14 15:08:23.070;EnCours;Mer;IMPORTATEUR_ANON_4695;NINEA_ANON_514;001-I
2586344;Importation;2021-06-30 10:53:40.427;EnCours;Mer;IMPORTATEUR_ANON_819;NINEA_ANON_349;001-I
2522988;Importation;2021-02-10 16:03:17.547;EnCours;Mer;IMPORTATEUR_ANON_134;NINEA_ANON_630;
2625914;Importation;2021-10-04 10:25:52.520;EnCours;Mer;IMPORTATEUR_ANON_638;NINEA_ANON_384;001-I
2386665;Importation;2020-04-01 11:09:51.077;EnCours;Mer;IMPORTATEUR_ANON_5822;NINEA_ANON_498;001-I
2692011;Importation;2022-02-24 11:22:59.730;EnCours;Mer;IMPORTATEUR_ANON_3951;NINEA_ANON_125;001-I
2461270;Importation;2020-09-22 16:13:35.673;EnCours;Mer;IMPORTATEUR_ANON_5804;NINEA_ANON_779;001-I
2366420;Importation;2020-02-21 11:13:46.310;Initialise;Mer;IMPORTATEUR_ANON_5985;NINEA_ANON_313;001-I
2619397;Importation;2021-09-16 15:33:04.233;EnCours;Mer;IMPORTATEUR_ANON_9303;NINEA_ANON_791;001-I
2626754;Importation;2021-10-05 12:06:12.170;EnCours;Mer;IMPORTATEUR_ANON_2816;NINEA_ANON_283;001-I
2567478;Importation;2021-05-20 13:07:41.860;Initialise;Mer;IMPORTATEUR_ANON_3213;NINEA_ANON_35;001-I
2356772;Importation;2020-02-04 16:08:59.977;EnCours;Mer;IMPORTATEUR_ANON_7248;NINEA_ANON_430;001-I
2562834;Importation;2021-05-10 08:59:50.977;EnCours;Mer;IMPORTATEUR_ANON_2623;NINEA_ANON_14;001-I
2403803;Importation;2020-05-08 14:07:18.000;EnCours;Mer;IMPORTATEUR_ANON_8729;NINEA_ANON_188;001-I
2614916;Importation;2021-09-07 15:48:25.820;EnCours;Mer;IMPORTATEUR_ANON_4793;NINEA_ANON_592;001-I
2534815;Importation;2021-03-10 16:03:01.407;EnCours;Mer;IMPORTATEUR_ANON_7057;NINEA_ANON_633;001-I
2669129;Importation;2022-01-10 08:04:54.870;EnCours;Mer;IMPORTATEUR_ANON_6857;NINEA_ANON_43;001-I
2458151;Importation;2020-09-15 15:01:07.607;EnCours;Mer;IMPORTATEUR_ANON_2528;NINEA_ANON_944;001-I
2496877;Importation;2020-12-11 12:12:15.323;EnCours;Mer;IMPORTATEUR_ANON_7534;NINEA_ANON_470;001-I
2521769;Importation;2021-02-08 16:32:21.753;EnCours;Mer;IMPORTATEUR_ANON_6681;NINEA_ANON_809;001-I
2647733;Importation;2021-11-19 16:48:26.907;EnCours;Mer;IMPORTATEUR_ANON_134;NINEA_ANON_630;001-I
2527107;Importation;2021-02-19 12:33:22.137;EnCours;Mer;IMPORTATEUR_ANON_134;NINEA_ANON_630;
2544080;Importation;2021-03-29 16:54:59.573;EnCours;Mer;IMPORTATEUR_ANON_9628;NINEA_ANON_405;001-I
2622439;Importation;2021-09-23 12:52:47.300;EnCours;Mer;IMPORTATEUR_ANON_5760;NINEA_ANON_572;001-I
2682049;Importation;2022-02-08 15:25:38.653;EnCours;Mer;IMPORTATEUR_ANON_4663;NINEA_ANON_805;001-I
2374054;Importation;2020-03-06 10:11:25.680;EnCours;Mer;IMPORTATEUR_ANON_4428;NINEA_ANON_802;001-I
2592539;Importation;2021-07-13 11:06:51.693;EnCours;Mer;IMPORTATEUR_ANON_569;NINEA_ANON_299;001-I
2561788;Importation;2021-05-06 10:59:53.017;EnCours;Mer;IMPORTATEUR_ANON_2308;NINEA_ANON_475;001-I
2386002;Importation;2020-03-31 09:36:06.310;EnCours;Mer;IMPORTATEUR_ANON_3174;NINEA_ANON_331;001-I
2446466;Importation;2020-08-19 12:02:14.050;EnCours;Mer;IMPORTATEUR_ANON_9354;NINEA_ANON_779;001-I
2592027;Importation;2021-07-12 12:28:34.427;EnCours;Mer;IMPORTATEUR_ANON_9749;NINEA_ANON_190;
2654966;Importation;2021-12-06 15:32:43.747;EnCours;Mer;IMPORTATEUR_ANON_9628;NINEA_ANON_405;001-I
2615162;Importation;2021-09-08 10:11:22.517;EnCours;Mer;IMPORTATEUR_ANON_134;NINEA_ANON_630;001-I
2623165;Importation;2021-09-24 16:46:45.327;EnCours;Mer;IMPORTATEUR_ANON_9628;NINEA_ANON_405;001-I
2657570;Importation;2021-12-10 16:06:09.127;EnCours;Mer;IMPORTATEUR_ANON_7279;NINEA_ANON_692;001-I
2595879;Importation;2021-07-23 11:05:18.280;EnCours;Mer;IMPORTATEUR_ANON_9284;NINEA_ANON_956;001-I
2378715;Importation;2020-03-16 10:26:35.013;EnCours;Mer;IMPORTATEUR_ANON_134;NINEA_ANON_630;001-I
2390142;Importation;2020-04-09 15:03:09.307;EnCours;Mer;IMPORTATEUR_ANON_7929;NINEA_ANON_740;001-I
2669878;Importation;2022-01-11 11:02:09.127;Initialise;Mer;IMPORTATEUR_ANON_1426;NINEA_ANON_616;001-I
2523529;Importation;2021-02-11 16:03:18.140;EnCours;Mer;IMPORTATEUR_ANON_134;NINEA_ANON_630;
2359088;Importation;2020-02-07 17:47:13.110;EnCours;Mer;IMPORTATEUR_ANON_8356;NINEA_ANON_869;001-I
2349980;Importation;2020-01-22 10:43:57.563;EnCours;Mer;IMPORTATEUR_ANON_9750;NINEA_ANON_628;001-I
2562758;Importation;2021-05-08 12:16:30.777;Initialise;Mer;IMPORTATEUR_ANON_5864;NINEA_ANON_371;001-I
2341426;Importation;2020-01-07 09:57:37.687;EnCours;Mer;IMPORTATEUR_ANON_7056;NINEA_ANON_4;001-I
2545185;Importation;2021-03-31 14:59:04.443;EnCours;Mer;IMPORTATEUR_ANON_4407;NINEA_ANON_117;001-I
2509991;Importation;2021-01-14 13:01:42.993;EnCours;Mer;IMPORTATEUR_ANON_7279;NINEA_ANON_32;001-I
2604315;Importation;2021-08-12 10:02:36.113;EnCours;Mer;IMPORTATEUR_ANON_5804;NINEA_ANON_779;001-I
2387124;Importation;2020-04-02 08:53:57.400;EnCours;Mer;IMPORTATEUR_ANON_3407;NINEA_ANON_902;001-I
2451253;Importation;2020-08-31 12:55:15.490;EnCours;Mer;IMPORTATEUR_ANON_134;NINEA_ANON_630;001-I
2351898;Importation;2020-01-25 11:15:00.310;EnCours;Mer;IMPORTATEUR_ANON_134;NINEA_ANON_630;001-I
2395571;Importation;2020-04-23 09:52:38.553;EnCours;Mer;IMPORTATEUR_ANON_2442;NINEA_ANON_212;001-I
2622040;Importation;2021-09-22 17:03:04.827;EnCours;Mer;IMPORTATEUR_ANON_8011;NINEA_ANON_7;001-I
2580158;Importation;2021-06-16 16:40:18.947;EnCours;Mer;IMPORTATEUR_ANON_7987;NINEA_ANON_839;001-I
2595508;Importation;2021-07-20 12:08:44.060;EnCours;Mer;IMPORTATEUR_ANON_2308;NINEA_ANON_475;001-I
2476403;Importation;2020-10-28 11:42:57.760;EnCours;Mer;IMPORTATEUR_ANON_3333;NINEA_ANON_21;001-I
2536385;Importation;2021-03-15 10:00:28.103;EnCours;Mer;IMPORTATEUR_ANON_7166;NINEA_ANON_390;001-I
2511910;Importation;2021-01-19 10:00:59.877;EnCours;Mer;IMPORTATEUR_ANON_2308;NINEA_ANON_475;001-I
2524288;Importation;2021-02-15 10:05:21.030;EnCours;Mer;IMPORTATEUR_ANON_2506;NINEA_ANON_212;
2460682;Importation;2020-09-22 08:57:29.993;EnCours;Mer;IMPORTATEUR_ANON_7094;NINEA_ANON_565;001-I
2404290;Importation;2020-05-11 11:57:54.990;EnCours;Mer;IMPORTATEUR_ANON_819;NINEA_ANON_349;001-I
2463871;Importation;2020-09-29 08:31:11.833;Initialise;Mer;IMPORTATEUR_ANON_7464;NINEA_ANON_545;001-I
2424743;Importation;2020-06-30 12:01:26.940;EnCours;Mer;IMPORTATEUR_ANON_638;NINEA_ANON_384;001-I
2477356;Importation;2020-10-30 17:41:00.120;EnCours;Mer;IMPORTATEUR_ANON_134;NINEA_ANON_630;001-I
2532926;Importation;2021-03-04 16:01:18.537;Initialise;Mer;IMPORTATEUR_ANON_5980;NINEA_ANON_316;001-I
2526798;Importation;2021-02-18 19:08:26.327;EnCours;Mer;IMPORTATEUR_ANON_8011;NINEA_ANON_856;001-I
2635902;Importation;2021-10-26 12:21:11.947;EnCours;Mer;IMPORTATEUR_ANON_2308;NINEA_ANON_475;001-I
2409695;Importation;2020-05-26 13:10:37.900;EnCours;Mer;IMPORTATEUR_ANON_9284;NINEA_ANON_956;001-I
2452155;Importation;2020-09-02 09:01:29.163;EnCours;Mer;IMPORTATEUR_ANON_2308;NINEA_ANON_475;001-I
2566567;Importation;2021-05-19 09:47:08.133;Initialise;Mer;IMPORTATEUR_ANON_7464;NINEA_ANON_545;001-I
2540805;Importation;2021-03-22 17:33:10.343;EnCours;Mer;IMPORTATEUR_ANON_4478;NINEA_ANON_105;001-I
2507429;Importation;2021-01-08 15:56:46.400;EnCours;Mer;IMPORTATEUR_ANON_7198;NINEA_ANON_430;001-I
2447435;Importation;2020-08-21 09:04:54.503;EnCours;Mer;IMPORTATEUR_ANON_2623;NINEA_ANON_939;001-I
2380765;Importation;2020-03-18 16:22:57.790;EnCours;Mer;IMPORTATEUR_ANON_5804;NINEA_ANON_779;001-I
2583807;Importation;2021-06-24 12:43:06.587;EnCours;Mer;IMPORTATEUR_ANON_8414;NINEA_ANON_551;001-I
2342535;Importation;2020-01-08 15:09:55.510;EnCours;Mer;IMPORTATEUR_ANON_9284;NINEA_ANON_956;001-I
2492450;Importation;2020-12-02 10:46:03.413;EnCours;Mer;IMPORTATEUR_ANON_58;NINEA_ANON_791;001-I
2668169;Importation;2022-01-05 17:03:05.073;EnCours;Mer;IMPORTATEUR_ANON_8552;NINEA_ANON_640;001-I
2361372;Importation;2020-02-12 12:35:59.557;EnCours;Mer;IMPORTATEUR_ANON_2296;NINEA_ANON_524;001-I
2410564;Importation;2020-05-27 16:53:02.147;EnCours;Mer;IMPORTATEUR_ANON_7409;NINEA_ANON_272;001-I
2351718;Importation;2020-01-24 15:23:13.083;EnCours;Mer;IMPORTATEUR_ANON_7829;NINEA_ANON_474;001-I
2353049;Importation;2020-01-28 11:20:34.137;EnCours;Mer;IMPORTATEUR_ANON_2308;NINEA_ANON_475;001-I
2425395;Importation;2020-07-01 12:52:35.780;EnCours;Mer;IMPORTATEUR_ANON_7987;NINEA_ANON_839;001-I
2372500;Importation;2020-03-03 17:01:16.957;EnCours;Mer;IMPORTATEUR_ANON_134;NINEA_ANON_630;001-I
2394850;Importation;2020-04-22 08:23:23.313;Initialise;Mer;IMPORTATEUR_ANON_8958;NINEA_ANON_25;001-I
2370897;Importation;2020-03-02 08:55:41.617;EnCours;Mer;IMPORTATEUR_ANON_3438;NINEA_ANON_590;001-I
2576552;Importation;2021-06-09 14:17:26.060;EnCours;Mer;IMPORTATEUR_ANON_5910;NINEA_ANON_413;001-I
2402690;Importation;2020-05-06 15:33:54.347;Initialise;Mer;IMPORTATEUR_ANON_819;NINEA_ANON_349;001-I
2607760;Importation;2021-08-23 09:22:43.777;EnCours;Mer;IMPORTATEUR_ANON_2308;NINEA_ANON_475;001-I
2420610;Importation;2020-06-20 13:11:51.623;EnCours;Mer;IMPORTATEUR_ANON_8011;NINEA_ANON_856;001-I
2412866;Importation;2020-06-03 13:24:19.800;EnCours;Mer;IMPORTATEUR_ANON_1133;NINEA_ANON_122;001-I
2410955;Importation;2020-05-28 14:00:20.180;EnCours;Mer;IMPORTATEUR_ANON_134;NINEA_ANON_630;001-I
2689735;Importation;2022-02-21 13:32:03.547;EnCours;Mer;IMPORTATEUR_ANON_9284;NINEA_ANON_956;001-I
2421149;Importation;2020-06-22 15:57:35.730;EnCours;Mer;IMPORTATEUR_ANON_3651;NINEA_ANON_925;001-I
2509257;Importation;2021-01-13 12:21:16.920;EnCours;Mer;IMPORTATEUR_ANON_8895;NINEA_ANON_393;001-I
2448049;Importation;2020-08-24 09:53:42.533;EnCours;Mer;IMPORTATEUR_ANON_2308;NINEA_ANON_475;001-I
2691612;Importation;2022-02-23 16:19:12.150;EnCours;Mer;IMPORTATEUR_ANON_4060;NINEA_ANON_533;001-I
2425345;Importation;2020-07-01 12:10:05.627;EnCours;Mer;IMPORTATEUR_ANON_6861;NINEA_ANON_291;001-I
2603675;Importation;2021-08-10 18:22:19.227;EnCours;Mer;IMPORTATEUR_ANON_8011;NINEA_ANON_7;001-I
2583993;Importation;2021-06-24 15:57:20.170;EnCours;Mer;IMPORTATEUR_ANON_6705;NINEA_ANON_239;001-I
2348547;Importation;2020-01-20 12:51:19.933;EnCours;Mer;IMPORTATEUR_ANON_9284;NINEA_ANON_956;001-I
2409196;Importation;2020-05-23 14:18:56.970;EnCours;Mer;IMPORTATEUR_ANON_8011;NINEA_ANON_856;001-I
2503848;Importation;2020-12-29 16:05:07.173;EnCours;Mer;IMPORTATEUR_ANON_4428;NINEA_ANON_802;001-I
2615832;Importation;2021-09-09 10:36:12.160;Initialise;Mer;IMPORTATEUR_ANON_7126;NINEA_ANON_288;001-I
2471259;Importation;2020-10-16 10:20:30.163;EnCours;Mer;IMPORTATEUR_ANON_134;NINEA_ANON_630;001-I
2579822;Importation;2021-06-16 11:38:47.690;EnCours;Mer;IMPORTATEUR_ANON_2623;NINEA_ANON_14;001-I
2576619;Importation;2021-06-09 15:57:48.687;EnCours;Mer;IMPORTATEUR_ANON_134;NINEA_ANON_630;001-I
2381590;Importation;2020-03-20 09:23:51.753;EnCours;Mer;IMPORTATEUR_ANON_9284;NINEA_ANON_956;001-I
2666775;Importation;2022-01-03 10:39:15.503;EnCours;Mer;IMPORTATEUR_ANON_134;NINEA_ANON_630;001-I
2572003;Importation;2021-05-31 16:07:39.990;EnCours;Mer;IMPORTATEUR_ANON_6984;NINEA_ANON_948;001-I
2656273;Importation;2021-12-08 14:51:48.320;EnCours;Mer;IMPORTATEUR_ANON_3726;NINEA_ANON_343;001-I
2463490;Importation;2020-09-28 11:51:43.873;Initialise;Mer;IMPORTATEUR_ANON_5864;NINEA_ANON_371;001-I
2380648;Importation;2020-03-18 14:44:10.093;EnCours;Mer;IMPORTATEUR_ANON_9284;NINEA_ANON_956;001-I
2460626;Importation;2020-09-21 17:55:59.817;EnCours;Mer;IMPORTATEUR_ANON_5262;NINEA_ANON_482;001-I
2505629;Importation;2021-01-05 12:02:59.143;EnCours;Mer;IMPORTATEUR_ANON_9628;NINEA_ANON_405;001-I
2440254;Importation;2020-08-06 15:04:41.973;EnCours;Mer;IMPORTATEUR_ANON_8532;NINEA_ANON_461;001-I
2344883;Importation;2020-01-13 14:56:37.263;EnCours;Mer;IMPORTATEUR_ANON_6705;NINEA_ANON_314;001-I
2459195;Importation;2020-09-17 11:54:41.363;EnCours;Mer;IMPORTATEUR_ANON_5760;NINEA_ANON_572;001-I
2423525;Importation;2020-06-26 13:09:28.233;EnCours;Mer;IMPORTATEUR_ANON_1936;NINEA_ANON_930;001-I
2434830;Importation;2020-07-22 15:57:10.820;EnCours;Mer;IMPORTATEUR_ANON_1818;NINEA_ANON_980;001-I
2664747;Importation;2021-12-28 09:20:01.677;EnCours;Mer;IMPORTATEUR_ANON_4424;NINEA_ANON_51;001-I
2432283;Importation;2020-07-16 13:03:13.213;EnCours;Mer;IMPORTATEUR_ANON_8011;NINEA_ANON_856;001-I
2375403;Importation;2020-03-09 17:09:18.553;EnCours;Mer;IMPORTATEUR_ANON_6681;NINEA_ANON_809;001-I
2559001;Importation;2021-04-30 09:10:15.440;EnCours;Mer;IMPORTATEUR_ANON_1914;NINEA_ANON_156;001-I
2674099;Importation;2022-01-19 16:31:20.857;EnCours;Mer;IMPORTATEUR_ANON_5978;NINEA_ANON_615;001-I
2414855;Importation;2020-06-08 14:04:44.007;EnCours;Mer;IMPORTATEUR_ANON_2164;NINEA_ANON_872;001-I
2391942;Importation;2020-04-15 11:01:07.460;EnCours;Mer;IMPORTATEUR_ANON_819;NINEA_ANON_349;001-I
2435010;Importation;2020-07-23 09:58:31.230;EnCours;Mer;IMPORTATEUR_ANON_134;NINEA_ANON_630;001-I
2505598;Transit;2021-01-05 11:39:25.410;Initialise;Mer;IMPORTATEUR_ANON_6742;NINEA_ANON_760;001-E
2519970;Importation;2021-02-04 08:25:06.350;EnCours;Mer;IMPORTATEUR_ANON_1380;NINEA_ANON_312;
2658236;Importation;2021-12-13 15:02:04.560;EnCours;Mer;IMPORTATEUR_ANON_134;NINEA_ANON_630;001-I
2537010;Importation;2021-03-15 16:35:20.230;EnCours;Mer;IMPORTATEUR_ANON_4426;NINEA_ANON_93;001-I
2624231;Importation;2021-09-29 12:42:31.980;EnCours;Mer;IMPORTATEUR_ANON_9628;NINEA_ANON_405;001-I
2343209;Importation;2020-01-09 13:43:07.590;EnCours;Mer;IMPORTATEUR_ANON_5606;NINEA_ANON_160;001-I
2417836;Importation;2020-06-15 11:23:02.180;EnCours;Mer;IMPORTATEUR_ANON_2308;NINEA_ANON_475;001-I
2557087;Importation;2021-04-27 10:06:48.567;EnCours;Mer;IMPORTATEUR_ANON_2308;NINEA_ANON_475;001-I
2411984;Importation;2020-06-02 11:52:55.560;EnCours;Mer;IMPORTATEUR_ANON_134;NINEA_ANON_630;001-I
2500117;Importation;2020-12-18 13:48:26.290;EnCours;Mer;IMPORTATEUR_ANON_2972;NINEA_ANON_183;001-I
2380285;Importation;2020-03-18 09:39:20.117;EnCours;Mer;IMPORTATEUR_ANON_6270;NINEA_ANON_903;001-I
2477837;Importation;2020-11-02 13:35:06.717;EnCours;Mer;IMPORTATEUR_ANON_7528;NINEA_ANON_447;001-I
2522517;Importation;2021-02-10 09:20:13.247;EnCours;Mer;IMPORTATEUR_ANON_134;NINEA_ANON_630;
2565142;Importation;2021-05-17 10:46:03.990;EnCours;Mer;IMPORTATEUR_ANON_3863;NINEA_ANON_628;001-I
2509568;Importation;2021-01-13 16:59:15.960;EnCours;Mer;IMPORTATEUR_ANON_3951;NINEA_ANON_125;001-I
2625105;Importation;2021-09-30 15:37:04.693;EnCours;Mer;IMPORTATEUR_ANON_7397;NINEA_ANON_947;001-I
2592257;Importation;2021-07-12 16:01:03.743;EnCours;Mer;IMPORTATEUR_ANON_3660;NINEA_ANON_379;001-I
2629154;Importation;2021-10-11 12:13:36.087;Initialise;Mer;IMPORTATEUR_ANON_3863;NINEA_ANON_628;001-I
2690647;Importation;2022-02-22 13:55:42.683;EnCours;Mer;IMPORTATEUR_ANON_3264;NINEA_ANON_644;001-I
2449756;Importation;2020-08-26 19:28:07.553;EnCours;Mer;IMPORTATEUR_ANON_3144;NINEA_ANON_548;001-I
2674536;Importation;2022-01-20 13:04:12.743;EnCours;Mer;IMPORTATEUR_ANON_134;NINEA_ANON_630;001-I
2376926;Importation;2020-03-11 15:01:28.960;Initialise;Mer;IMPORTATEUR_ANON_2308;NINEA_ANON_475;001-I
2585111;Importation;2021-06-28 12:27:27.317;EnCours;Mer;IMPORTATEUR_ANON_3951;NINEA_ANON_125;001-I
2348615;Importation;2020-01-20 13:49:17.480;EnCours;Mer;IMPORTATEUR_ANON_9284;NINEA_ANON_956;001-I
2413071;Importation;2020-06-03 16:03:01.627;EnCours;Mer;IMPORTATEUR_ANON_280;NINEA_ANON_57;001-I
2396502;Importation;2020-04-24 16:29:47.937;EnCours;Mer;IMPORTATEUR_ANON_1947;NINEA_ANON_4;001-I
2433324;Importation;2020-07-20 10:36:09.933;EnCours;Mer;IMPORTATEUR_ANON_2623;NINEA_ANON_939;001-I
2383726;Importation;2020-03-25 10:42:57.623;EnCours;Mer;IMPORTATEUR_ANON_9284;NINEA_ANON_956;001-I
2532128;Importation;2021-03-03 12:18:14.673;EnCours;Mer;IMPORTATEUR_ANON_2002;NINEA_ANON_746;001-I
2424452;Importation;2020-06-30 08:11:15.673;Initialise;Mer;IMPORTATEUR_ANON_819;NINEA_ANON_349;001-I
2499192;Importation;2020-12-17 08:57:53.220;EnCours;Mer;IMPORTATEUR_ANON_3438;NINEA_ANON_590;
2460848;Importation;2020-09-22 10:36:58.070;Initialise;Mer;IMPORTATEUR_ANON_134;NINEA_ANON_630;001-I
2528757;Importation;2021-02-23 16:19:56.350;EnCours;Mer;IMPORTATEUR_ANON_9284;NINEA_ANON_956;001-I
2528776;Importation;2021-02-23 16:36:23.757;EnCours;Mer;IMPORTATEUR_ANON_9284;NINEA_ANON_956;001-I
2555362;Importation;2021-04-22 14:50:41.870;EnCours;Mer;IMPORTATEUR_ANON_3438;NINEA_ANON_590;
2363685;Importation;2020-02-17 14:39:05.813;EnCours;Mer;IMPORTATEUR_ANON_3660;NINEA_ANON_308;001-I
2450803;Importation;2020-08-28 16:54:28.643;EnCours;Mer;IMPORTATEUR_ANON_7528;NINEA_ANON_447;001-I
2560370;Importation;2021-05-04 09:27:31.010;EnCours;Mer;IMPORTATEUR_ANON_7987;NINEA_ANON_839;001-I
2550157;Importation;2021-04-13 09:33:24.823;EnCours;Mer;IMPORTATEUR_ANON_2623;NINEA_ANON_939;001-I
2374500;Importation;2020-03-06 17:28:10.300;EnCours;Mer;IMPORTATEUR_ANON_8374;NINEA_ANON_1;001-I
2592384;Importation;2021-07-13 08:05:49.330;EnCours;Mer;IMPORTATEUR_ANON_2303;NINEA_ANON_355;
2577687;Importation;2021-06-11 11:28:55.940;EnCours;Mer;IMPORTATEUR_ANON_428;NINEA_ANON_244;001-I
2345522;Importation;2020-01-14 12:20:29.510;EnCours;Mer;IMPORTATEUR_ANON_1827;NINEA_ANON_956;001-I
2595066;Importation;2021-07-19 13:04:36.870;EnCours;Mer;IMPORTATEUR_ANON_5398;NINEA_ANON_352;001-I
2653896;Importation;2021-12-03 09:10:41.080;EnCours;Mer;IMPORTATEUR_ANON_2308;NINEA_ANON_475;001-I
2451320;Importation;2020-08-31 14:10:06.083;EnCours;Mer;IMPORTATEUR_ANON_7464;NINEA_ANON_545;001-I
2604467;Importation;2021-08-12 12:01:40.420;EnCours;Mer;IMPORTATEUR_ANON_2303;NINEA_ANON_355;
2486175;Importation;2020-11-18 12:46:54.107;EnCours;Mer;IMPORTATEUR_ANON_3428;NINEA_ANON_29;001-I
2530390;Importation;2021-02-26 13:10:09.553;EnCours;Mer;IMPORTATEUR_ANON_8237;NINEA_ANON_104;001-I
2559029;Importation;2021-04-30 09:38:52.963;EnCours;Mer;IMPORTATEUR_ANON_7270;NINEA_ANON_428;001-I
2432247;Importation;2020-07-16 12:37:28.020;EnCours;Mer;IMPORTATEUR_ANON_2308;NINEA_ANON_475;001-I
2413832;Importation;2020-06-05 09:54:36.420;EnCours;Mer;IMPORTATEUR_ANON_819;NINEA_ANON_349;001-I
2673419;Importation;2022-01-18 14:53:06.350;EnCours;Mer;IMPORTATEUR_ANON_9628;NINEA_ANON_405;001-I
2675989;Importation;2022-01-25 09:06:54.240;EnCours;Mer;IMPORTATEUR_ANON_8001;NINEA_ANON_65;001-I
2502491;Importation;2020-12-24 11:24:17.360;EnCours;Mer;IMPORTATEUR_ANON_2623;NINEA_ANON_939;001-I
2600505;Importation;2021-08-03 16:07:27.650;EnCours;Mer;IMPORTATEUR_ANON_986;NINEA_ANON_55;
2493449;Importation;2020-12-03 16:05:22.180;EnCours;Mer;IMPORTATEUR_ANON_5864;NINEA_ANON_371;001-I
2522783;Importation;2021-02-10 12:29:41.433;EnCours;Mer;IMPORTATEUR_ANON_8198;NINEA_ANON_771;001-I
2499696;Importation;2020-12-17 17:00:07.630;EnCours;Mer;IMPORTATEUR_ANON_4426;NINEA_ANON_93;001-I
2391116;Importation;2020-04-14 11:03:48.437;EnCours;Mer;IMPORTATEUR_ANON_134;NINEA_ANON_630;001-I
2372833;Importation;2020-03-04 12:01:42.620;Initialise;Mer;IMPORTATEUR_ANON_1426;NINEA_ANON_856;001-I
2627388;Importation;2021-10-06 11:53:47.700;EnCours;Mer;IMPORTATEUR_ANON_8470;NINEA_ANON_754;001-I
2504050;Importation;2020-12-30 10:25:25.663;EnCours;Mer;IMPORTATEUR_ANON_2308;NINEA_ANON_475;001-I
2555428;Importation;2021-04-22 15:45:29.720;EnCours;Mer;IMPORTATEUR_ANON_6336;NINEA_ANON_145;001-I
2617963;Importation;2021-09-14 11:37:20.343;EnCours;Mer;IMPORTATEUR_ANON_8011;NINEA_ANON_7;001-I
2614666;Importation;2021-09-07 11:43:29.547;EnCours;Mer;IMPORTATEUR_ANON_7464;NINEA_ANON_545;001-I
2391027;Importation;2020-04-14 10:08:52.517;EnCours;Mer;IMPORTATEUR_ANON_8414;NINEA_ANON_551;001-I
2454927;Importation;2020-09-08 15:17:17.557;EnCours;Mer;IMPORTATEUR_ANON_9284;NINEA_ANON_956;001-I
2518832;Importation;2021-02-02 09:29:08.417;EnCours;Mer;IMPORTATEUR_ANON_4303;NINEA_ANON_61;
2517439;Importation;2021-01-29 11:07:04.297;EnCours;Mer;IMPORTATEUR_ANON_8863;NINEA_ANON_934;001-I
2388680;Importation;2020-04-06 14:40:25.117;EnCours;Mer;IMPORTATEUR_ANON_4209;NINEA_ANON_188;001-I
2448892;Importation;2020-08-25 12:34:48.367;Initialise;Mer;IMPORTATEUR_ANON_536;NINEA_ANON_220;001-I
2381580;Importation;2020-03-20 09:15:55.013;EnCours;Mer;IMPORTATEUR_ANON_9284;NINEA_ANON_956;001-I
2454181;Importation;2020-09-07 12:37:17.127;EnCours;Mer;IMPORTATEUR_ANON_134;NINEA_ANON_630;001-I
2569632;Importation;2021-05-26 11:25:45.673;EnCours;Mer;IMPORTATEUR_ANON_3660;NINEA_ANON_379;001-I
2373364;Importation;2020-03-05 09:19:33.157;EnCours;Mer;IMPORTATEUR_ANON_9284;NINEA_ANON_956;001-I
2536162;Importation;2021-03-12 16:37:26.920;EnCours;Mer;IMPORTATEUR_ANON_9008;NINEA_ANON_224;001-I
2605629;Importation;2021-08-16 11:26:30.423;EnCours;Mer;IMPORTATEUR_ANON_2308;NINEA_ANON_475;001-I
2405413;Importation;2020-05-13 10:28:09.527;EnCours;Mer;IMPORTATEUR_ANON_7464;NINEA_ANON_545;001-I
2530473;Importation;2021-02-26 15:21:49.543;EnCours;Mer;IMPORTATEUR_ANON_9284;NINEA_ANON_956;001-I
2592248;Importation;2021-07-12 15:44:23.760;EnCours;Mer;IMPORTATEUR_ANON_9750;NINEA_ANON_894;001-I
2378568;Importation;2020-03-14 14:24:39.807;EnCours;Mer;IMPORTATEUR_ANON_9711;NINEA_ANON_386;001-I
2588036;Importation;2021-07-03 12:28:04.327;EnCours;Mer;IMPORTATEUR_ANON_5971;NINEA_ANON_143;001-I
2601737;Importation;2021-08-05 17:11:20.447;EnCours;Mer;IMPORTATEUR_ANON_6112;NINEA_ANON_318;001-I
2513931;Importation;2021-01-22 09:40:37.727;EnCours;Mer;IMPORTATEUR_ANON_2602;NINEA_ANON_256;
2603731;Importation;2021-08-11 08:57:40.777;Initialise;Mer;IMPORTATEUR_ANON_2308;NINEA_ANON_475;001-I
2635759;Importation;2021-10-26 11:03:42.370;EnCours;Mer;IMPORTATEUR_ANON_5910;NINEA_ANON_413;001-I
2662647;Importation;2021-12-22 11:24:37.293;EnCours;Mer;IMPORTATEUR_ANON_4940;NINEA_ANON_163;001-I
2572643;Importation;2021-06-01 15:24:34.250;EnCours;Mer;IMPORTATEUR_ANON_3863;NINEA_ANON_628;001-I
2423771;Importation;2020-06-29 08:07:27.333;EnCours;Mer;IMPORTATEUR_ANON_3407;NINEA_ANON_902;001-I
2619793;Importation;2021-09-17 11:50:53.050;EnCours;Mer;IMPORTATEUR_ANON_2308;NINEA_ANON_475;001-I
2552519;Importation;2021-04-16 12:42:50.703;EnCours;Mer;IMPORTATEUR_ANON_9284;NINEA_ANON_956;001-I
2412208;Importation;2020-06-02 14:55:38.597;EnCours;Mer;IMPORTATEUR_ANON_527;NINEA_ANON_785;001-I
2651046;Importation;2021-11-26 17:42:11.700;Initialise;Mer;IMPORTATEUR_ANON_9322;NINEA_ANON_87;001-I
2539677;Importation;2021-03-19 13:27:27.593;EnCours;Mer;IMPORTATEUR_ANON_2506;NINEA_ANON_212;
2586624;Importation;2021-06-30 15:15:12.167;EnCours;Mer;IMPORTATEUR_ANON_3768;NINEA_ANON_664;001-I
2583680;Importation;2021-06-24 11:07:05.793;EnCours;Mer;IMPORTATEUR_ANON_8563;NINEA_ANON_886;001-I
2596534;Importation;2021-07-26 12:30:37.050;EnCours;Mer;IMPORTATEUR_ANON_9354;NINEA_ANON_779;001-I
2633229;Importation;2021-10-20 14:46:09.403;EnCours;Mer;IMPORTATEUR_ANON_2909;NINEA_ANON_390;001-I
2663495;Importation;2021-12-23 15:05:06.730;EnCours;Mer;IMPORTATEUR_ANON_4428;NINEA_ANON_725;001-I
2653768;Importation;2021-12-02 15:55:45.867;EnCours;Mer;IMPORTATEUR_ANON_3726;NINEA_ANON_343;001-I
2444961;Importation;2020-08-14 18:25:02.733;EnCours;Mer;IMPORTATEUR_ANON_7333;NINEA_ANON_396;001-I
2480271;Importation;2020-11-06 11:42:40.047;EnCours;Mer;IMPORTATEUR_ANON_6983;NINEA_ANON_770;001-I
2515166;Importation;2021-01-25 15:00:25.570;EnCours;Mer;IMPORTATEUR_ANON_9469;NINEA_ANON_484;001-I
2489951;Importation;2020-11-26 12:23:55.880;EnCours;Mer;IMPORTATEUR_ANON_4695;NINEA_ANON_514;001-I
2563991;Importation;2021-05-11 13:35:35.663;EnCours;Mer;IMPORTATEUR_ANON_4424;NINEA_ANON_51;001-I
2407303;Importation;2020-05-18 13:10:50.653;EnCours;Mer;IMPORTATEUR_ANON_7514;NINEA_ANON_624;001-I
2556129;Importation;2021-04-23 18:20:49.250;EnCours;Mer;IMPORTATEUR_ANON_8011;NINEA_ANON_856;001-I
2438494;Importation;2020-08-03 13:15:15.590;EnCours;Mer;IMPORTATEUR_ANON_1827;NINEA_ANON_956;001-I
2468167;Importation;2020-10-09 13:18:35.530;EnCours;Mer;IMPORTATEUR_ANON_9284;NINEA_ANON_956;001-I
2432102;Importation;2020-07-16 10:56:45.037;EnCours;Mer;IMPORTATEUR_ANON_9549;NINEA_ANON_602;001-I
2532120;Importation;2021-03-03 12:12:49.273;Initialise;Mer;IMPORTATEUR_ANON_5350;NINEA_ANON_626;001-I
2377554;Importation;2020-03-12 12:34:23.510;EnCours;Mer;IMPORTATEUR_ANON_5864;NINEA_ANON_371;001-I
2511212;Importation;2021-01-18 11:43:23.240;EnCours;Mer;IMPORTATEUR_ANON_3863;NINEA_ANON_628;001-I
2501562;Importation;2020-12-22 15:06:41.597;EnCours;Mer;IMPORTATEUR_ANON_2308;NINEA_ANON_475;001-I
2632927;Importation;2021-10-20 11:26:11.380;EnCours;Mer;IMPORTATEUR_ANON_9628;NINEA_ANON_405;001-I
2374146;Importation;2020-03-06 11:18:29.483;EnCours;Mer;IMPORTATEUR_ANON_2623;NINEA_ANON_939;001-I
2674020;Importation;2022-01-19 15:20:35.027;EnCours;Mer;IMPORTATEUR_ANON_5978;NINEA_ANON_615;001-I
2532878;Importation;2021-03-04 15:23:09.390;EnCours;Mer;IMPORTATEUR_ANON_7279;NINEA_ANON_692;001-I
2600429;Importation;2021-08-03 14:17:21.097;EnCours;Mer;IMPORTATEUR_ANON_6434;NINEA_ANON_876;001-I
2403983;Importation;2020-05-11 08:23:35.720;EnCours;Mer;IMPORTATEUR_ANON_134;NINEA_ANON_630;001-I
2528913;Importation;2021-02-24 09:40:00.317;Initialise;Mer;IMPORTATEUR_ANON_392;NINEA_ANON_63;001-I
2465763;Importation;2020-10-02 10:14:41.320;EnCours;Mer;IMPORTATEUR_ANON_6270;NINEA_ANON_903;001-I
2664686;Importation;2021-12-27 17:00:19.223;EnCours;Mer;IMPORTATEUR_ANON_3177;NINEA_ANON_611;001-I
2489566;Importation;2020-11-25 15:56:33.250;EnCours;Mer;IMPORTATEUR_ANON_8060;NINEA_ANON_730;001-I
2505341;Importation;2021-01-04 16:43:50.300;EnCours;Mer;IMPORTATEUR_ANON_6248;NINEA_ANON_183;001-I
2404054;Importation;2020-05-11 09:40:29.247;Initialise;Mer;IMPORTATEUR_ANON_8839;NINEA_ANON_871;001-I
2467998;Importation;2020-10-09 10:58:54.547;EnCours;Mer;IMPORTATEUR_ANON_8414;NINEA_ANON_551;001-I
2415233;Importation;2020-06-09 10:17:53.780;EnCours;Mer;IMPORTATEUR_ANON_4209;NINEA_ANON_188;001-I
2343439;Transit;2020-01-09 17:10:39.267;Initialise;Mer;IMPORTATEUR_ANON_8310;NINEA_ANON_903;001-E
2557745;Importation;2021-04-28 09:52:17.083;EnCours;Mer;IMPORTATEUR_ANON_9218;NINEA_ANON_750;
2462873;Importation;2020-09-25 12:58:04.973;EnCours;Mer;IMPORTATEUR_ANON_219;NINEA_ANON_880;001-I
2649703;Importation;2021-11-24 14:09:47.330;EnCours;Mer;IMPORTATEUR_ANON_7166;NINEA_ANON_997;001-I
2363646;Importation;2020-02-17 13:51:28.403;EnCours;Mer;IMPORTATEUR_ANON_1772;NINEA_ANON_777;001-I
2495874;Importation;2020-12-09 15:52:42.537;EnCours;Mer;IMPORTATEUR_ANON_7464;NINEA_ANON_545;001-I
2563301;Importation;2021-05-10 13:18:00.537;EnCours;Mer;IMPORTATEUR_ANON_4609;NINEA_ANON_596;001-I
2639239;Importation;2021-11-03 11:44:23.073;EnCours;Mer;IMPORTATEUR_ANON_9284;NINEA_ANON_956;001-I
2608959;Importation;2021-08-24 15:48:31.297;EnCours;Mer;IMPORTATEUR_ANON_1818;NINEA_ANON_980;001-I
2640298;Importation;2021-11-05 09:35:55.053;EnCours;Mer;IMPORTATEUR_ANON_7464;NINEA_ANON_545;001-I
2343427;Transit;2020-01-09 17:06:24.013;Initialise;Mer;IMPORTATEUR_ANON_8310;NINEA_ANON_903;001-E
2430746;Importation;2020-07-14 09:20:07.090;EnCours;Mer;IMPORTATEUR_ANON_9284;NINEA_ANON_956;001-I
2581929;Importation;2021-06-21 14:27:22.177;EnCours;Mer;IMPORTATEUR_ANON_6895;NINEA_ANON_268;001-I
2626329;Importation;2021-10-04 15:11:01.187;EnCours;Mer;IMPORTATEUR_ANON_9750;NINEA_ANON_894;001-I
2659380;Importation;2021-12-15 11:28:42.037;EnCours;Mer;IMPORTATEUR_ANON_1497;NINEA_ANON_889;001-I
2499593;Importation;2020-12-17 15:24:04.910;EnCours;Mer;IMPORTATEUR_ANON_9106;NINEA_ANON_627;001-I
2422180;Importation;2020-06-24 11:43:42.250;EnCours;Mer;IMPORTATEUR_ANON_7279;NINEA_ANON_32;001-I
2498430;Transit;2020-12-15 15:28:58.410;Initialise;Mer;IMPORTATEUR_ANON_3213;NINEA_ANON_30;001-E
2567423;Importation;2021-05-20 12:27:17.497;EnCours;Mer;IMPORTATEUR_ANON_134;NINEA_ANON_630;001-I
2449988;Importation;2020-08-27 11:55:16.197;Initialise;Mer;IMPORTATEUR_ANON_7029;NINEA_ANON_574;001-I
2662334;Importation;2021-12-21 16:17:26.273;EnCours;Mer;IMPORTATEUR_ANON_2308;NINEA_ANON_475;001-I
2596980;Importation;2021-07-27 10:08:32.493;EnCours;Mer;IMPORTATEUR_ANON_4344;NINEA_ANON_927;001-I
2614212;Importation;2021-09-06 13:32:26.617;EnCours;Mer;IMPORTATEUR_ANON_3863;NINEA_ANON_628;001-I
2355938;Importation;2020-02-03 14:25:09.787;EnCours;Mer;IMPORTATEUR_ANON_2623;NINEA_ANON_939;001-I
2547461;Importation;2021-04-07 09:58:48.300;EnCours;Mer;IMPORTATEUR_ANON_6474;NINEA_ANON_323;001-I
2591931;Importation;2021-07-12 11:25:34.100;EnCours;Mer;IMPORTATEUR_ANON_9354;NINEA_ANON_779;001-I
2383521;Importation;2020-03-24 19:01:00.083;EnCours;Mer;IMPORTATEUR_ANON_2117;NINEA_ANON_418;001-I
2388418;Importation;2020-04-06 11:04:11.827;EnCours;Mer;IMPORTATEUR_ANON_9749;NINEA_ANON_637;001-I
2443293;Importation;2020-08-12 09:25:05.700;EnCours;Mer;IMPORTATEUR_ANON_986;NINEA_ANON_55;001-I
2351836;Importation;2020-01-24 17:14:37.003;EnCours;Mer;IMPORTATEUR_ANON_1524;NINEA_ANON_38;001-I
2592024;Importation;2021-07-12 12:25:16.213;EnCours;Mer;IMPORTATEUR_ANON_9749;NINEA_ANON_190;
2557368;Importation;2021-04-27 13:02:55.843;EnCours;Mer;IMPORTATEUR_ANON_9564;NINEA_ANON_214;001-I
2608077;Importation;2021-08-23 13:05:12.500;EnCours;Mer;IMPORTATEUR_ANON_1123;NINEA_ANON_235;001-I
2527419;Importation;2021-02-20 12:24:02.720;EnCours;Mer;IMPORTATEUR_ANON_134;NINEA_ANON_630;
2470308;Importation;2020-10-14 13:09:42.990;EnCours;Mer;IMPORTATEUR_ANON_3332;NINEA_ANON_363;001-I
2517972;Importation;2021-02-01 07:11:19.570;EnCours;Mer;IMPORTATEUR_ANON_3863;NINEA_ANON_628;001-I
2690341;Importation;2022-02-22 10:53:58.213;EnCours;Mer;IMPORTATEUR_ANON_4625;NINEA_ANON_485;001-I
2426072;Importation;2020-07-02 15:13:18.627;EnCours;Mer;IMPORTATEUR_ANON_9354;NINEA_ANON_779;001-I
2506170;Importation;2021-01-06 12:21:50.677;EnCours;Mer;IMPORTATEUR_ANON_7464;NINEA_ANON_545;001-I
2583418;Importation;2021-06-23 15:46:29.647;EnCours;Mer;IMPORTATEUR_ANON_1124;NINEA_ANON_111;001-I
2635118;Importation;2021-10-25 12:01:11.600;EnCours;Mer;IMPORTATEUR_ANON_2002;NINEA_ANON_746;001-I
2602996;Importation;2021-08-09 16:51:46.327;EnCours;Mer;IMPORTATEUR_ANON_134;NINEA_ANON_630;001-I
2497877;Importation;2020-12-14 18:08:38.003;EnCours;Mer;IMPORTATEUR_ANON_5606;NINEA_ANON_396;001-I
2387126;Importation;2020-04-02 08:55:53.940;EnCours;Mer;IMPORTATEUR_ANON_3407;NINEA_ANON_902;001-I
2449603;Importation;2020-08-26 15:01:33.110;EnCours;Mer;IMPORTATEUR_ANON_2623;NINEA_ANON_939;001-I
2391632;Importation;2020-04-14 16:28:56.410;EnCours;Mer;IMPORTATEUR_ANON_134;NINEA_ANON_630;001-I
2495826;Importation;2020-12-09 15:11:14.797;Initialise;Mer;IMPORTATEUR_ANON_7541;NINEA_ANON_585;001-I
2355260;Importation;2020-01-31 12:53:07.613;EnCours;Mer;IMPORTATEUR_ANON_2700;NINEA_ANON_560;
2489210;Importation;2020-11-25 10:57:57.030;EnCours;Mer;IMPORTATEUR_ANON_9284;NINEA_ANON_956;001-I
2691489;Importation;2022-02-23 14:53:13.127;EnCours;Mer;IMPORTATEUR_ANON_9284;NINEA_ANON_956;001-I
2389164;Importation;2020-04-07 12:39:40.270;EnCours;Mer;IMPORTATEUR_ANON_3332;NINEA_ANON_363;001-I
2681400;Importation;2022-02-08 10:04:00.270;EnCours;Mer;IMPORTATEUR_ANON_7480;NINEA_ANON_504;001-I
2347805;Importation;2020-01-17 12:24:32.620;Initialise;Mer;IMPORTATEUR_ANON_7640;NINEA_ANON_288;001-I
2563559;Importation;2021-05-10 19:39:59.247;EnCours;Mer;IMPORTATEUR_ANON_3839;NINEA_ANON_376;001-I
2612096;Importation;2021-09-01 10:08:56.643;Initialise;Mer;IMPORTATEUR_ANON_819;NINEA_ANON_349;001-I
2658355;Importation;2021-12-13 16:34:38.420;Initialise;Mer;IMPORTATEUR_ANON_7464;NINEA_ANON_545;001-I
2677759;Importation;2022-01-28 08:13:48.840;Initialise;Mer;IMPORTATEUR_ANON_4037;NINEA_ANON_897;001-I
2693715;Importation;2022-02-28 13:58:05.063;EnCours;Mer;IMPORTATEUR_ANON_9284;NINEA_ANON_956;001-I
2410691;Importation;2020-05-28 10:08:40.967;EnCours;Mer;IMPORTATEUR_ANON_134;NINEA_ANON_630;001-I
2486297;Importation;2020-11-18 15:32:05.603;EnCours;Mer;IMPORTATEUR_ANON_9284;NINEA_ANON_956;001-I
2487359;Importation;2020-11-20 12:52:35.527;EnCours;Mer;IMPORTATEUR_ANON_4663;NINEA_ANON_805;001-I
2495212;Importation;2020-12-08 15:31:10.753;EnCours;Mer;IMPORTATEUR_ANON_9202;NINEA_ANON_628;001-I
2478410;Importation;2020-11-03 11:58:19.143;EnCours;Mer;IMPORTATEUR_ANON_134;NINEA_ANON_630;001-I
2436539;Importation;2020-07-27 15:37:11.483;EnCours;Mer;IMPORTATEUR_ANON_4478;NINEA_ANON_460;001-I
2639254;Importation;2021-11-03 12:04:33.573;EnCours;Mer;IMPORTATEUR_ANON_9284;NINEA_ANON_956;001-I
2602314;Importation;2021-08-07 13:01:59.783;EnCours;Mer;IMPORTATEUR_ANON_6270;NINEA_ANON_349;001-I
2391469;Importation;2020-04-14 13:59:19.170;EnCours;Mer;IMPORTATEUR_ANON_2085;NINEA_ANON_653;001-I
2486169;Importation;2020-11-18 12:41:41.030;EnCours;Mer;IMPORTATEUR_ANON_9218;NINEA_ANON_750;
2640272;Importation;2021-11-05 09:15:25.897;EnCours;Mer;IMPORTATEUR_ANON_6270;NINEA_ANON_903;001-I
2635803;Importation;2021-10-26 11:29:02.483;EnCours;Mer;IMPORTATEUR_ANON_8011;NINEA_ANON_7;001-I
2609151;Importation;2021-08-25 09:57:52.777;EnCours;Mer;IMPORTATEUR_ANON_1923;NINEA_ANON_48;001-I
2470182;Importation;2020-10-14 11:36:18.750;EnCours;Mer;IMPORTATEUR_ANON_5733;NINEA_ANON_814;001-I
2643531;Importation;2021-11-12 09:01:46.390;EnCours;Mer;IMPORTATEUR_ANON_2308;NINEA_ANON_475;001-I
2394520;Importation;2020-04-21 12:12:31.320;EnCours;Mer;IMPORTATEUR_ANON_9284;NINEA_ANON_956;001-I
2451859;Importation;2020-09-01 13:32:18.270;EnCours;Mer;IMPORTATEUR_ANON_6024;NINEA_ANON_888;001-I
2513444;Importation;2021-01-21 11:40:25.640;EnCours;Mer;IMPORTATEUR_ANON_4467;NINEA_ANON_4;001-I
2460955;Importation;2020-09-22 11:53:19.717;EnCours;Mer;IMPORTATEUR_ANON_7929;NINEA_ANON_740;001-I
2666058;Importation;2021-12-30 12:17:42.970;EnCours;Mer;IMPORTATEUR_ANON_134;NINEA_ANON_630;001-I
2529081;Importation;2021-02-24 11:35:34.090;EnCours;Mer;IMPORTATEUR_ANON_7464;NINEA_ANON_545;001-I
2376121;Importation;2020-03-10 14:30:44.080;EnCours;Mer;IMPORTATEUR_ANON_3177;NINEA_ANON_513;001-I
2496351;Importation;2020-12-10 12:40:12.853;EnCours;Mer;IMPORTATEUR_ANON_6101;NINEA_ANON_440;001-I
2517981;Importation;2021-02-01 08:20:21.127;EnCours;Mer;IMPORTATEUR_ANON_819;NINEA_ANON_349;001-I
2621198;Importation;2021-09-21 13:49:09.410;EnCours;Mer;IMPORTATEUR_ANON_7464;NINEA_ANON_545;001-I
2601857;Importation;2021-08-06 10:08:45.777;EnCours;Mer;IMPORTATEUR_ANON_2005;NINEA_ANON_226;001-I
2349358;Importation;2020-01-21 12:05:59.773;EnCours;Mer;IMPORTATEUR_ANON_7937;NINEA_ANON_122;001-I
2539484;Importation;2021-03-19 11:30:29.473;EnCours;Mer;IMPORTATEUR_ANON_5864;NINEA_ANON_371;001-I
2433852;Importation;2020-07-21 10:11:23.200;EnCours;Mer;IMPORTATEUR_ANON_7959;NINEA_ANON_199;001-I
2429661;Importation;2020-07-10 11:43:15.583;EnCours;Mer;IMPORTATEUR_ANON_9062;NINEA_ANON_714;001-I
2437886;Importation;2020-07-30 08:23:41.367;EnCours;Mer;IMPORTATEUR_ANON_2308;NINEA_ANON_475;001-I
2498683;Importation;2020-12-16 09:52:27.873;EnCours;Mer;IMPORTATEUR_ANON_2506;NINEA_ANON_212;
2638735;Importation;2021-11-02 13:10:24.833;EnCours;Mer;IMPORTATEUR_ANON_2104;NINEA_ANON_537;001-I
2399207;Importation;2020-05-04 10:06:58.497;EnCours;Mer;IMPORTATEUR_ANON_4424;NINEA_ANON_51;001-I
2660469;Importation;2021-12-17 09:39:24.477;Initialise;Mer;IMPORTATEUR_ANON_1914;NINEA_ANON_156;001-I
2436156;Importation;2020-07-27 09:32:03.700;EnCours;Mer;IMPORTATEUR_ANON_134;NINEA_ANON_630;001-I
2478562;Importation;2020-11-03 14:42:50.917;Initialise;Mer;IMPORTATEUR_ANON_7640;NINEA_ANON_288;001-I
2487786;Importation;2020-11-23 10:25:59.583;EnCours;Mer;IMPORTATEUR_ANON_1345;NINEA_ANON_507;001-I
2499108;Importation;2020-12-16 16:38:43.353;EnCours;Mer;IMPORTATEUR_ANON_9556;NINEA_ANON_51;001-I
2535234;Importation;2021-03-11 11:40:30.867;EnCours;Mer;IMPORTATEUR_ANON_2506;NINEA_ANON_212;
2532448;Importation;2021-03-04 08:42:22.050;EnCours;Mer;IMPORTATEUR_ANON_7464;NINEA_ANON_545;001-I
2442194;Importation;2020-08-10 11:40:27.910;EnCours;Mer;IMPORTATEUR_ANON_7027;NINEA_ANON_691;001-I
2693622;Importation;2022-02-28 12:48:59.493;EnCours;Mer;IMPORTATEUR_ANON_1700;NINEA_ANON_706;001-I
2660350;Importation;2021-12-16 16:41:13.713;EnCours;Mer;IMPORTATEUR_ANON_184;NINEA_ANON_438;001-I
2470520;Importation;2020-10-14 16:31:31.197;EnCours;Mer;IMPORTATEUR_ANON_1124;NINEA_ANON_634;001-I
2530321;Importation;2021-02-26 12:16:31.343;EnCours;Mer;IMPORTATEUR_ANON_3332;NINEA_ANON_846;
2340737;Importation;2020-01-06 10:59:45.600;EnCours;Mer;IMPORTATEUR_ANON_3863;NINEA_ANON_628;001-I
2552665;Importation;2021-04-16 15:33:55.863;EnCours;Mer;IMPORTATEUR_ANON_8713;NINEA_ANON_398;001-I
2497016;Importation;2020-12-11 15:31:47.043;EnCours;Mer;IMPORTATEUR_ANON_1936;NINEA_ANON_930;001-I
2567737;Importation;2021-05-20 17:07:00.260;EnCours;Mer;IMPORTATEUR_ANON_9100;NINEA_ANON_438;001-I
2586485;Importation;2021-06-30 12:46:24.860;EnCours;Mer;IMPORTATEUR_ANON_8403;NINEA_ANON_584;001-I
2610899;Importation;2021-08-30 08:25:35.083;EnCours;Mer;IMPORTATEUR_ANON_4663;NINEA_ANON_805;001-I
2354003;Importation;2020-01-29 14:44:29.537;EnCours;Mer;IMPORTATEUR_ANON_8060;NINEA_ANON_730;001-I
2456238;Importation;2020-09-10 13:04:21.387;EnCours;Mer;IMPORTATEUR_ANON_9284;NINEA_ANON_956;001-I
2670856;Importation;2022-01-12 15:43:27.377;Initialise;Mer;IMPORTATEUR_ANON_7464;NINEA_ANON_545;001-I
2658701;Importation;2021-12-14 11:53:31.860;EnCours;Mer;IMPORTATEUR_ANON_7314;NINEA_ANON_328;001-I
2604335;Importation;2021-08-12 10:21:18.737;EnCours;Mer;IMPORTATEUR_ANON_2506;NINEA_ANON_212;
2456149;Importation;2020-09-10 11:59:34.657;EnCours;Mer;IMPORTATEUR_ANON_5760;NINEA_ANON_572;001-I
2409100;Importation;2020-05-22 15:35:40.100;EnCours;Mer;IMPORTATEUR_ANON_9628;NINEA_ANON_405;001-I
2526292;Importation;2021-02-18 09:56:53.890;EnCours;Mer;IMPORTATEUR_ANON_6563;NINEA_ANON_835;001-I
2586141;Importation;2021-06-29 17:33:59.517;EnCours;Mer;IMPORTATEUR_ANON_7464;NINEA_ANON_545;001-I
2532308;Importation;2021-03-03 15:50:23.370;EnCours;Mer;IMPORTATEUR_ANON_8011;NINEA_ANON_856;001-I
2399455;Importation;2020-05-04 12:43:51.800;EnCours;Mer;IMPORTATEUR_ANON_9284;NINEA_ANON_956;001-I
2530069;Importation;2021-02-26 09:14:12.317;EnCours;Mer;IMPORTATEUR_ANON_1308;NINEA_ANON_693;
2599516;Importation;2021-08-02 10:17:53.760;Initialise;Mer;IMPORTATEUR_ANON_7640;NINEA_ANON_288;001-I
2440112;Importation;2020-08-06 12:24:26.280;EnCours;Mer;IMPORTATEUR_ANON_3951;NINEA_ANON_125;001-I
2522536;Importation;2021-02-10 09:49:02.597;EnCours;Mer;IMPORTATEUR_ANON_347;NINEA_ANON_745;001-I
2442401;Importation;2020-08-10 14:55:15.773;EnCours;Mer;IMPORTATEUR_ANON_2623;NINEA_ANON_939;001-I
2466610;Importation;2020-10-07 08:56:38.523;EnCours;Mer;IMPORTATEUR_ANON_8978;NINEA_ANON_553;001-I
2417811;Importation;2020-06-15 11:04:10.910;EnCours;Mer;IMPORTATEUR_ANON_2308;NINEA_ANON_475;001-I
2619423;Importation;2021-09-16 15:43:39.550;EnCours;Mer;IMPORTATEUR_ANON_134;NINEA_ANON_630;001-I
2486324;Importation;2020-11-18 15:46:35.357;Initialise;Mer;IMPORTATEUR_ANON_819;NINEA_ANON_349;001-I
2638713;Importation;2021-11-02 12:49:46.740;EnCours;Mer;IMPORTATEUR_ANON_3951;NINEA_ANON_125;001-I
2577913;Importation;2021-06-11 15:40:50.933;EnCours;Mer;IMPORTATEUR_ANON_8414;NINEA_ANON_551;001-I
2644076;Importation;2021-11-13 12:25:27.947;EnCours;Mer;IMPORTATEUR_ANON_5804;NINEA_ANON_779;001-I
2595885;Importation;2021-07-23 11:14:31.620;EnCours;Mer;IMPORTATEUR_ANON_1133;NINEA_ANON_122;001-I
2622215;Importation;2021-09-23 10:31:02.357;EnCours;Mer;IMPORTATEUR_ANON_1914;NINEA_ANON_156;001-I
2426771;Importation;2020-07-03 17:35:43.507;EnCours;Mer;IMPORTATEUR_ANON_5804;NINEA_ANON_779;001-I
2535384;Importation;2021-03-11 13:23:27.920;EnCours;Mer;IMPORTATEUR_ANON_3863;NINEA_ANON_628;001-I
2538716;Importation;2021-03-18 10:35:37.333;EnCours;Mer;IMPORTATEUR_ANON_3871;NINEA_ANON_38;001-I
2687854;Importation;2022-02-17 11:36:06.460;EnCours;Mer;IMPORTATEUR_ANON_8699;NINEA_ANON_91;001-I
2442630;Importation;2020-08-11 08:57:46.967;Initialise;Mer;IMPORTATEUR_ANON_8932;NINEA_ANON_398;001-I
2543828;Importation;2021-03-29 13:01:38.587;EnCours;Mer;IMPORTATEUR_ANON_9628;NINEA_ANON_405;001-I
2468813;Importation;2020-10-12 12:19:21.543;EnCours;Mer;IMPORTATEUR_ANON_4244;NINEA_ANON_250;001-I
2563372;Importation;2021-05-10 14:21:18.713;EnCours;Mer;IMPORTATEUR_ANON_3438;NINEA_ANON_590;
2634726;Importation;2021-10-22 16:50:40.410;EnCours;Mer;IMPORTATEUR_ANON_9284;NINEA_ANON_956;001-I
2529703;Importation;2021-02-25 12:11:58.137;EnCours;Mer;IMPORTATEUR_ANON_1308;NINEA_ANON_693;
2363016;Importation;2020-02-14 16:38:07.713;Initialise;Mer;IMPORTATEUR_ANON_7166;NINEA_ANON_450;001-I
2483543;Importation;2020-11-12 09:52:18.067;EnCours;Mer;IMPORTATEUR_ANON_7166;NINEA_ANON_390;001-I
2427355;Importation;2020-07-06 15:22:43.030;EnCours;Mer;IMPORTATEUR_ANON_1497;NINEA_ANON_490;001-I
2689026;Importation;2022-02-18 16:20:16.737;EnCours;Mer;IMPORTATEUR_ANON_7464;NINEA_ANON_545;001-I
2689220;Importation;2022-02-21 08:44:11.703;EnCours;Mer;IMPORTATEUR_ANON_134;NINEA_ANON_630;001-I
2619591;Importation;2021-09-17 08:53:41.797;EnCours;Mer;IMPORTATEUR_ANON_6539;NINEA_ANON_481;001-I
2472039;Importation;2020-10-19 12:51:36.787;Initialise;Mer;IMPORTATEUR_ANON_3121;NINEA_ANON_607;001-I
2473955;Importation;2020-10-22 12:12:52.477;EnCours;Mer;IMPORTATEUR_ANON_9750;NINEA_ANON_894;001-I
2492223;Importation;2020-12-01 15:54:52.600;EnCours;Mer;IMPORTATEUR_ANON_9284;NINEA_ANON_956;001-I
2637329;Importation;2021-10-28 14:45:07.150;EnCours;Mer;IMPORTATEUR_ANON_3951;NINEA_ANON_125;001-I
2592780;Importation;2021-07-13 14:45:05.497;EnCours;Mer;IMPORTATEUR_ANON_3173;NINEA_ANON_79;001-I
2600871;Importation;2021-08-04 12:11:03.693;EnCours;Mer;IMPORTATEUR_ANON_4344;NINEA_ANON_927;001-I
2381555;Importation;2020-03-20 08:56:54.590;EnCours;Mer;IMPORTATEUR_ANON_428;NINEA_ANON_244;001-I
2348986;Importation;2020-01-21 08:19:59.420;EnCours;Mer;IMPORTATEUR_ANON_347;NINEA_ANON_745;001-I
2476112;Importation;2020-10-27 16:41:04.480;EnCours;Mer;IMPORTATEUR_ANON_9284;NINEA_ANON_956;001-I
2541130;Importation;2021-03-23 12:16:29.863;EnCours;Mer;IMPORTATEUR_ANON_5646;NINEA_ANON_344;001-I
2479753;Importation;2020-11-05 12:41:01.067;EnCours;Mer;IMPORTATEUR_ANON_6705;NINEA_ANON_314;001-I
2653532;Importation;2021-12-02 12:03:34.970;EnCours;Mer;IMPORTATEUR_ANON_5864;NINEA_ANON_371;001-I
2371031;Importation;2020-03-02 10:27:48.390;EnCours;Mer;IMPORTATEUR_ANON_9628;NINEA_ANON_405;001-I
2444570;Importation;2020-08-14 10:57:31.373;EnCours;Mer;IMPORTATEUR_ANON_5520;NINEA_ANON_462;001-I
2691868;Importation;2022-02-24 09:58:23.013;EnCours;Mer;IMPORTATEUR_ANON_1818;NINEA_ANON_980;001-I
2362994;Importation;2020-02-14 16:17:32.517;EnCours;Mer;IMPORTATEUR_ANON_8398;NINEA_ANON_917;001-I
2426802;Importation;2020-07-04 09:54:14.080;EnCours;Mer;IMPORTATEUR_ANON_134;NINEA_ANON_630;001-I
2546101;Importation;2021-04-02 09:44:20.133;EnCours;Mer;IMPORTATEUR_ANON_9549;NINEA_ANON_951;
2364987;Importation;2020-02-19 10:46:10.000;EnCours;Mer;IMPORTATEUR_ANON_2623;NINEA_ANON_939;001-I
2624867;Importation;2021-09-30 12:18:21.170;EnCours;Mer;IMPORTATEUR_ANON_8532;NINEA_ANON_461;001-I
2522854;Importation;2021-02-10 13:29:17.260;EnCours;Mer;IMPORTATEUR_ANON_219;NINEA_ANON_880;001-I
2572436;Importation;2021-06-01 11:56:02.220;EnCours;Mer;IMPORTATEUR_ANON_3863;NINEA_ANON_628;001-I
2433216;Importation;2020-07-20 08:32:21.350;EnCours;Mer;IMPORTATEUR_ANON_4475;NINEA_ANON_694;001-I
2465457;Importation;2020-10-01 14:34:54.810;EnCours;Mer;IMPORTATEUR_ANON_1960;NINEA_ANON_164;001-I
2574227;Importation;2021-06-04 10:19:41.320;EnCours;Mer;IMPORTATEUR_ANON_8011;NINEA_ANON_7;001-I
2396258;Importation;2020-04-24 11:40:40.040;EnCours;Mer;IMPORTATEUR_ANON_7514;NINEA_ANON_624;001-I
2537107;Importation;2021-03-16 08:48:27.017;EnCours;Mer;IMPORTATEUR_ANON_819;NINEA_ANON_349;001-I
2575944;Importation;2021-06-08 15:32:50.503;EnCours;Mer;IMPORTATEUR_ANON_9665;NINEA_ANON_68;001-I
2636755;Importation;2021-10-27 15:21:53.930;EnCours;Mer;IMPORTATEUR_ANON_5760;NINEA_ANON_572;001-I
2590660;Importation;2021-07-08 12:58:50.387;EnCours;Mer;IMPORTATEUR_ANON_2223;NINEA_ANON_102;001-I
2493052;Importation;2020-12-03 10:17:17.303;EnCours;Mer;IMPORTATEUR_ANON_9284;NINEA_ANON_956;001-I
2451585;Importation;2020-09-01 09:33:55.840;EnCours;Mer;IMPORTATEUR_ANON_9284;NINEA_ANON_956;001-I
2547059;Importation;2021-04-06 13:35:28.773;EnCours;Mer;IMPORTATEUR_ANON_9628;NINEA_ANON_405;001-I
2403150;Importation;2020-05-07 13:22:39.743;EnCours;Mer;IMPORTATEUR_ANON_1096;NINEA_ANON_301;001-I
2537808;Importation;2021-03-16 19:18:11.753;EnCours;Mer;IMPORTATEUR_ANON_3784;NINEA_ANON_269;001-I
2663580;Importation;2021-12-23 16:44:26.443;Initialise;Mer;IMPORTATEUR_ANON_6407;NINEA_ANON_57;001-I
2372342;Importation;2020-03-03 14:28:50.843;EnCours;Mer;IMPORTATEUR_ANON_8269;NINEA_ANON_745;001-I
2374929;Importation;2020-03-09 11:41:25.933;EnCours;Mer;IMPORTATEUR_ANON_5760;NINEA_ANON_572;001-I
2587472;Importation;2021-07-02 09:15:42.370;EnCours;Mer;IMPORTATEUR_ANON_9284;NINEA_ANON_956;001-I
2394957;Importation;2020-04-22 10:09:18.670;EnCours;Mer;IMPORTATEUR_ANON_134;NINEA_ANON_630;001-I
2440145;Transit;2020-08-06 12:47:56.650;EnCours;Mer;IMPORTATEUR_ANON_3144;NINEA_ANON_548;001-E
2365116;Importation;2020-02-19 12:14:06.177;EnCours;Mer;IMPORTATEUR_ANON_9952;NINEA_ANON_276;001-I
2500107;Importation;2020-12-18 13:36:21.920;Initialise;Mer;IMPORTATEUR_ANON_7409;NINEA_ANON_272;001-I
2539533;Importation;2021-03-19 11:55:23.763;EnCours;Mer;IMPORTATEUR_ANON_7107;NINEA_ANON_652;
2655411;Importation;2021-12-07 11:31:56.330;EnCours;Mer;IMPORTATEUR_ANON_6270;NINEA_ANON_903;001-I
2674089;Importation;2022-01-19 16:24:11.463;EnCours;Mer;IMPORTATEUR_ANON_4734;NINEA_ANON_866;001-I
2358214;Importation;2020-02-06 14:51:41.800;EnCours;Mer;IMPORTATEUR_ANON_102;NINEA_ANON_601;001-I
2667086;Importation;2022-01-03 16:12:44.940;EnCours;Mer;IMPORTATEUR_ANON_7464;NINEA_ANON_545;001-I
2634276;Importation;2021-10-22 10:12:34.120;EnCours;Mer;IMPORTATEUR_ANON_7464;NINEA_ANON_545;001-I
2530271;Importation;2021-02-26 11:41:12.223;EnCours;Mer;IMPORTATEUR_ANON_9749;NINEA_ANON_190;
2649696;Importation;2021-11-24 13:57:25.020;EnCours;Mer;IMPORTATEUR_ANON_9459;NINEA_ANON_554;001-I
2521660;Importation;2021-02-08 14:42:51.830;Initialise;Mer;IMPORTATEUR_ANON_819;NINEA_ANON_349;001-I
2381333;Importation;2020-03-19 15:08:14.690;Initialise;Mer;IMPORTATEUR_ANON_3863;NINEA_ANON_628;001-I
2534715;Importation;2021-03-10 15:00:17.987;Initialise;Mer;IMPORTATEUR_ANON_3863;NINEA_ANON_628;001-I
2407930;Importation;2020-05-19 13:10:10.103;Initialise;Mer;IMPORTATEUR_ANON_3150;NINEA_ANON_476;001-I
2370926;Importation;2020-03-02 09:26:17.217;EnCours;Mer;IMPORTATEUR_ANON_1818;NINEA_ANON_980;001-I
2556128;Importation;2021-04-23 18:19:40.340;EnCours;Mer;IMPORTATEUR_ANON_8011;NINEA_ANON_856;001-I
2693180;Importation;2022-02-27 17:08:47.807;EnCours;Mer;IMPORTATEUR_ANON_9825;NINEA_ANON_307;001-I
2560473;Importation;2021-05-04 10:55:18.817;EnCours;Mer;IMPORTATEUR_ANON_7959;NINEA_ANON_373;
2519816;Importation;2021-02-03 15:43:59.927;EnCours;Mer;IMPORTATEUR_ANON_3438;NINEA_ANON_590;
2591111;Importation;2021-07-09 10:06:38.353;EnCours;Mer;IMPORTATEUR_ANON_2308;NINEA_ANON_475;001-I
2585613;Importation;2021-06-29 09:54:34.953;Initialise;Mer;IMPORTATEUR_ANON_9628;NINEA_ANON_405;001-I
2490309;Importation;2020-11-27 08:18:23.257;EnCours;Mer;IMPORTATEUR_ANON_7514;NINEA_ANON_521;001-I
2434452;Importation;2020-07-22 10:17:19.403;EnCours;Mer;IMPORTATEUR_ANON_134;NINEA_ANON_630;001-I
2415456;Importation;2020-06-09 13:06:26.650;EnCours;Mer;IMPORTATEUR_ANON_4424;NINEA_ANON_51;001-I
2443452;Importation;2020-08-12 11:17:29.503;EnCours;Mer;IMPORTATEUR_ANON_2528;NINEA_ANON_944;001-I
2485171;Importation;2020-11-16 16:18:00.933;EnCours;Mer;IMPORTATEUR_ANON_9284;NINEA_ANON_956;001-I
2505931;Importation;2021-01-06 08:24:08.960;EnCours;Mer;IMPORTATEUR_ANON_2303;NINEA_ANON_355;
2380754;Importation;2020-03-18 16:07:24.363;EnCours;Mer;IMPORTATEUR_ANON_1818;NINEA_ANON_980;001-I
2486762;Importation;2020-11-19 13:21:39.933;EnCours;Mer;IMPORTATEUR_ANON_134;NINEA_ANON_630;001-I
2606353;Importation;2021-08-17 12:24:13.183;Initialise;Mer;IMPORTATEUR_ANON_2615;NINEA_ANON_535;001-I
2666264;Importation;2021-12-30 16:17:23.597;EnCours;Mer;IMPORTATEUR_ANON_2308;NINEA_ANON_475;001-I
2436401;Importation;2020-07-27 12:54:13.843;EnCours;Mer;IMPORTATEUR_ANON_9100;NINEA_ANON_438;001-I
2567729;Importation;2021-05-20 17:00:18.997;EnCours;Mer;IMPORTATEUR_ANON_9284;NINEA_ANON_956;001-I
2406460;Transit;2020-05-15 09:58:14.667;EnCours;Mer;IMPORTATEUR_ANON_7456;NINEA_ANON_573;001-E
2452979;Importation;2020-09-03 12:32:58.743;EnCours;Mer;IMPORTATEUR_ANON_4663;NINEA_ANON_805;001-I
2613891;Importation;2021-09-06 09:49:02.910;EnCours;Mer;IMPORTATEUR_ANON_8713;NINEA_ANON_398;001-I
2631708;Importation;2021-10-15 11:00:21.817;EnCours;Mer;IMPORTATEUR_ANON_9284;NINEA_ANON_956;001-I
2674646;Importation;2022-01-20 15:00:07.007;EnCours;Mer;IMPORTATEUR_ANON_5653;NINEA_ANON_803;001-I
2589823;Importation;2021-07-07 11:07:33.180;EnCours;Mer;IMPORTATEUR_ANON_2528;NINEA_ANON_474;001-I
2480320;Importation;2020-11-06 12:25:43.577;EnCours;Mer;IMPORTATEUR_ANON_9284;NINEA_ANON_956;001-I
2496280;Importation;2020-12-10 11:45:11.617;EnCours;Mer;IMPORTATEUR_ANON_4663;NINEA_ANON_805;001-I
2630574;Importation;2021-10-13 13:19:00.440;EnCours;Mer;IMPORTATEUR_ANON_134;NINEA_ANON_630;001-I
2464224;Importation;2020-09-29 12:54:14.120;EnCours;Mer;IMPORTATEUR_ANON_3144;NINEA_ANON_548;001-I
2396533;Importation;2020-04-25 08:55:03.180;EnCours;Mer;IMPORTATEUR_ANON_4424;NINEA_ANON_51;001-I
2480108;Importation;2020-11-06 09:32:30.980;EnCours;Mer;IMPORTATEUR_ANON_7166;NINEA_ANON_390;001-I
2411376;Exportation;2020-05-29 12:20:29.610;EnCours;Mer;IMPORTATEUR_ANON_8941;NINEA_ANON_777;001-E
2677443;Importation;2022-01-27 12:04:38.290;Initialise;Mer;IMPORTATEUR_ANON_9750;NINEA_ANON_894;001-I
2635773;Importation;2021-10-26 11:11:01.407;Initialise;Mer;IMPORTATEUR_ANON_1914;NINEA_ANON_156;001-I
2506046;Importation;2021-01-06 10:35:40.863;EnCours;Mer;IMPORTATEUR_ANON_9202;NINEA_ANON_628;001-I
2442232;Importation;2020-08-10 12:22:52.267;Initialise;Mer;IMPORTATEUR_ANON_3144;NINEA_ANON_548;001-I
2342001;Importation;2020-01-07 17:12:34.837;EnCours;Mer;IMPORTATEUR_ANON_7057;NINEA_ANON_633;001-I
2508726;Importation;2021-01-12 13:35:43.600;Initialise;Mer;IMPORTATEUR_ANON_5693;NINEA_ANON_717;001-I
2390684;Importation;2020-04-10 14:41:03.567;EnCours;Mer;IMPORTATEUR_ANON_9942;NINEA_ANON_670;001-I
2669209;Importation;2022-01-10 10:10:04.497;EnCours;Mer;IMPORTATEUR_ANON_1026;NINEA_ANON_774;001-I
2547609;Importation;2021-04-07 11:47:53.467;EnCours;Mer;IMPORTATEUR_ANON_9750;NINEA_ANON_894;001-I
2417568;Importation;2020-06-15 08:16:48.160;EnCours;Mer;IMPORTATEUR_ANON_8825;NINEA_ANON_883;001-I
2424645;Importation;2020-06-30 10:49:06.587;EnCours;Mer;IMPORTATEUR_ANON_4663;NINEA_ANON_805;001-I
2475899;Importation;2020-10-27 13:04:24.110;EnCours;Mer;IMPORTATEUR_ANON_899;NINEA_ANON_849;001-I
2477019;Importation;2020-10-29 11:03:12.200;EnCours;Mer;IMPORTATEUR_ANON_7464;NINEA_ANON_545;001-I
2607631;Importation;2021-08-20 16:22:55.137;EnCours;Mer;IMPORTATEUR_ANON_7166;NINEA_ANON_997;001-I
2361904;Importation;2020-02-13 10:18:01.133;EnCours;Mer;IMPORTATEUR_ANON_7514;NINEA_ANON_490;001-I
2374117;Importation;2020-03-06 10:58:32.490;EnCours;Mer;IMPORTATEUR_ANON_9749;NINEA_ANON_190;001-I
2512685;Importation;2021-01-20 10:04:13.710;EnCours;Mer;IMPORTATEUR_ANON_9284;NINEA_ANON_956;001-I
2340374;Importation;2020-01-03 15:25:07.693;EnCours;Mer;IMPORTATEUR_ANON_9284;NINEA_ANON_956;001-I
2371467;Importation;2020-03-02 13:58:09.007;EnCours;Mer;IMPORTATEUR_ANON_2623;NINEA_ANON_939;001-I
2597674;Importation;2021-07-28 10:13:43.587;EnCours;Mer;IMPORTATEUR_ANON_3768;NINEA_ANON_664;001-I
2372490;Importation;2020-03-03 16:53:48.080;EnCours;Mer;IMPORTATEUR_ANON_4670;NINEA_ANON_914;001-I
2565329;Importation;2021-05-17 12:22:40.833;EnCours;Mer;IMPORTATEUR_ANON_134;NINEA_ANON_630;001-I
2679612;Importation;2022-02-02 08:47:09.007;EnCours;Mer;IMPORTATEUR_ANON_134;NINEA_ANON_630;001-I
2357368;Importation;2020-02-05 13:25:15.557;Initialise;Mer;IMPORTATEUR_ANON_1786;NINEA_ANON_314;001-I
2525823;Importation;2021-02-17 12:06:14.333;EnCours;Mer;IMPORTATEUR_ANON_5864;NINEA_ANON_371;001-I
2421500;Importation;2020-06-23 11:46:11.003;EnCours;Mer;IMPORTATEUR_ANON_4067;NINEA_ANON_283;001-I
2606406;Importation;2021-08-17 13:14:55.250;EnCours;Mer;IMPORTATEUR_ANON_1914;NINEA_ANON_156;001-I
2593364;Importation;2021-07-14 14:01:13.830;EnCours;Mer;IMPORTATEUR_ANON_134;NINEA_ANON_630;001-I
2609340;Importation;2021-08-25 12:46:23.910;EnCours;Mer;IMPORTATEUR_ANON_134;NINEA_ANON_630;001-I
2504582;Importation;2020-12-31 11:24:41.223;EnCours;Mer;IMPORTATEUR_ANON_9735;NINEA_ANON_724;001-I
2437808;Importation;2020-07-29 16:16:10.177;EnCours;Mer;IMPORTATEUR_ANON_2308;NINEA_ANON_475;001-I
2483136;Importation;2020-11-11 11:23:10.563;EnCours;Mer;IMPORTATEUR_ANON_134;NINEA_ANON_630;001-I
2419260;Importation;2020-06-17 12:42:35.740;EnCours;Mer;IMPORTATEUR_ANON_7166;NINEA_ANON_390;001-I
2667323;Importation;2022-01-04 10:55:13.117;Initialise;Mer;IMPORTATEUR_ANON_7166;NINEA_ANON_390;001-I
2496612;Importation;2020-12-10 18:01:14.033;EnCours;Mer;IMPORTATEUR_ANON_8011;NINEA_ANON_856;001-I
2642383;Importation;2021-11-10 11:26:16.383;EnCours;Mer;IMPORTATEUR_ANON_7464;NINEA_ANON_545;001-I
2443779;Importation;2020-08-12 16:42:17.990;EnCours;Mer;IMPORTATEUR_ANON_134;NINEA_ANON_630;001-I
2388236;Importation;2020-04-03 19:21:22.953;EnCours;Mer;IMPORTATEUR_ANON_8011;NINEA_ANON_856;001-I
2480201;Importation;2020-11-06 10:45:26.840;EnCours;Mer;IMPORTATEUR_ANON_501;NINEA_ANON_724;001-I
2426374;Importation;2020-07-03 10:53:52.067;EnCours;Mer;IMPORTATEUR_ANON_3951;NINEA_ANON_125;001-I
2469630;Importation;2020-10-13 13:20:21.773;EnCours;Mer;IMPORTATEUR_ANON_7464;NINEA_ANON_545;001-I
2543490;Importation;2021-03-29 09:39:09.150;EnCours;Mer;IMPORTATEUR_ANON_7464;NINEA_ANON_545;001-I
2416575;Importation;2020-06-11 11:41:23.017;EnCours;Mer;IMPORTATEUR_ANON_7464;NINEA_ANON_545;001-I
2409750;Importation;2020-05-26 13:54:03.307;EnCours;Mer;IMPORTATEUR_ANON_3863;NINEA_ANON_628;001-I
2540556;Importation;2021-03-22 14:28:45.693;EnCours;Mer;IMPORTATEUR_ANON_8374;NINEA_ANON_266;001-I
2621055;Importation;2021-09-21 11:49:36.337;EnCours;Mer;IMPORTATEUR_ANON_1096;NINEA_ANON_301;001-I
2528944;Importation;2021-02-24 10:11:04.387;EnCours;Mer;IMPORTATEUR_ANON_2506;NINEA_ANON_212;
2604733;Importation;2021-08-12 16:48:02.953;EnCours;Mer;IMPORTATEUR_ANON_482;NINEA_ANON_467;001-I
2584129;Importation;2021-06-24 23:57:27.270;EnCours;Mer;IMPORTATEUR_ANON_9284;NINEA_ANON_956;001-I
2524688;Importation;2021-02-15 14:16:50.423;EnCours;Mer;IMPORTATEUR_ANON_8060;NINEA_ANON_730;
2507221;Importation;2021-01-08 11:53:23.820;EnCours;Mer;IMPORTATEUR_ANON_6877;NINEA_ANON_716;001-I
2678057;Importation;2022-01-28 13:21:17.270;EnCours;Mer;IMPORTATEUR_ANON_1818;NINEA_ANON_980;001-I
2637782;Importation;2021-10-29 11:45:30.867;EnCours;Mer;IMPORTATEUR_ANON_3660;NINEA_ANON_450;001-I
2523827;Importation;2021-02-12 11:11:08.683;EnCours;Mer;IMPORTATEUR_ANON_5326;NINEA_ANON_490;001-I
2607558;Importation;2021-08-20 15:28:22.100;EnCours;Mer;IMPORTATEUR_ANON_9284;NINEA_ANON_956;001-I
2675949;Importation;2022-01-24 17:30:36.900;EnCours;Mer;IMPORTATEUR_ANON_7464;NINEA_ANON_545;001-I
2458767;Importation;2020-09-16 15:00:35.483;EnCours;Mer;IMPORTATEUR_ANON_8880;NINEA_ANON_393;001-I
2680588;Importation;2022-02-03 15:19:56.420;EnCours;Mer;IMPORTATEUR_ANON_7464;NINEA_ANON_545;001-I
2628962;Importation;2021-10-11 10:00:36.167;EnCours;Mer;IMPORTATEUR_ANON_3660;NINEA_ANON_379;001-I
2662311;Importation;2021-12-21 15:59:50.473;EnCours;Mer;IMPORTATEUR_ANON_4744;NINEA_ANON_222;001-I
2358704;Importation;2020-02-07 11:44:28.947;EnCours;Mer;IMPORTATEUR_ANON_457;NINEA_ANON_711;001-I
2486014;Importation;2020-11-18 11:01:55.037;EnCours;Mer;IMPORTATEUR_ANON_3438;NINEA_ANON_590;001-I
2670659;Importation;2022-01-12 12:15:42.060;EnCours;Mer;IMPORTATEUR_ANON_2623;NINEA_ANON_14;001-I
2426598;Importation;2020-07-03 13:17:10.640;EnCours;Mer;IMPORTATEUR_ANON_9284;NINEA_ANON_956;001-I
2390921;Importation;2020-04-14 08:52:00.717;EnCours;Mer;IMPORTATEUR_ANON_3407;NINEA_ANON_902;001-I
2444379;Importation;2020-08-13 17:01:09.537;EnCours;Mer;IMPORTATEUR_ANON_4428;NINEA_ANON_802;001-I
2565379;Importation;2021-05-17 13:04:21.027;EnCours;Mer;IMPORTATEUR_ANON_4625;NINEA_ANON_485;001-I
2629089;Importation;2021-10-11 11:31:48.907;EnCours;Mer;IMPORTATEUR_ANON_134;NINEA_ANON_630;001-I
2564281;Importation;2021-05-12 09:24:12.773;EnCours;Mer;IMPORTATEUR_ANON_2308;NINEA_ANON_475;001-I
2408876;Importation;2020-05-22 11:27:57.563;EnCours;Mer;IMPORTATEUR_ANON_2585;NINEA_ANON_854;001-I
2456095;Importation;2020-09-10 11:19:24.670;EnCours;Mer;IMPORTATEUR_ANON_7464;NINEA_ANON_545;001-I
2447031;Importation;2020-08-20 11:24:09.633;EnCours;Mer;IMPORTATEUR_ANON_2308;NINEA_ANON_475;001-I
2570249;Importation;2021-05-27 10:40:37.380;EnCours;Mer;IMPORTATEUR_ANON_3438;NINEA_ANON_590;
2556135;Importation;2021-04-24 09:19:40.377;EnCours;Mer;IMPORTATEUR_ANON_5864;NINEA_ANON_371;001-I
2374601;Importation;2020-03-07 12:49:08.067;EnCours;Mer;IMPORTATEUR_ANON_4428;NINEA_ANON_802;001-I
2536338;Importation;2021-03-15 08:59:48.780;EnCours;Mer;IMPORTATEUR_ANON_2623;NINEA_ANON_939;001-I
2404676;Importation;2020-05-12 08:53:17.930;EnCours;Mer;IMPORTATEUR_ANON_134;NINEA_ANON_630;001-I
2344112;Importation;2020-01-10 16:11:34.500;EnCours;Mer;IMPORTATEUR_ANON_2623;NINEA_ANON_939;001-I
2614930;Importation;2021-09-07 15:59:17.620;EnCours;Mer;IMPORTATEUR_ANON_6857;NINEA_ANON_43;001-I
2523382;Importation;2021-02-11 13:11:35.940;EnCours;Mer;IMPORTATEUR_ANON_8011;NINEA_ANON_856;001-I
2528346;Importation;2021-02-23 10:25:24.070;EnCours;Mer;IMPORTATEUR_ANON_134;NINEA_ANON_630;
2472739;Importation;2020-10-20 12:14:54.993;EnCours;Mer;IMPORTATEUR_ANON_6407;NINEA_ANON_984;001-I
2427970;Importation;2020-07-07 12:53:10.873;Initialise;Mer;IMPORTATEUR_ANON_3863;NINEA_ANON_628;001-I
2644065;Importation;2021-11-13 11:08:51.117;EnCours;Mer;IMPORTATEUR_ANON_5804;NINEA_ANON_779;001-I
2684244;Importation;2022-02-11 11:01:08.803;EnCours;Mer;IMPORTATEUR_ANON_9628;NINEA_ANON_405;001-I
2465093;Importation;2020-10-01 08:38:19.037;EnCours;Mer;IMPORTATEUR_ANON_134;NINEA_ANON_630;001-I
2501602;Importation;2020-12-22 15:43:54.223;EnCours;Mer;IMPORTATEUR_ANON_3287;NINEA_ANON_511;001-I
2506371;Importation;2021-01-06 16:27:07.710;EnCours;Mer;IMPORTATEUR_ANON_278;NINEA_ANON_355;001-I
2555285;Importation;2021-04-22 13:13:44.130;EnCours;Mer;IMPORTATEUR_ANON_449;NINEA_ANON_857;
2440137;Importation;2020-08-06 12:41:10.773;EnCours;Mer;IMPORTATEUR_ANON_5864;NINEA_ANON_371;001-I
2603702;Importation;2021-08-11 07:54:24.810;EnCours;Mer;IMPORTATEUR_ANON_4052;NINEA_ANON_54;
2525256;Importation;2021-02-16 12:48:24.260;EnCours;Mer;IMPORTATEUR_ANON_7409;NINEA_ANON_272;001-I
2629258;Importation;2021-10-11 13:03:14.490;EnCours;Mer;IMPORTATEUR_ANON_1794;NINEA_ANON_122;001-I
2463937;Importation;2020-09-29 09:47:40.330;EnCours;Mer;IMPORTATEUR_ANON_1818;NINEA_ANON_980;001-I
2344734;Importation;2020-01-13 12:42:37.183;EnCours;Mer;IMPORTATEUR_ANON_6640;NINEA_ANON_138;001-I
2390611;Importation;2020-04-10 13:14:42.817;EnCours;Mer;IMPORTATEUR_ANON_4744;NINEA_ANON_747;001-I
2350251;Importation;2020-01-22 13:47:40.783;EnCours;Mer;IMPORTATEUR_ANON_7847;NINEA_ANON_783;001-I
2537883;Importation;2021-03-17 09:35:34.217;EnCours;Mer;IMPORTATEUR_ANON_1267;NINEA_ANON_958;001-I
2653675;Importation;2021-12-02 13:57:55.797;EnCours;Mer;IMPORTATEUR_ANON_5196;NINEA_ANON_423;001-I
2608871;Importation;2021-08-24 14:31:38.683;EnCours;Mer;IMPORTATEUR_ANON_2623;NINEA_ANON_14;001-I
2359187;Importation;2020-02-09 20:15:16.847;EnCours;Mer;IMPORTATEUR_ANON_1352;NINEA_ANON_854;001-I
2517037;Importation;2021-01-28 13:01:51.653;EnCours;Mer;IMPORTATEUR_ANON_2506;NINEA_ANON_212;
2642159;Importation;2021-11-10 08:49:41.460;EnCours;Mer;IMPORTATEUR_ANON_9284;NINEA_ANON_956;001-I
2464233;Importation;2020-09-29 13:03:22.363;EnCours;Mer;IMPORTATEUR_ANON_3539;NINEA_ANON_881;001-I
2526250;Importation;2021-02-18 09:18:19.450;EnCours;Mer;IMPORTATEUR_ANON_872;NINEA_ANON_172;001-I
2557207;Importation;2021-04-27 11:10:42.287;EnCours;Mer;IMPORTATEUR_ANON_5014;NINEA_ANON_959;
2543809;Importation;2021-03-29 12:50:28.690;EnCours;Mer;IMPORTATEUR_ANON_3135;NINEA_ANON_687;001-I
2566592;Importation;2021-05-19 10:02:48.583;EnCours;Mer;IMPORTATEUR_ANON_9008;NINEA_ANON_224;001-I
2559224;Importation;2021-04-30 12:26:17.177;EnCours;Mer;IMPORTATEUR_ANON_8060;NINEA_ANON_730;
2611094;Importation;2021-08-30 11:33:54.450;Initialise;Mer;IMPORTATEUR_ANON_1426;NINEA_ANON_616;001-I
2615487;Importation;2021-09-08 14:48:03.653;EnCours;Mer;IMPORTATEUR_ANON_3572;NINEA_ANON_930;001-I
2433900;Importation;2020-07-21 10:51:16.780;EnCours;Mer;IMPORTATEUR_ANON_3660;NINEA_ANON_379;001-I
2387147;Importation;2020-04-02 09:16:31.190;EnCours;Mer;IMPORTATEUR_ANON_3407;NINEA_ANON_902;001-I
2362583;Importation;2020-02-14 09:55:27.537;EnCours;Mer;IMPORTATEUR_ANON_134;NINEA_ANON_630;001-I
2490754;Importation;2020-11-27 15:41:33.173;EnCours;Mer;IMPORTATEUR_ANON_9284;NINEA_ANON_956;001-I
2561911;Importation;2021-05-06 12:41:21.477;EnCours;Mer;IMPORTATEUR_ANON_7279;NINEA_ANON_32;001-I
2505038;Importation;2021-01-04 11:32:56.177;EnCours;Mer;IMPORTATEUR_ANON_7464;NINEA_ANON_545;001-I
2539355;Importation;2021-03-19 09:57:35.513;EnCours;Mer;IMPORTATEUR_ANON_2506;NINEA_ANON_212;
2457943;Importation;2020-09-15 11:50:13.330;EnCours;Mer;IMPORTATEUR_ANON_134;NINEA_ANON_630;001-I
2629356;Importation;2021-10-11 14:38:03.407;EnCours;Mer;IMPORTATEUR_ANON_3863;NINEA_ANON_628;001-I
2405858;Importation;2020-05-14 08:55:24.697;EnCours;Mer;IMPORTATEUR_ANON_2528;NINEA_ANON_944;001-I
2653605;Importation;2021-12-02 12:57:02.227;EnCours;Mer;IMPORTATEUR_ANON_134;NINEA_ANON_630;001-I
2653108;Importation;2021-12-01 15:52:33.773;EnCours;Mer;IMPORTATEUR_ANON_4744;NINEA_ANON_222;001-I
2524010;Importation;2021-02-12 14:30:24.647;EnCours;Mer;IMPORTATEUR_ANON_9284;NINEA_ANON_956;001-I
2516211;Importation;2021-01-27 10:59:57.400;EnCours;Mer;IMPORTATEUR_ANON_1124;NINEA_ANON_111;
2636407;Importation;2021-10-27 10:05:39.243;EnCours;Mer;IMPORTATEUR_ANON_7464;NINEA_ANON_545;001-I
2666856;Importation;2022-01-03 12:01:54.750;EnCours;Mer;IMPORTATEUR_ANON_6270;NINEA_ANON_22;001-I
2612600;Importation;2021-09-01 17:57:24.707;EnCours;Mer;IMPORTATEUR_ANON_8011;NINEA_ANON_7;001-I
2637674;Importation;2021-10-29 10:37:06.047;EnCours;Mer;IMPORTATEUR_ANON_134;NINEA_ANON_630;001-I
2429432;Importation;2020-07-10 08:35:35.097;EnCours;Mer;IMPORTATEUR_ANON_8713;NINEA_ANON_398;001-I
2495710;Importation;2020-12-09 12:50:26.640;EnCours;Mer;IMPORTATEUR_ANON_9750;NINEA_ANON_894;001-I
2579451;Importation;2021-06-15 16:11:44.840;EnCours;Mer;IMPORTATEUR_ANON_5888;NINEA_ANON_61;001-I
2456012;Importation;2020-09-10 10:21:41.993;EnCours;Mer;IMPORTATEUR_ANON_4663;NINEA_ANON_805;001-I
2661623;Importation;2021-12-20 15:03:11.980;EnCours;Mer;IMPORTATEUR_ANON_134;NINEA_ANON_630;001-I
2406420;Importation;2020-05-15 09:32:33.957;EnCours;Mer;IMPORTATEUR_ANON_9284;NINEA_ANON_956;001-I
2555566;Importation;2021-04-23 08:56:58.550;EnCours;Mer;IMPORTATEUR_ANON_134;NINEA_ANON_630;
2629395;Importation;2021-10-11 15:14:28.877;EnCours;Mer;IMPORTATEUR_ANON_2623;NINEA_ANON_14;001-I
2656905;Importation;2021-12-09 14:49:33.017;EnCours;Mer;IMPORTATEUR_ANON_428;NINEA_ANON_244;001-I
2475642;Importation;2020-10-27 10:11:36.273;EnCours;Mer;IMPORTATEUR_ANON_2130;NINEA_ANON_473;001-I
2676941;Importation;2022-01-26 14:14:36.520;EnCours;Mer;IMPORTATEUR_ANON_7038;NINEA_ANON_900;001-I
2363119;Importation;2020-02-15 15:39:16.400;EnCours;Mer;IMPORTATEUR_ANON_134;NINEA_ANON_630;001-I
2530058;Importation;2021-02-26 09:08:45.547;EnCours;Mer;IMPORTATEUR_ANON_8713;NINEA_ANON_398;001-I
2689919;Importation;2022-02-21 15:19:58.323;EnCours;Mer;IMPORTATEUR_ANON_6644;NINEA_ANON_212;001-I
2566266;Importation;2021-05-18 15:07:26.347;EnCours;Mer;IMPORTATEUR_ANON_4424;NINEA_ANON_51;001-I
2461065;Importation;2020-09-22 12:53:15.840;EnCours;Mer;IMPORTATEUR_ANON_4734;NINEA_ANON_866;001-I
2622126;Importation;2021-09-23 09:22:42.113;EnCours;Mer;IMPORTATEUR_ANON_1133;NINEA_ANON_122;001-I
2641964;Importation;2021-11-09 16:22:18.220;EnCours;Mer;IMPORTATEUR_ANON_3601;NINEA_ANON_924;001-I
2538162;Importation;2021-03-17 12:20:11.047;EnCours;Mer;IMPORTATEUR_ANON_6681;NINEA_ANON_809;001-I
2544571;Importation;2021-03-30 14:10:25.643;EnCours;Mer;IMPORTATEUR_ANON_7464;NINEA_ANON_545;001-I
2653468;Importation;2021-12-02 11:15:36.247;EnCours;Mer;IMPORTATEUR_ANON_7464;NINEA_ANON_545;001-I
2535638;Importation;2021-03-12 08:52:04.727;EnCours;Mer;IMPORTATEUR_ANON_134;NINEA_ANON_630;
2546673;Importation;2021-04-06 08:55:37.397;EnCours;Mer;IMPORTATEUR_ANON_8958;NINEA_ANON_25;001-I
2527268;Importation;2021-02-19 16:13:46.793;EnCours;Mer;IMPORTATEUR_ANON_3951;NINEA_ANON_125;001-I
2398096;Importation;2020-04-29 11:58:19.193;EnCours;Mer;IMPORTATEUR_ANON_3939;NINEA_ANON_346;001-I
2438495;Importation;2020-08-03 13:16:35.677;EnCours;Mer;IMPORTATEUR_ANON_9284;NINEA_ANON_956;001-I
2624005;Importation;2021-09-29 10:06:36.493;EnCours;Mer;IMPORTATEUR_ANON_6309;NINEA_ANON_385;001-I
2473539;Importation;2020-10-21 15:24:16.760;EnCours;Mer;IMPORTATEUR_ANON_1793;NINEA_ANON_614;001-I
2387174;Importation;2020-04-02 09:40:49.083;EnCours;Mer;IMPORTATEUR_ANON_6270;NINEA_ANON_903;001-I
2582710;Importation;2021-06-22 15:12:50.903;EnCours;Mer;IMPORTATEUR_ANON_2308;NINEA_ANON_475;001-I
2662720;Importation;2021-12-22 12:14:45.810;EnCours;Mer;IMPORTATEUR_ANON_2308;NINEA_ANON_475;001-I
2447926;Importation;2020-08-22 09:17:24.827;EnCours;Mer;IMPORTATEUR_ANON_134;NINEA_ANON_630;001-I
2551651;Importation;2021-04-15 11:08:37.330;EnCours;Mer;IMPORTATEUR_ANON_9564;NINEA_ANON_214;001-I
2614001;Importation;2021-09-06 10:52:16.117;EnCours;Mer;IMPORTATEUR_ANON_134;NINEA_ANON_630;001-I
2601391;Importation;2021-08-05 11:06:28.290;EnCours;Mer;IMPORTATEUR_ANON_1426;NINEA_ANON_616;001-I
2587371;Importation;2021-07-01 16:55:05.597;EnCours;Mer;IMPORTATEUR_ANON_5804;NINEA_ANON_779;001-I
2514744;Importation;2021-01-25 11:15:50.720;EnCours;Mer;IMPORTATEUR_ANON_6058;NINEA_ANON_637;001-I
2566133;Importation;2021-05-18 13:07:59.990;EnCours;Mer;IMPORTATEUR_ANON_3951;NINEA_ANON_125;001-I
2673023;Importation;2022-01-18 10:51:56.453;EnCours;Mer;IMPORTATEUR_ANON_134;NINEA_ANON_630;001-I
2591498;Importation;2021-07-09 15:21:02.417;EnCours;Mer;IMPORTATEUR_ANON_9284;NINEA_ANON_956;001-I
2407623;Importation;2020-05-19 08:25:03.317;Initialise;Mer;IMPORTATEUR_ANON_819;NINEA_ANON_349;001-I
2495331;Importation;2020-12-08 18:02:34.127;EnCours;Mer;IMPORTATEUR_ANON_7464;NINEA_ANON_545;001-I
2438702;Importation;2020-08-04 08:09:03.600;EnCours;Mer;IMPORTATEUR_ANON_4067;NINEA_ANON_283;001-I
2453504;Importation;2020-09-04 11:33:14.110;Initialise;Mer;IMPORTATEUR_ANON_5434;NINEA_ANON_494;001-I
2406282;Importation;2020-05-14 15:59:04.153;EnCours;Mer;IMPORTATEUR_ANON_2308;NINEA_ANON_475;001-I
2594181;Importation;2021-07-16 08:10:38.043;EnCours;Mer;IMPORTATEUR_ANON_8011;NINEA_ANON_7;001-I
2386011;Importation;2020-03-31 09:41:27.187;EnCours;Mer;IMPORTATEUR_ANON_1253;NINEA_ANON_687;001-I
2483055;Importation;2020-11-11 10:38:58.780;EnCours;Mer;IMPORTATEUR_ANON_3438;NINEA_ANON_590;001-I
2527003;Importation;2021-02-19 11:26:46.303;EnCours;Mer;IMPORTATEUR_ANON_8042;NINEA_ANON_114;
2559974;Importation;2021-05-03 13:09:19.620;EnCours;Mer;IMPORTATEUR_ANON_3743;NINEA_ANON_378;
2455911;Importation;2020-09-10 08:59:42.337;EnCours;Mer;IMPORTATEUR_ANON_9564;NINEA_ANON_372;001-I
2623089;Importation;2021-09-24 15:22:56.150;EnCours;Mer;IMPORTATEUR_ANON_7409;NINEA_ANON_272;001-I
2413493;Importation;2020-06-04 13:09:21.943;EnCours;Mer;IMPORTATEUR_ANON_7464;NINEA_ANON_545;001-I
2519713;Importation;2021-02-03 13:31:11.810;EnCours;Mer;IMPORTATEUR_ANON_4320;NINEA_ANON_570;001-I
2647621;Importation;2021-11-19 15:15:49.180;EnCours;Mer;IMPORTATEUR_ANON_5864;NINEA_ANON_371;001-I
2491313;Importation;2020-11-30 12:20:36.950;EnCours;Mer;IMPORTATEUR_ANON_1123;NINEA_ANON_764;001-I
2464096;Importation;2020-09-29 11:36:16.963;EnCours;Mer;IMPORTATEUR_ANON_3407;NINEA_ANON_902;001-I
2511080;Importation;2021-01-18 10:37:54.060;EnCours;Mer;IMPORTATEUR_ANON_872;NINEA_ANON_352;001-I
2602719;Importation;2021-08-09 12:36:37.453;EnCours;Mer;IMPORTATEUR_ANON_2623;NINEA_ANON_14;001-I
2650188;Importation;2021-11-25 12:40:06.327;EnCours;Mer;IMPORTATEUR_ANON_7557;NINEA_ANON_278;001-I
2439228;Importation;2020-08-04 16:54:50.167;EnCours;Mer;IMPORTATEUR_ANON_7464;NINEA_ANON_545;001-I
2422667;Transit;2020-06-25 10:29:06.240;Initialise;Mer;IMPORTATEUR_ANON_3213;NINEA_ANON_30;001-E
2443507;Importation;2020-08-12 12:06:05.513;EnCours;Mer;IMPORTATEUR_ANON_2623;NINEA_ANON_939;001-I
2690181;Importation;2022-02-22 08:55:54.220;EnCours;Mer;IMPORTATEUR_ANON_134;NINEA_ANON_630;001-I
2379926;Importation;2020-03-17 14:00:05.890;EnCours;Mer;IMPORTATEUR_ANON_1000;NINEA_ANON_616;001-I
2616333;Importation;2021-09-09 16:41:46.110;EnCours;Mer;IMPORTATEUR_ANON_8011;NINEA_ANON_7;001-I
2361307;Importation;2020-02-12 12:00:16.743;EnCours;Mer;IMPORTATEUR_ANON_5760;NINEA_ANON_572;001-I
2454467;Importation;2020-09-08 06:59:53.080;EnCours;Mer;IMPORTATEUR_ANON_3863;NINEA_ANON_628;001-I
2366917;Importation;2020-02-24 08:43:29.827;EnCours;Mer;IMPORTATEUR_ANON_2308;NINEA_ANON_475;001-I
2585154;Importation;2021-06-28 12:59:21.113;EnCours;Mer;IMPORTATEUR_ANON_134;NINEA_ANON_630;001-I
2616489;Importation;2021-09-10 09:26:48.813;EnCours;Mer;IMPORTATEUR_ANON_2623;NINEA_ANON_14;001-I
2360415;Importation;2020-02-11 11:39:41.327;EnCours;Mer;IMPORTATEUR_ANON_3438;NINEA_ANON_590;001-I
2649308;Importation;2021-11-24 08:02:33.720;EnCours;Mer;IMPORTATEUR_ANON_7464;NINEA_ANON_545;001-I
2474940;Importation;2020-10-26 09:50:43.760;EnCours;Mer;IMPORTATEUR_ANON_134;NINEA_ANON_630;001-I
2526228;Importation;2021-02-18 08:57:13.890;EnCours;Mer;IMPORTATEUR_ANON_7929;NINEA_ANON_740;001-I
2461546;Importation;2020-09-23 10:57:25.307;EnCours;Mer;IMPORTATEUR_ANON_9300;NINEA_ANON_344;001-I
2588263;Importation;2021-07-05 10:04:39.897;EnCours;Mer;IMPORTATEUR_ANON_9284;NINEA_ANON_956;001-I
2483148;Importation;2020-11-11 11:33:34.810;EnCours;Mer;IMPORTATEUR_ANON_7759;NINEA_ANON_724;001-I
2414402;Importation;2020-06-08 08:22:59.607;EnCours;Mer;IMPORTATEUR_ANON_5409;NINEA_ANON_85;001-I
2596711;Importation;2021-07-26 15:25:46.837;Initialise;Mer;IMPORTATEUR_ANON_4324;NINEA_ANON_836;001-I
2544850;Importation;2021-03-31 10:13:33.590;EnCours;Mer;IMPORTATEUR_ANON_3080;NINEA_ANON_802;001-I
2661938;Transit;2021-12-21 10:13:56.210;Initialise;Mer;IMPORTATEUR_ANON_3213;NINEA_ANON_415;001-E
2641336;Importation;2021-11-08 13:09:43.923;EnCours;Mer;IMPORTATEUR_ANON_7729;NINEA_ANON_910;001-I
2544340;Importation;2021-03-30 10:56:25.657;EnCours;Mer;IMPORTATEUR_ANON_5606;NINEA_ANON_352;001-I
2514271;Importation;2021-01-22 12:50:35.177;EnCours;Mer;IMPORTATEUR_ANON_9628;NINEA_ANON_405;001-I
2490884;Importation;2020-11-27 18:13:01.840;EnCours;Mer;IMPORTATEUR_ANON_134;NINEA_ANON_630;001-I
2446095;Importation;2020-08-18 16:28:17.313;EnCours;Mer;IMPORTATEUR_ANON_7464;NINEA_ANON_545;001-I
2415854;Importation;2020-06-10 10:21:13.770;EnCours;Mer;IMPORTATEUR_ANON_2366;NINEA_ANON_800;001-I
