NUMERODOSSIER;TYPE_OPERATION;DATE_CREATION;STATUT;MODE_TRANSPORT;IMPORTATEUR_ANONYME;NINEA_ANONYME;REGIME
2622933;Exportation;2021-09-24 12:10:26.533;EnCours;Mer;IMPORTATEUR_ANON_843;NINEA_ANON_514;001-E
2352920;Importation;2020-01-28 10:22:10.260;EnCours;Mer;IMPORTATEUR_ANON_5760;NINEA_ANON_572;001-I
2446062;Transit;2020-08-18 15:53:16.223;Initialise;Mer;IMPORTATEUR_ANON_6468;NINEA_ANON_904;001-E
2446049;Importation;2020-08-18 15:42:20.003;EnCours;Mer;IMPORTATEUR_ANON_6644;NINEA_ANON_212;001-I
2489646;Importation;2020-11-25 17:00:39.743;EnCours;Mer;IMPORTATEUR_ANON_3440;NINEA_ANON_136;001-I
2461930;Importation;2020-09-24 08:37:43.373;EnCours;Mer;IMPORTATEUR_ANON_2303;NINEA_ANON_96;001-I
2348673;Importation;2020-01-20 14:50:55.690;EnCours;Mer;IMPORTATEUR_ANON_365;NINEA_ANON_897;001-I
2554395;Importation;2021-04-21 09:27:34.693;EnCours;Mer;IMPORTATEUR_ANON_4428;NINEA_ANON_879;001-I
2372043;Exportation;2020-03-03 11:21:46.190;EnCours;Mer;IMPORTATEUR_ANON_4979;NINEA_ANON_181;001-E
2640800;Importation;2021-11-05 18:54:27.563;EnCours;Mer;IMPORTATEUR_ANON_7153;NINEA_ANON_918;001-I
2629167;Importation;2021-10-11 12:18:10.373;EnCours;Mer;IMPORTATEUR_ANON_7153;NINEA_ANON_918;001-I
2669939;Exportation;2022-01-11 11:41:10.937;EnCours;Mer;IMPORTATEUR_ANON_7746;NINEA_ANON_720;001-E
2574243;Importation;2021-06-04 10:31:43.957;Initialise;Mer;IMPORTATEUR_ANON_1321;NINEA_ANON_354;001-I
2638935;Importation;2021-11-02 17:04:10.400;EnCours;Mer;IMPORTATEUR_ANON_8713;NINEA_ANON_398;001-I
2339357;Exportation;2020-01-02 11:19:45.853;EnCours;Mer;IMPORTATEUR_ANON_9875;NINEA_ANON_221;001-E
2565192;Exportation;2021-05-17 11:09:49.397;EnCours;Mer;IMPORTATEUR_ANON_1219;NINEA_ANON_514;001-E
2430365;Importation;2020-07-13 12:17:42.347;EnCours;Mer;IMPORTATEUR_ANON_9677;NINEA_ANON_435;001-I
2628524;Importation;2021-10-08 12:14:58.410;EnCours;Mer;IMPORTATEUR_ANON_4432;NINEA_ANON_112;001-I
2369489;Importation;2020-02-27 10:50:26.397;EnCours;Mer;IMPORTATEUR_ANON_1827;NINEA_ANON_956;001-I
2339628;Importation;2020-01-02 14:59:43.783;Initialise;Mer;IMPORTATEUR_ANON_1621;NINEA_ANON_658;001-I
2545419;Importation;2021-04-01 09:08:20.460;EnCours;Mer;IMPORTATEUR_ANON_428;NINEA_ANON_244;001-I
2469584;Importation;2020-10-13 12:41:05.740;EnCours;Mer;IMPORTATEUR_ANON_134;NINEA_ANON_630;001-I
2370245;Importation;2020-02-28 10:31:36.270;EnCours;Mer;IMPORTATEUR_ANON_5622;NINEA_ANON_143;001-I
2417607;Importation;2020-06-15 09:06:38.380;EnCours;Mer;IMPORTATEUR_ANON_8958;NINEA_ANON_25;001-I
2421809;Importation;2020-06-23 16:02:34.930;EnCours;Mer;IMPORTATEUR_ANON_3601;NINEA_ANON_897;001-I
2626354;Exportation;2021-10-04 15:29:11.740;EnCours;Mer;IMPORTATEUR_ANON_4303;NINEA_ANON_514;001-E
2438120;Importation;2020-07-30 13:55:26.570;EnCours;Mer;IMPORTATEUR_ANON_3768;NINEA_ANON_664;001-I
2524343;Exportation;2021-02-15 10:35:04.543;Initialise;Mer;IMPORTATEUR_ANON_6672;NINEA_ANON_143;001-E
2630827;Importation;2021-10-13 17:30:26.400;EnCours;Mer;IMPORTATEUR_ANON_278;NINEA_ANON_59;001-I
2360997;Exportation;2020-02-12 09:21:26.230;EnCours;Mer;IMPORTATEUR_ANON_4434;NINEA_ANON_604;001-E
2528341;Exportation;2021-02-23 10:22:52.997;EnCours;Mer;IMPORTATEUR_ANON_3923;NINEA_ANON_709;001-E
2591344;Importation;2021-07-09 12:34:19.057;EnCours;Mer;IMPORTATEUR_ANON_1439;NINEA_ANON_780;001-I
2498375;Exportation;2020-12-15 14:35:01.397;EnCours;Mer;IMPORTATEUR_ANON_9433;NINEA_ANON_617;001-E
2484031;Importation;2020-11-12 18:00:42.843;EnCours;Mer;IMPORTATEUR_ANON_4477;NINEA_ANON_431;001-I
2490508;Transit;2020-11-27 11:25:33.220;Initialise;Mer;IMPORTATEUR_ANON_3144;NINEA_ANON_548;001-E
2450324;Importation;2020-08-28 08:45:33.130;Initialise;Mer;IMPORTATEUR_ANON_569;NINEA_ANON_299;001-I
2561596;Importation;2021-05-05 20:53:25.527;EnCours;Mer;IMPORTATEUR_ANON_6911;NINEA_ANON_365;001-I
2635403;Importation;2021-10-25 15:27:51.323;Initialise;Mer;IMPORTATEUR_ANON_6680;NINEA_ANON_597;001-I
2344685;Importation;2020-01-13 12:15:42.467;EnCours;Mer;IMPORTATEUR_ANON_4728;NINEA_ANON_389;001-I
2482542;Importation;2020-11-10 11:58:22.573;Initialise;Mer;IMPORTATEUR_ANON_7149;NINEA_ANON_380;001-I
2416827;Importation;2020-06-11 15:51:31.463;EnCours;Mer;IMPORTATEUR_ANON_7166;NINEA_ANON_390;001-I
2481664;Importation;2020-11-09 08:27:19.483;EnCours;Mer;IMPORTATEUR_ANON_7464;NINEA_ANON_545;001-I
2375487;Importation;2020-03-10 08:32:39.543;Initialise;Mer;IMPORTATEUR_ANON_2935;NINEA_ANON_172;001-I
2488422;Importation;2020-11-24 09:50:43.630;EnCours;Mer;IMPORTATEUR_ANON_7729;NINEA_ANON_910;001-I
2557136;Exportation;2021-04-27 10:31:29.840;EnCours;Mer;IMPORTATEUR_ANON_5174;NINEA_ANON_530;001-E
2421552;Importation;2020-06-23 12:25:22.353;EnCours;Mer;IMPORTATEUR_ANON_1145;NINEA_ANON_664;001-I
2456092;Transit;2020-09-10 11:16:21.670;Initialise;Mer;IMPORTATEUR_ANON_3144;NINEA_ANON_548;001-E
2620430;Importation;2021-09-20 11:58:42.033;EnCours;Mer;IMPORTATEUR_ANON_512;NINEA_ANON_698;001-I
2445048;Importation;2020-08-17 08:51:07.693;EnCours;Mer;IMPORTATEUR_ANON_5484;NINEA_ANON_42;001-I
2351376;Importation;2020-01-24 10:29:09.400;EnCours;Mer;IMPORTATEUR_ANON_6770;NINEA_ANON_768;001-I
2359548;Importation;2020-02-10 12:23:00.720;Initialise;Mer;IMPORTATEUR_ANON_5990;NINEA_ANON_524;001-I
2415375;Importation;2020-06-09 11:59:08.510;Initialise;Mer;IMPORTATEUR_ANON_5119;NINEA_ANON_442;001-I
2490643;Importation;2020-11-27 12:57:16.597;EnCours;Mer;IMPORTATEUR_ANON_9172;NINEA_ANON_4;001-I
2436657;Importation;2020-07-27 19:12:36.050;Initialise;Mer;IMPORTATEUR_ANON_3857;NINEA_ANON_609;001-I
2627727;Exportation;2021-10-07 08:52:39.853;EnCours;Mer;IMPORTATEUR_ANON_3954;NINEA_ANON_0;
2670111;Importation;2022-01-11 14:11:00.920;EnCours;Mer;IMPORTATEUR_ANON_3660;NINEA_ANON_647;001-I
2611103;Importation;2021-08-30 11:41:27.630;EnCours;Mer;IMPORTATEUR_ANON_7943;NINEA_ANON_117;001-I
2501343;Exportation;2020-12-22 11:42:02.370;EnCours;Mer;IMPORTATEUR_ANON_9433;NINEA_ANON_617;001-E
2641615;Importation;2021-11-08 16:53:24.373;Initialise;Mer;IMPORTATEUR_ANON_2738;NINEA_ANON_464;001-I
2590813;Exportation;2021-07-08 15:25:32.840;EnCours;Mer;IMPORTATEUR_ANON_6493;NINEA_ANON_188;001-E
2370060;Importation;2020-02-27 19:04:00.870;Initialise;Mer;IMPORTATEUR_ANON_5722;NINEA_ANON_225;001-I
2482156;Importation;2020-11-09 15:36:08.623;Initialise;Mer;IMPORTATEUR_ANON_1691;NINEA_ANON_69;001-I
2586158;Importation;2021-06-29 18:38:50.743;EnCours;Mer;IMPORTATEUR_ANON_7076;NINEA_ANON_662;001-I
2656257;Importation;2021-12-08 14:30:43.903;Initialise;Mer;IMPORTATEUR_ANON_7076;NINEA_ANON_662;001-I
2372121;Importation;2020-03-03 12:05:12.690;EnCours;Mer;IMPORTATEUR_ANON_7333;NINEA_ANON_396;001-I
2609576;Importation;2021-08-25 19:34:49.283;Initialise;Mer;IMPORTATEUR_ANON_6721;NINEA_ANON_730;001-I
2641419;Importation;2021-11-08 14:35:03.433;EnCours;Mer;IMPORTATEUR_ANON_8713;NINEA_ANON_398;001-I
2643461;Importation;2021-11-11 16:35:41.937;EnCours;Mer;IMPORTATEUR_ANON_8875;NINEA_ANON_793;001-I
2658872;Exportation;2021-12-14 13:42:36.573;EnCours;Mer;IMPORTATEUR_ANON_3923;NINEA_ANON_709;001-E
2677862;Importation;2022-01-28 10:53:58.553;EnCours;Mer;IMPORTATEUR_ANON_3660;NINEA_ANON_647;001-I
2520652;Importation;2021-02-05 10:53:12.423;EnCours;Mer;IMPORTATEUR_ANON_6270;NINEA_ANON_903;001-I
2524050;Importation;2021-02-12 15:27:40.103;EnCours;Mer;IMPORTATEUR_ANON_1654;NINEA_ANON_70;001-I
2663925;Importation;2021-12-24 13:14:42.343;EnCours;Mer;IMPORTATEUR_ANON_4786;NINEA_ANON_819;001-I
2601945;Importation;2021-08-06 11:24:51.397;EnCours;Mer;IMPORTATEUR_ANON_9218;NINEA_ANON_750;
2675693;Importation;2022-01-24 13:56:46.170;EnCours;Mer;IMPORTATEUR_ANON_8895;NINEA_ANON_135;001-I
2599993;Exportation;2021-08-02 16:40:50.747;EnCours;Mer;IMPORTATEUR_ANON_8624;NINEA_ANON_427;
2588834;Importation;2021-07-05 17:26:50.363;EnCours;Mer;IMPORTATEUR_ANON_9700;NINEA_ANON_908;001-I
2339205;Importation;2020-01-02 09:51:06.293;Initialise;Mer;IMPORTATEUR_ANON_2517;NINEA_ANON_926;001-I
2357358;Importation;2020-02-05 13:10:04.303;EnCours;Mer;IMPORTATEUR_ANON_7830;NINEA_ANON_764;001-I
2431547;Importation;2020-07-15 11:36:42.437;Initialise;Mer;IMPORTATEUR_ANON_392;NINEA_ANON_63;001-I
2602365;Importation;2021-08-08 01:29:18.833;EnCours;Mer;IMPORTATEUR_ANON_5423;NINEA_ANON_395;001-I
2343443;Importation;2020-01-09 17:14:32.903;Initialise;Mer;IMPORTATEUR_ANON_6908;NINEA_ANON_449;001-I
2553217;Importation;2021-04-19 12:07:28.670;EnCours;Mer;IMPORTATEUR_ANON_6813;NINEA_ANON_637;001-I
2604924;Importation;2021-08-13 10:16:51.963;EnCours;Mer;IMPORTATEUR_ANON_8895;NINEA_ANON_135;001-I
2531390;Importation;2021-03-02 10:24:39.510;EnCours;Mer;IMPORTATEUR_ANON_1497;NINEA_ANON_490;001-I
2357351;Exportation;2020-02-05 13:04:18.263;EnCours;Mer;IMPORTATEUR_ANON_8442;NINEA_ANON_514;001-E
2345740;Importation;2020-01-14 15:41:47.040;EnCours;Mer;IMPORTATEUR_ANON_8438;NINEA_ANON_699;001-I
2364260;Importation;2020-02-18 11:51:06.733;EnCours;Mer;IMPORTATEUR_ANON_9106;NINEA_ANON_503;001-I
2378876;Importation;2020-03-16 11:51:32.790;EnCours;Mer;IMPORTATEUR_ANON_8494;NINEA_ANON_245;001-I
2415632;Importation;2020-06-09 16:06:11.190;EnCours;Mer;IMPORTATEUR_ANON_5369;NINEA_ANON_660;001-I
2428701;Importation;2020-07-08 15:32:19.087;EnCours;Mer;IMPORTATEUR_ANON_4424;NINEA_ANON_51;001-I
2433581;Exportation;2020-07-20 14:41:51.027;EnCours;Mer;IMPORTATEUR_ANON_7698;NINEA_ANON_701;001-E
2467562;Importation;2020-10-08 14:49:31.790;EnCours;Mer;IMPORTATEUR_ANON_6539;NINEA_ANON_481;001-I
2572714;Importation;2021-06-01 15:55:08.597;EnCours;Mer;IMPORTATEUR_ANON_2308;NINEA_ANON_475;001-I
2518113;Importation;2021-02-01 10:21:29.213;EnCours;Mer;IMPORTATEUR_ANON_428;NINEA_ANON_244;001-I
2517203;Importation;2021-01-28 16:50:08.340;EnCours;Mer;IMPORTATEUR_ANON_9392;NINEA_ANON_20;001-I
2411676;Importation;2020-06-01 20:10:44.523;EnCours;Mer;IMPORTATEUR_ANON_4390;NINEA_ANON_898;001-I
2605125;Importation;2021-08-13 12:31:35.627;EnCours;Mer;IMPORTATEUR_ANON_134;NINEA_ANON_630;001-I
2657754;Importation;2021-12-13 09:15:05.867;EnCours;Mer;IMPORTATEUR_ANON_8797;NINEA_ANON_946;001-I
2674287;Exportation;2022-01-20 10:13:13.237;EnCours;Mer;IMPORTATEUR_ANON_1061;NINEA_ANON_800;001-E
2437580;Importation;2020-07-29 11:28:26.400;EnCours;Mer;IMPORTATEUR_ANON_4590;NINEA_ANON_266;001-I
2689629;Importation;2022-02-21 12:31:48.340;EnCours;Mer;IMPORTATEUR_ANON_2920;NINEA_ANON_804;001-I
2497461;Importation;2020-12-14 11:37:05.373;Initialise;Mer;IMPORTATEUR_ANON_3923;NINEA_ANON_709;001-I
2505837;Importation;2021-01-05 16:05:46.830;Initialise;Mer;IMPORTATEUR_ANON_819;NINEA_ANON_349;001-I
2406276;Importation;2020-05-14 15:54:04.830;EnCours;Mer;IMPORTATEUR_ANON_4842;NINEA_ANON_272;001-I
2643220;Importation;2021-11-11 12:51:45.617;EnCours;Mer;IMPORTATEUR_ANON_4510;NINEA_ANON_189;001-I
2462881;Importation;2020-09-25 13:01:50.303;EnCours;Mer;IMPORTATEUR_ANON_9052;NINEA_ANON_862;001-I
2509003;Importation;2021-01-13 09:18:21.077;EnCours;Mer;IMPORTATEUR_ANON_8922;NINEA_ANON_859;001-I
2458914;Importation;2020-09-16 17:09:17.517;Initialise;Mer;IMPORTATEUR_ANON_5010;NINEA_ANON_924;001-I
2665376;Importation;2021-12-29 10:40:43.113;EnCours;Mer;IMPORTATEUR_ANON_3047;NINEA_ANON_482;001-I
2406918;Transit;2020-05-16 16:05:09.160;Initialise;Mer;IMPORTATEUR_ANON_8337;NINEA_ANON_708;001-E
2610578;Importation;2021-08-27 12:52:26.707;EnCours;Mer;IMPORTATEUR_ANON_3715;NINEA_ANON_894;001-I
2361487;Exportation;2020-02-12 14:28:25.510;EnCours;Mer;IMPORTATEUR_ANON_9433;NINEA_ANON_617;001-E
2468525;Importation;2020-10-12 09:49:49.003;Initialise;Mer;IMPORTATEUR_ANON_889;NINEA_ANON_45;001-I
2501800;Importation;2020-12-23 09:58:47.040;EnCours;Mer;IMPORTATEUR_ANON_7462;NINEA_ANON_53;001-I
2560579;Importation;2021-05-04 12:03:45.617;EnCours;Mer;IMPORTATEUR_ANON_2308;NINEA_ANON_475;001-I
2391194;Importation;2020-04-14 11:30:47.660;EnCours;Mer;IMPORTATEUR_ANON_4889;NINEA_ANON_460;001-I
2497029;Exportation;2020-12-11 15:46:02.917;EnCours;Mer;IMPORTATEUR_ANON_9433;NINEA_ANON_429;001-E
2462731;Importation;2020-09-25 11:07:57.303;EnCours;Mer;IMPORTATEUR_ANON_5572;NINEA_ANON_724;001-I
2591782;Importation;2021-07-12 09:43:50.063;EnCours;Mer;IMPORTATEUR_ANON_1146;NINEA_ANON_317;001-I
2585882;Importation;2021-06-29 12:38:42.213;EnCours;Mer;IMPORTATEUR_ANON_5730;NINEA_ANON_141;
2536346;Exportation;2021-03-15 09:11:50.627;Initialise;Mer;IMPORTATEUR_ANON_6970;NINEA_ANON_379;001-E
2588251;Importation;2021-07-05 09:58:16.083;EnCours;Mer;IMPORTATEUR_ANON_1124;NINEA_ANON_111;001-I
2646347;Importation;2021-11-18 09:03:36.150;EnCours;Mer;IMPORTATEUR_ANON_1146;NINEA_ANON_317;001-I
2394194;Importation;2020-04-20 16:53:54.803;EnCours;Mer;IMPORTATEUR_ANON_8579;NINEA_ANON_511;001-I
2688632;Importation;2022-02-18 11:10:25.547;EnCours;Mer;IMPORTATEUR_ANON_2598;NINEA_ANON_673;001-I
2478117;Importation;2020-11-02 18:36:56.030;Initialise;Mer;IMPORTATEUR_ANON_6718;NINEA_ANON_89;001-I
2463729;Importation;2020-09-28 15:55:26.147;EnCours;Mer;IMPORTATEUR_ANON_1497;NINEA_ANON_490;001-I
2687050;Exportation;2022-02-16 13:03:58.617;Initialise;Mer;IMPORTATEUR_ANON_9779;NINEA_ANON_750;001-E
2504810;Importation;2020-12-31 17:11:42.610;EnCours;Mer;IMPORTATEUR_ANON_278;NINEA_ANON_59;001-I
2587885;Importation;2021-07-02 16:07:27.570;Initialise;Mer;IMPORTATEUR_ANON_5249;NINEA_ANON_963;001-I
2426246;Importation;2020-07-03 09:01:51.723;Initialise;Mer;IMPORTATEUR_ANON_2308;NINEA_ANON_475;001-I
2542504;Importation;2021-03-25 14:01:03.677;EnCours;Mer;IMPORTATEUR_ANON_5484;NINEA_ANON_42;001-I
2362497;Importation;2020-02-14 08:59:00.027;EnCours;Mer;IMPORTATEUR_ANON_4510;NINEA_ANON_189;001-I
2640841;Importation;2021-11-06 11:41:35.383;EnCours;Mer;IMPORTATEUR_ANON_134;NINEA_ANON_630;001-I
2408565;Importation;2020-05-20 15:35:04.780;EnCours;Mer;IMPORTATEUR_ANON_5622;NINEA_ANON_143;001-I
2622012;Importation;2021-09-22 16:28:30.227;Initialise;Mer;IMPORTATEUR_ANON_3923;NINEA_ANON_709;001-I
2653700;Transit;2021-12-02 14:47:48.710;EnCours;Mer;IMPORTATEUR_ANON_8060;NINEA_ANON_730;
2468765;Importation;2020-10-12 11:55:58.770;Initialise;Mer;IMPORTATEUR_ANON_8975;NINEA_ANON_65;001-I
2679865;Importation;2022-02-02 12:03:19.310;EnCours;Mer;IMPORTATEUR_ANON_9750;NINEA_ANON_894;001-I
2691177;Importation;2022-02-23 11:00:20.170;EnCours;Mer;IMPORTATEUR_ANON_4428;NINEA_ANON_725;001-I
2641487;Importation;2021-11-08 15:31:55.053;EnCours;Mer;IMPORTATEUR_ANON_9628;NINEA_ANON_405;001-I
2417499;Importation;2020-06-12 17:25:01.607;EnCours;Mer;IMPORTATEUR_ANON_1827;NINEA_ANON_956;001-I
2454497;Importation;2020-09-08 08:48:05.727;EnCours;Mer;IMPORTATEUR_ANON_8011;NINEA_ANON_856;001-I
2543908;Importation;2021-03-29 14:30:57.223;EnCours;Mer;IMPORTATEUR_ANON_5913;NINEA_ANON_537;001-I
2374717;Importation;2020-03-09 09:31:40.700;EnCours;Mer;IMPORTATEUR_ANON_3438;NINEA_ANON_590;001-I
2574631;Importation;2021-06-04 19:34:43.690;EnCours;Mer;IMPORTATEUR_ANON_8959;NINEA_ANON_65;001-I
2424763;Importation;2020-06-30 12:17:27.177;EnCours;Mer;IMPORTATEUR_ANON_7528;NINEA_ANON_447;001-I
2448622;Importation;2020-08-25 08:38:02.720;EnCours;Mer;IMPORTATEUR_ANON_9556;NINEA_ANON_451;001-I
2691185;Importation;2022-02-23 11:07:22.850;EnCours;Mer;IMPORTATEUR_ANON_5001;NINEA_ANON_331;001-I
2639720;Importation;2021-11-04 10:23:02.700;EnCours;Mer;IMPORTATEUR_ANON_8198;NINEA_ANON_48;001-I
2392836;Importation;2020-04-16 14:13:01.950;EnCours;Mer;IMPORTATEUR_ANON_8932;NINEA_ANON_791;001-I
2500797;Exportation;2020-12-21 13:37:01.710;EnCours;Mer;IMPORTATEUR_ANON_7249;NINEA_ANON_972;001-E
2546233;Importation;2021-04-02 11:07:35.477;EnCours;Mer;IMPORTATEUR_ANON_584;NINEA_ANON_24;001-I
2442394;Importation;2020-08-10 14:50:12.290;EnCours;Mer;IMPORTATEUR_ANON_7153;NINEA_ANON_453;001-I
2342074;Importation;2020-01-08 09:06:58.397;EnCours;Mer;IMPORTATEUR_ANON_3866;NINEA_ANON_565;001-I
2550247;Importation;2021-04-13 10:32:10.677;EnCours;Mer;IMPORTATEUR_ANON_3660;NINEA_ANON_379;001-I
2630780;Réexportation;2021-10-13 16:32:39.460;EnCours;Mer;IMPORTATEUR_ANON_7248;NINEA_ANON_583;001-E
2365601;Importation;2020-02-20 09:53:54.717;Initialise;Mer;IMPORTATEUR_ANON_6576;NINEA_ANON_369;001-I
2434257;Exportation;2020-07-21 16:36:02.610;EnCours;Mer;IMPORTATEUR_ANON_29;NINEA_ANON_562;001-E
2409014;Importation;2020-05-22 13:45:19.650;EnCours;Mer;IMPORTATEUR_ANON_4424;NINEA_ANON_51;001-I
2530434;Importation;2021-02-26 14:04:54.853;EnCours;Mer;IMPORTATEUR_ANON_4057;NINEA_ANON_906;001-I
2558374;Importation;2021-04-29 09:39:10.413;EnCours;Mer;IMPORTATEUR_ANON_312;NINEA_ANON_946;001-I
2379004;Importation;2020-03-16 13:03:52.790;EnCours;Mer;IMPORTATEUR_ANON_7462;NINEA_ANON_53;001-I
2389105;Importation;2020-04-07 11:54:15.630;EnCours;Mer;IMPORTATEUR_ANON_9284;NINEA_ANON_956;001-I
2526760;Exportation;2021-02-18 16:28:42.307;EnCours;Mer;IMPORTATEUR_ANON_6377;NINEA_ANON_747;001-E
2431657;Importation;2020-07-15 12:57:25.110;EnCours;Mer;IMPORTATEUR_ANON_5760;NINEA_ANON_572;001-I
2661897;Importation;2021-12-21 09:51:24.783;EnCours;Mer;IMPORTATEUR_ANON_2506;NINEA_ANON_212;
2596292;Importation;2021-07-26 10:06:49.627;EnCours;Mer;IMPORTATEUR_ANON_6935;NINEA_ANON_602;001-I
2341676;Importation;2020-01-07 12:18:55.753;EnCours;Mer;IMPORTATEUR_ANON_4734;NINEA_ANON_570;001-I
2571117;Exportation;2021-05-28 13:26:05.450;EnCours;Mer;IMPORTATEUR_ANON_9564;NINEA_ANON_214;001-E
2630019;Transit;2021-10-12 14:56:57.127;EnCours;Mer;IMPORTATEUR_ANON_1203;NINEA_ANON_669;001-E
2616337;Importation;2021-09-09 16:46:07.613;EnCours;Mer;IMPORTATEUR_ANON_2791;NINEA_ANON_310;001-I
2493838;Importation;2020-12-04 13:12:26.340;EnCours;Mer;IMPORTATEUR_ANON_3408;NINEA_ANON_774;001-I
2536900;Importation;2021-03-15 15:19:27.950;Initialise;Mer;IMPORTATEUR_ANON_231;NINEA_ANON_834;001-I
2381826;Importation;2020-03-20 12:13:26.657;EnCours;Mer;IMPORTATEUR_ANON_477;NINEA_ANON_427;001-I
2360835;Importation;2020-02-11 16:58:40.000;EnCours;Mer;IMPORTATEUR_ANON_4510;NINEA_ANON_189;001-I
2494346;Importation;2020-12-07 11:20:30.487;EnCours;Mer;IMPORTATEUR_ANON_4407;NINEA_ANON_117;001-I
2481761;Importation;2020-11-09 10:14:58.993;Initialise;Mer;IMPORTATEUR_ANON_9942;NINEA_ANON_641;001-I
2684182;Importation;2022-02-11 10:26:15.390;EnCours;Mer;IMPORTATEUR_ANON_134;NINEA_ANON_630;001-I
2340367;Importation;2020-01-03 15:18:19.303;Initialise;Mer;IMPORTATEUR_ANON_3871;NINEA_ANON_38;001-I
2467365;Importation;2020-10-08 11:45:16.250;EnCours;Mer;IMPORTATEUR_ANON_4510;NINEA_ANON_189;001-I
2580838;Importation;2021-06-18 08:36:00.907;EnCours;Mer;IMPORTATEUR_ANON_4303;NINEA_ANON_61;
2497506;Importation;2020-12-14 12:05:25.123;EnCours;Mer;IMPORTATEUR_ANON_2602;NINEA_ANON_256;
2407871;Exportation;2020-05-19 12:09:13.133;EnCours;Mer;IMPORTATEUR_ANON_6539;NINEA_ANON_481;001-E
2544790;Importation;2021-03-31 09:29:39.713;EnCours;Mer;IMPORTATEUR_ANON_8895;NINEA_ANON_393;001-I
2376659;Exportation;2020-03-11 11:41:36.627;EnCours;Mer;IMPORTATEUR_ANON_4979;NINEA_ANON_181;001-E
2476957;Exportation;2020-10-29 10:06:13.830;Initialise;Mer;IMPORTATEUR_ANON_3863;NINEA_ANON_628;001-E
2613374;Importation;2021-09-03 11:34:27.097;EnCours;Mer;IMPORTATEUR_ANON_8060;NINEA_ANON_730;
2690614;Exportation;2022-02-22 13:27:43.780;EnCours;Mer;IMPORTATEUR_ANON_1146;NINEA_ANON_755;001-E
2548786;Importation;2021-04-09 09:45:44.403;EnCours;Mer;IMPORTATEUR_ANON_8011;NINEA_ANON_856;001-I
2404488;Importation;2020-05-11 14:11:42.467;EnCours;Mer;IMPORTATEUR_ANON_9926;NINEA_ANON_575;001-I
2427464;Importation;2020-07-06 16:37:07.957;EnCours;Mer;IMPORTATEUR_ANON_5804;NINEA_ANON_779;001-I
2348880;Importation;2020-01-20 16:48:06.350;Initialise;Mer;IMPORTATEUR_ANON_3670;NINEA_ANON_807;001-I
2620157;Importation;2021-09-18 19:05:28.500;EnCours;Mer;IMPORTATEUR_ANON_444;NINEA_ANON_672;001-I
2437326;Importation;2020-07-28 17:39:48.610;Initialise;Mer;IMPORTATEUR_ANON_9166;NINEA_ANON_660;001-I
2360080;Importation;2020-02-11 07:41:54.063;EnCours;Mer;IMPORTATEUR_ANON_3760;NINEA_ANON_434;001-I
2465924;Importation;2020-10-02 12:32:41.300;EnCours;Mer;IMPORTATEUR_ANON_7533;NINEA_ANON_993;001-I
2496776;Importation;2020-12-11 10:44:45.057;EnCours;Mer;IMPORTATEUR_ANON_8960;NINEA_ANON_195;001-I
2598460;Importation;2021-07-29 12:33:32.763;Initialise;Mer;IMPORTATEUR_ANON_7533;NINEA_ANON_993;001-I
2398680;Importation;2020-04-30 12:32:32.787;EnCours;Mer;IMPORTATEUR_ANON_1936;NINEA_ANON_930;001-I
2428256;Importation;2020-07-08 08:17:24.320;EnCours;Mer;IMPORTATEUR_ANON_3660;NINEA_ANON_166;001-I
2475784;Importation;2020-10-27 11:37:28.370;Initialise;Mer;IMPORTATEUR_ANON_1426;NINEA_ANON_856;001-I
2582155;Importation;2021-06-21 16:58:25.300;Initialise;Mer;IMPORTATEUR_ANON_4730;NINEA_ANON_366;001-I
2516733;Exportation;2021-01-28 09:32:38.160;EnCours;Mer;IMPORTATEUR_ANON_1226;NINEA_ANON_336;001-E
2573245;Importation;2021-06-02 13:20:19.530;EnCours;Mer;IMPORTATEUR_ANON_3660;NINEA_ANON_379;001-I
2370786;Importation;2020-02-29 11:32:16.643;EnCours;Mer;IMPORTATEUR_ANON_1914;NINEA_ANON_93;001-I
2422149;Importation;2020-06-24 11:35:56.413;EnCours;Mer;IMPORTATEUR_ANON_6508;NINEA_ANON_649;001-I
2453477;Importation;2020-09-04 11:11:55.497;EnCours;Mer;IMPORTATEUR_ANON_8859;NINEA_ANON_821;001-I
2628559;Importation;2021-10-08 12:45:41.957;Initialise;Mer;IMPORTATEUR_ANON_8810;NINEA_ANON_676;001-I
2519168;Importation;2021-02-02 13:42:00.143;EnCours;Mer;IMPORTATEUR_ANON_8713;NINEA_ANON_733;001-I
2420626;Importation;2020-06-21 12:15:35.420;EnCours;Mer;IMPORTATEUR_ANON_5978;NINEA_ANON_615;001-I
2540027;Transit;2021-03-22 09:18:24.333;Initialise;Mer;IMPORTATEUR_ANON_6468;NINEA_ANON_904;001-E
2621649;Importation;2021-09-22 11:19:20.097;EnCours;Mer;IMPORTATEUR_ANON_9564;NINEA_ANON_214;001-I
2390627;Importation;2020-04-10 13:26:41.247;Initialise;Mer;IMPORTATEUR_ANON_3309;NINEA_ANON_497;001-I
2582546;Exportation;2021-06-22 12:17:21.660;EnCours;Mer;IMPORTATEUR_ANON_21;NINEA_ANON_200;001-E
2393761;Exportation;2020-04-20 11:08:11.370;EnCours;Mer;IMPORTATEUR_ANON_4979;NINEA_ANON_181;001-E
2648071;Importation;2021-11-22 11:01:47.080;EnCours;Mer;IMPORTATEUR_ANON_7533;NINEA_ANON_993;001-I
2554328;Importation;2021-04-21 08:22:31.213;EnCours;Mer;IMPORTATEUR_ANON_4838;NINEA_ANON_570;001-I
2652278;Importation;2021-11-30 11:51:17.103;EnCours;Mer;IMPORTATEUR_ANON_2602;NINEA_ANON_256;
2438875;Exportation;2020-08-04 11:16:02.550;EnCours;Mer;IMPORTATEUR_ANON_2190;NINEA_ANON_494;001-E
2538924;Exportation;2021-03-18 12:32:11.060;EnCours;Mer;IMPORTATEUR_ANON_4303;NINEA_ANON_383;001-E
2609605;Importation;2021-08-26 08:40:07.653;EnCours;Mer;IMPORTATEUR_ANON_3118;NINEA_ANON_444;
2684407;Exportation;2022-02-11 12:49:11.697;EnCours;Mer;IMPORTATEUR_ANON_7333;NINEA_ANON_396;001-E
2419917;Importation;2020-06-18 15:19:05.260;EnCours;Mer;IMPORTATEUR_ANON_710;NINEA_ANON_311;001-I
2687851;Exportation;2022-02-17 11:35:36.550;EnCours;Mer;IMPORTATEUR_ANON_7392;NINEA_ANON_771;001-E
2436687;Importation;2020-07-28 08:45:30.223;EnCours;Mer;IMPORTATEUR_ANON_4120;NINEA_ANON_806;001-I
2589010;Importation;2021-07-06 10:31:02.970;Initialise;Mer;IMPORTATEUR_ANON_3101;NINEA_ANON_533;001-I
2399746;Exportation;2020-05-05 08:17:11.773;EnCours;Mer;IMPORTATEUR_ANON_9875;NINEA_ANON_221;001-E
2480526;Importation;2020-11-06 16:34:02.493;Initialise;Mer;IMPORTATEUR_ANON_2394;NINEA_ANON_751;001-I
2485176;Importation;2020-11-16 16:23:03.283;Initialise;Mer;IMPORTATEUR_ANON_569;NINEA_ANON_299;001-I
2455066;Importation;2020-09-08 16:56:45.350;EnCours;Mer;IMPORTATEUR_ANON_6111;NINEA_ANON_445;001-I
2409692;Importation;2020-05-26 13:08:14.183;EnCours;Mer;IMPORTATEUR_ANON_3866;NINEA_ANON_565;001-I
2356198;Importation;2020-02-04 09:13:22.443;EnCours;Mer;IMPORTATEUR_ANON_8645;NINEA_ANON_219;001-I
2573025;Importation;2021-06-02 10:37:43.630;Initialise;Mer;IMPORTATEUR_ANON_9797;NINEA_ANON_844;001-I
2564463;Importation;2021-05-12 11:56:59.923;EnCours;Mer;IMPORTATEUR_ANON_449;NINEA_ANON_857;
2507548;Importation;2021-01-11 08:22:23.753;EnCours;Mer;IMPORTATEUR_ANON_4229;NINEA_ANON_52;
2603144;Importation;2021-08-10 10:09:38.117;EnCours;Mer;IMPORTATEUR_ANON_8488;NINEA_ANON_583;001-I
2620670;Exportation;2021-09-20 15:27:40.950;EnCours;Mer;IMPORTATEUR_ANON_1146;NINEA_ANON_317;001-E
2623093;Importation;2021-09-24 15:27:23.623;EnCours;Mer;IMPORTATEUR_ANON_3973;NINEA_ANON_527;001-I
2502937;Importation;2020-12-28 11:13:40.860;EnCours;Mer;IMPORTATEUR_ANON_3615;NINEA_ANON_145;001-I
2470542;Importation;2020-10-14 16:51:18.783;EnCours;Mer;IMPORTATEUR_ANON_9754;NINEA_ANON_103;001-I
2645760;Importation;2021-11-17 10:31:01.090;EnCours;Mer;IMPORTATEUR_ANON_134;NINEA_ANON_630;
2379672;Importation;2020-03-17 11:06:11.297;EnCours;Mer;IMPORTATEUR_ANON_6831;NINEA_ANON_913;001-I
2403922;Importation;2020-05-09 10:30:41.293;EnCours;Mer;IMPORTATEUR_ANON_3665;NINEA_ANON_598;001-I
2347534;Importation;2020-01-17 09:47:07.790;EnCours;Mer;IMPORTATEUR_ANON_3768;NINEA_ANON_664;001-I
2469336;Exportation;2020-10-13 10:09:14.133;EnCours;Mer;IMPORTATEUR_ANON_9564;NINEA_ANON_214;001-E
2683952;Importation;2022-02-10 16:37:36.660;Initialise;Mer;IMPORTATEUR_ANON_6950;NINEA_ANON_335;001-I
2468573;Importation;2020-10-12 10:20:41.507;EnCours;Mer;IMPORTATEUR_ANON_1146;NINEA_ANON_676;001-I
2592308;Exportation;2021-07-12 16:45:09.433;EnCours;Mer;IMPORTATEUR_ANON_8297;NINEA_ANON_450;001-E
2553174;Importation;2021-04-19 11:42:46.490;EnCours;Mer;IMPORTATEUR_ANON_5653;NINEA_ANON_803;001-I
2367678;Importation;2020-02-25 08:15:15.890;EnCours;Mer;IMPORTATEUR_ANON_5601;NINEA_ANON_675;001-I
2377382;Exportation;2020-03-12 10:41:16.743;EnCours;Mer;IMPORTATEUR_ANON_679;NINEA_ANON_221;001-E
2618573;Importation;2021-09-15 12:06:44.360;EnCours;Mer;IMPORTATEUR_ANON_8713;NINEA_ANON_398;001-I
2399485;Importation;2020-05-04 12:58:55.297;EnCours;Mer;IMPORTATEUR_ANON_8932;NINEA_ANON_791;001-I
2362877;Importation;2020-02-14 13:20:49.800;EnCours;Mer;IMPORTATEUR_ANON_134;NINEA_ANON_630;001-I
2523304;Importation;2021-02-11 11:49:17.017;Initialise;Mer;IMPORTATEUR_ANON_7464;NINEA_ANON_545;001-I
2371501;Importation;2020-03-02 14:34:19.223;EnCours;Mer;IMPORTATEUR_ANON_9284;NINEA_ANON_956;001-I
2655326;Importation;2021-12-07 10:36:35.260;EnCours;Mer;IMPORTATEUR_ANON_5613;NINEA_ANON_978;001-I
2450769;Importation;2020-08-28 16:12:03.240;EnCours;Mer;IMPORTATEUR_ANON_3259;NINEA_ANON_295;001-I
2406372;Importation;2020-05-15 08:48:16.747;EnCours;Mer;IMPORTATEUR_ANON_9316;NINEA_ANON_111;001-I
2484750;Importation;2020-11-16 10:29:46.763;EnCours;Mer;IMPORTATEUR_ANON_8942;NINEA_ANON_631;001-I
2564063;Importation;2021-05-11 15:04:33.453;EnCours;Mer;IMPORTATEUR_ANON_5606;NINEA_ANON_429;001-I
2627273;Importation;2021-10-06 10:38:26.720;EnCours;Mer;IMPORTATEUR_ANON_134;NINEA_ANON_630;001-I
2575624;Importation;2021-06-08 11:08:20.717;EnCours;Mer;IMPORTATEUR_ANON_134;NINEA_ANON_630;001-I
2483808;Importation;2020-11-12 13:01:07.857;EnCours;Mer;IMPORTATEUR_ANON_8532;NINEA_ANON_461;001-I
2382782;Importation;2020-03-23 16:34:56.983;Initialise;Mer;IMPORTATEUR_ANON_9322;NINEA_ANON_87;001-I
2387689;Importation;2020-04-02 16:31:25.573;EnCours;Mer;IMPORTATEUR_ANON_134;NINEA_ANON_630;001-I
2460509;Importation;2020-09-21 15:40:26.987;EnCours;Mer;IMPORTATEUR_ANON_2456;NINEA_ANON_717;001-I
2628906;Importation;2021-10-11 08:51:38.733;EnCours;Mer;IMPORTATEUR_ANON_1818;NINEA_ANON_980;001-I
2659378;Importation;2021-12-15 11:28:27.897;EnCours;Mer;IMPORTATEUR_ANON_5270;NINEA_ANON_189;001-I
2519050;Importation;2021-02-02 12:04:44.733;EnCours;Mer;IMPORTATEUR_ANON_3665;NINEA_ANON_598;001-I
2653966;Exportation;2021-12-03 10:16:06.550;EnCours;Mer;IMPORTATEUR_ANON_1987;NINEA_ANON_60;001-E
2526167;Importation;2021-02-17 17:50:53.367;EnCours;Mer;IMPORTATEUR_ANON_6939;NINEA_ANON_183;001-I
2548445;Importation;2021-04-08 12:48:14.827;EnCours;Mer;IMPORTATEUR_ANON_1497;NINEA_ANON_582;001-I
2558138;Importation;2021-04-28 15:08:11.457;EnCours;Mer;IMPORTATEUR_ANON_3660;NINEA_ANON_379;001-I
2605275;Importation;2021-08-13 16:05:21.690;EnCours;Mer;IMPORTATEUR_ANON_9709;NINEA_ANON_157;
2625205;Importation;2021-09-30 17:11:15.980;EnCours;Mer;IMPORTATEUR_ANON_6925;NINEA_ANON_252;001-I
2678400;Exportation;2022-01-31 10:25:45.890;EnCours;Mer;IMPORTATEUR_ANON_1987;NINEA_ANON_60;001-E
2391628;Importation;2020-04-14 16:23:45.397;EnCours;Mer;IMPORTATEUR_ANON_4393;NINEA_ANON_597;001-I
2548246;Importation;2021-04-08 10:38:44.173;EnCours;Mer;IMPORTATEUR_ANON_9284;NINEA_ANON_956;001-I
2440144;Importation;2020-08-06 12:45:51.907;Initialise;Mer;IMPORTATEUR_ANON_1552;NINEA_ANON_151;001-I
2526652;Importation;2021-02-18 15:11:35.767;EnCours;Mer;IMPORTATEUR_ANON_1914;NINEA_ANON_93;001-I
2638206;Importation;2021-10-30 12:05:42.153;EnCours;Mer;IMPORTATEUR_ANON_134;NINEA_ANON_630;001-I
2655561;Importation;2021-12-07 12:52:51.973;EnCours;Mer;IMPORTATEUR_ANON_9100;NINEA_ANON_438;
2649319;Importation;2021-11-24 08:42:16.450;EnCours;Mer;IMPORTATEUR_ANON_5051;NINEA_ANON_686;001-I
2674238;Importation;2022-01-20 09:27:03.160;EnCours;Mer;IMPORTATEUR_ANON_8958;NINEA_ANON_25;001-I
2568894;Importation;2021-05-25 12:12:07.723;EnCours;Mer;IMPORTATEUR_ANON_9008;NINEA_ANON_224;001-I
2571438;Exportation;2021-05-31 09:25:19.323;EnCours;Mer;IMPORTATEUR_ANON_1146;NINEA_ANON_317;001-E
2576259;Importation;2021-06-09 10:40:35.027;Initialise;Mer;IMPORTATEUR_ANON_7996;NINEA_ANON_584;001-I
2580104;Exportation;2021-06-16 15:52:03.923;EnCours;Mer;IMPORTATEUR_ANON_4303;NINEA_ANON_514;001-E
2392775;Importation;2020-04-16 13:06:39.470;Initialise;Mer;IMPORTATEUR_ANON_6640;NINEA_ANON_138;001-I
2518873;Exportation;2021-02-02 09:52:04.330;EnCours;Mer;IMPORTATEUR_ANON_9659;NINEA_ANON_514;001-E
2463765;Importation;2020-09-28 16:34:32.410;EnCours;Mer;IMPORTATEUR_ANON_7505;NINEA_ANON_938;001-I
2566804;Importation;2021-05-19 12:14:11.450;EnCours;Mer;IMPORTATEUR_ANON_819;NINEA_ANON_349;001-I
2580598;Importation;2021-06-17 15:06:32.757;EnCours;Mer;IMPORTATEUR_ANON_6409;NINEA_ANON_204;001-I
2582432;Importation;2021-06-22 10:55:54.573;EnCours;Mer;IMPORTATEUR_ANON_4744;NINEA_ANON_222;001-I
2632461;Exportation;2021-10-18 13:31:14.153;EnCours;Mer;IMPORTATEUR_ANON_4303;NINEA_ANON_514;001-E
2651230;Exportation;2021-11-29 09:48:29.960;EnCours;Mer;IMPORTATEUR_ANON_7333;NINEA_ANON_396;001-E
2666180;Importation;2021-12-30 14:58:04.693;EnCours;Mer;IMPORTATEUR_ANON_8889;NINEA_ANON_534;001-I
2541148;Importation;2021-03-23 12:24:05.820;EnCours;Mer;IMPORTATEUR_ANON_3923;NINEA_ANON_709;001-I
2684061;Importation;2022-02-11 08:53:53.217;EnCours;Mer;IMPORTATEUR_ANON_2308;NINEA_ANON_475;001-I
2406366;Importation;2020-05-15 08:39:08.403;Initialise;Mer;IMPORTATEUR_ANON_8958;NINEA_ANON_25;001-I
2367741;Exportation;2020-02-25 09:24:13.393;EnCours;Mer;IMPORTATEUR_ANON_3858;NINEA_ANON_258;001-E
2567108;Importation;2021-05-19 20:03:40.540;EnCours;Mer;IMPORTATEUR_ANON_7074;NINEA_ANON_986;001-I
2661069;Exportation;2021-12-20 08:33:52.263;EnCours;Mer;IMPORTATEUR_ANON_6574;NINEA_ANON_72;001-E
2640566;Importation;2021-11-05 13:33:25.887;EnCours;Mer;IMPORTATEUR_ANON_1654;NINEA_ANON_214;001-I
2358455;Importation;2020-02-07 08:42:35.803;EnCours;Mer;IMPORTATEUR_ANON_7153;NINEA_ANON_453;001-I
2358968;Importation;2020-02-07 15:36:38.513;Initialise;Mer;IMPORTATEUR_ANON_2992;NINEA_ANON_272;001-I
2655255;Importation;2021-12-07 09:48:14.470;EnCours;Mer;IMPORTATEUR_ANON_1656;NINEA_ANON_330;001-I
2667903;Importation;2022-01-05 11:14:44.497;EnCours;Mer;IMPORTATEUR_ANON_2553;NINEA_ANON_853;001-I
2562185;Importation;2021-05-07 08:52:08.940;EnCours;Mer;IMPORTATEUR_ANON_8237;NINEA_ANON_104;001-I
2664933;Importation;2021-12-28 12:03:18.373;EnCours;Mer;IMPORTATEUR_ANON_4744;NINEA_ANON_222;001-I
2675059;Exportation;2022-01-21 12:00:31.810;Initialise;Mer;IMPORTATEUR_ANON_569;NINEA_ANON_299;001-E
2676988;Importation;2022-01-26 15:19:31.060;Initialise;Mer;IMPORTATEUR_ANON_33;NINEA_ANON_489;001-I
2419417;Exportation;2020-06-17 15:48:55.767;EnCours;Mer;IMPORTATEUR_ANON_6681;NINEA_ANON_809;001-E
2554802;Importation;2021-04-21 15:15:22.010;EnCours;Mer;IMPORTATEUR_ANON_8018;NINEA_ANON_870;001-I
2376850;Importation;2020-03-11 13:42:35.807;Initialise;Mer;IMPORTATEUR_ANON_4831;NINEA_ANON_804;001-I
2591490;Exportation;2021-07-09 15:13:38.850;EnCours;Mer;IMPORTATEUR_ANON_3107;NINEA_ANON_604;001-E
2552236;Importation;2021-04-16 10:04:00.943;EnCours;Mer;IMPORTATEUR_ANON_9284;NINEA_ANON_956;001-I
2439411;Importation;2020-08-05 10:44:02.283;EnCours;Mer;IMPORTATEUR_ANON_569;NINEA_ANON_299;001-I
2549271;Importation;2021-04-09 17:49:33.687;EnCours;Mer;IMPORTATEUR_ANON_6466;NINEA_ANON_70;001-I
2452988;Transit;2020-09-03 12:35:39.740;EnCours;Mer;IMPORTATEUR_ANON_7153;NINEA_ANON_918;001-E
2552447;Exportation;2021-04-16 11:52:17.763;EnCours;Mer;IMPORTATEUR_ANON_5096;NINEA_ANON_398;001-E
2599010;Importation;2021-07-30 11:45:55.920;EnCours;Mer;IMPORTATEUR_ANON_134;NINEA_ANON_630;001-I
2385052;Importation;2020-03-27 13:15:28.350;EnCours;Mer;IMPORTATEUR_ANON_2848;NINEA_ANON_875;001-I
2419557;Exportation;2020-06-18 09:23:42.250;EnCours;Mer;IMPORTATEUR_ANON_2190;NINEA_ANON_494;001-E
2350835;Importation;2020-01-23 12:19:02.837;EnCours;Mer;IMPORTATEUR_ANON_7797;NINEA_ANON_614;001-I
2465921;Importation;2020-10-02 12:32:03.923;EnCours;Mer;IMPORTATEUR_ANON_2602;NINEA_ANON_217;001-I
2487527;Importation;2020-11-20 16:35:59.080;EnCours;Mer;IMPORTATEUR_ANON_4744;NINEA_ANON_747;001-I
2514944;Importation;2021-01-25 12:31:20.740;EnCours;Mer;IMPORTATEUR_ANON_5369;NINEA_ANON_415;001-I
2375716;Importation;2020-03-10 10:35:49.683;EnCours;Mer;IMPORTATEUR_ANON_5760;NINEA_ANON_572;001-I
2682989;Importation;2022-02-09 15:05:06.973;EnCours;Mer;IMPORTATEUR_ANON_1341;NINEA_ANON_915;001-I
2464063;Importation;2020-09-29 11:12:20.123;EnCours;Mer;IMPORTATEUR_ANON_9628;NINEA_ANON_405;001-I
2596445;Importation;2021-07-26 11:43:21.580;Initialise;Mer;IMPORTATEUR_ANON_2104;NINEA_ANON_537;001-I
2405687;Exportation;2020-05-13 14:04:11.137;EnCours;Mer;IMPORTATEUR_ANON_7789;NINEA_ANON_514;001-E
2358727;Importation;2020-02-07 11:55:36.417;Initialise;Mer;IMPORTATEUR_ANON_7241;NINEA_ANON_11;001-I
2547348;Importation;2021-04-06 17:07:18.643;EnCours;Mer;IMPORTATEUR_ANON_4120;NINEA_ANON_806;001-I
2615485;Importation;2021-09-08 14:45:19.090;Initialise;Mer;IMPORTATEUR_ANON_1380;NINEA_ANON_312;
2485724;Importation;2020-11-17 15:53:09.957;EnCours;Mer;IMPORTATEUR_ANON_722;NINEA_ANON_330;001-I
2416287;Importation;2020-06-10 17:56:53.087;EnCours;Mer;IMPORTATEUR_ANON_6644;NINEA_ANON_212;001-I
2343404;Importation;2020-01-09 16:43:24.260;EnCours;Mer;IMPORTATEUR_ANON_7966;NINEA_ANON_774;001-I
2605833;Importation;2021-08-16 14:20:22.810;EnCours;Mer;IMPORTATEUR_ANON_4604;NINEA_ANON_187;001-I
2357723;Importation;2020-02-06 09:42:35.063;EnCours;Mer;IMPORTATEUR_ANON_2247;NINEA_ANON_267;001-I
2457592;Importation;2020-09-14 16:04:20.877;Initialise;Mer;IMPORTATEUR_ANON_1133;NINEA_ANON_602;001-I
2484362;Exportation;2020-11-13 12:54:27.037;EnCours;Mer;IMPORTATEUR_ANON_2803;NINEA_ANON_497;001-E
2413478;Importation;2020-06-04 12:54:48.367;EnCours;Mer;IMPORTATEUR_ANON_2935;NINEA_ANON_873;001-I
2584954;Importation;2021-06-28 11:19:02.370;EnCours;Mer;IMPORTATEUR_ANON_1614;NINEA_ANON_766;001-I
2658948;Exportation;2021-12-14 15:12:23.493;EnCours;Mer;IMPORTATEUR_ANON_9392;NINEA_ANON_72;001-E
2432935;Importation;2020-07-17 14:47:03.023;EnCours;Mer;IMPORTATEUR_ANON_2152;NINEA_ANON_989;001-I
2412353;Exportation;2020-06-02 16:57:55.093;EnCours;Mer;IMPORTATEUR_ANON_29;NINEA_ANON_514;001-E
2622318;Importation;2021-09-23 11:32:33.377;EnCours;Mer;IMPORTATEUR_ANON_3489;NINEA_ANON_418;001-I
2606665;Importation;2021-08-18 09:46:49.550;EnCours;Mer;IMPORTATEUR_ANON_4475;NINEA_ANON_944;001-I
2549400;Importation;2021-04-12 09:33:55.170;EnCours;Mer;IMPORTATEUR_ANON_4060;NINEA_ANON_533;001-I
2357472;Importation;2020-02-05 15:29:03.763;Initialise;Mer;IMPORTATEUR_ANON_2052;NINEA_ANON_782;001-I
2535534;Importation;2021-03-11 16:27:35.887;Initialise;Mer;IMPORTATEUR_ANON_9742;NINEA_ANON_714;001-I
2623664;Importation;2021-09-28 13:04:32.740;EnCours;Mer;IMPORTATEUR_ANON_9564;NINEA_ANON_214;001-I
2410005;Importation;2020-05-27 08:19:02.730;EnCours;Mer;IMPORTATEUR_ANON_134;NINEA_ANON_630;001-I
2593799;Importation;2021-07-15 11:56:22.813;Initialise;Mer;IMPORTATEUR_ANON_6336;NINEA_ANON_145;001-I
2595523;Exportation;2021-07-20 12:38:56.077;EnCours;Mer;IMPORTATEUR_ANON_9231;NINEA_ANON_482;001-E
2542866;Transit;2021-03-26 10:34:33.243;EnCours;Mer;IMPORTATEUR_ANON_8060;NINEA_ANON_730;
2380943;Importation;2020-03-19 09:37:33.327;EnCours;Mer;IMPORTATEUR_ANON_4428;NINEA_ANON_802;001-I
2556056;Importation;2021-04-23 16:05:35.507;EnCours;Mer;IMPORTATEUR_ANON_2308;NINEA_ANON_475;001-I
2585463;Importation;2021-06-28 18:11:00.813;EnCours;Mer;IMPORTATEUR_ANON_9120;NINEA_ANON_41;001-I
2350310;Importation;2020-01-22 14:45:26.433;EnCours;Mer;IMPORTATEUR_ANON_3871;NINEA_ANON_38;001-I
2454067;Importation;2020-09-07 11:08:18.430;EnCours;Mer;IMPORTATEUR_ANON_1133;NINEA_ANON_122;001-I
2364433;Importation;2020-02-18 13:26:59.630;EnCours;Mer;IMPORTATEUR_ANON_6198;NINEA_ANON_84;001-I
2584789;Importation;2021-06-28 09:28:08.370;EnCours;Mer;IMPORTATEUR_ANON_8198;NINEA_ANON_771;001-I
2665016;Importation;2021-12-28 13:21:19.930;EnCours;Mer;IMPORTATEUR_ANON_3906;NINEA_ANON_96;001-I
2530115;Exportation;2021-02-26 09:53:17.707;EnCours;Mer;IMPORTATEUR_ANON_8927;NINEA_ANON_651;001-E
2538184;Importation;2021-03-17 12:38:43.273;EnCours;Mer;IMPORTATEUR_ANON_5506;NINEA_ANON_823;001-I
2423243;Transit;2020-06-26 10:12:26.290;Initialise;Mer;IMPORTATEUR_ANON_206;NINEA_ANON_394;001-E
2426717;Exportation;2020-07-03 16:14:33.267;EnCours;Mer;IMPORTATEUR_ANON_2630;NINEA_ANON_109;001-E
2682041;Importation;2022-02-08 15:22:03.650;Initialise;Mer;IMPORTATEUR_ANON_7461;NINEA_ANON_797;001-I
2347144;Importation;2020-01-16 13:45:54.430;EnCours;Mer;IMPORTATEUR_ANON_7900;NINEA_ANON_535;001-I
2606439;Importation;2021-08-17 13:50:23.887;EnCours;Mer;IMPORTATEUR_ANON_134;NINEA_ANON_630;001-I
2499850;Exportation;2020-12-18 10:11:27.997;EnCours;Mer;IMPORTATEUR_ANON_5823;NINEA_ANON_904;001-E
2620872;Importation;2021-09-21 09:22:51.613;EnCours;Mer;IMPORTATEUR_ANON_4949;NINEA_ANON_875;001-I
2503531;Importation;2020-12-29 10:06:15.327;EnCours;Mer;IMPORTATEUR_ANON_3923;NINEA_ANON_709;001-I
2489477;Importation;2020-11-25 14:50:47.653;EnCours;Mer;IMPORTATEUR_ANON_4834;NINEA_ANON_425;001-I
2521974;Importation;2021-02-09 10:46:27.833;EnCours;Mer;IMPORTATEUR_ANON_2623;NINEA_ANON_939;001-I
2472475;Importation;2020-10-20 09:17:40.683;EnCours;Mer;IMPORTATEUR_ANON_134;NINEA_ANON_630;001-I
2610574;Importation;2021-08-27 12:47:06.807;EnCours;Mer;IMPORTATEUR_ANON_2653;NINEA_ANON_576;001-I
2529171;Exportation;2021-02-24 12:53:27.977;EnCours;Mer;IMPORTATEUR_ANON_991;NINEA_ANON_486;001-E
2354531;Importation;2020-01-30 12:22:05.267;EnCours;Mer;IMPORTATEUR_ANON_6285;NINEA_ANON_867;001-I
2404427;Importation;2020-05-11 13:20:51.050;EnCours;Mer;IMPORTATEUR_ANON_5606;NINEA_ANON_160;001-I
2496920;Importation;2020-12-11 12:50:42.077;EnCours;Mer;IMPORTATEUR_ANON_3903;NINEA_ANON_130;001-I
2544594;Importation;2021-03-30 14:32:07.230;Initialise;Mer;IMPORTATEUR_ANON_278;NINEA_ANON_355;001-I
2648104;Importation;2021-11-22 11:21:00.590;EnCours;Mer;IMPORTATEUR_ANON_9077;NINEA_ANON_513;001-I
2656277;Importation;2021-12-08 14:59:32.327;EnCours;Mer;IMPORTATEUR_ANON_9424;NINEA_ANON_876;001-I
2404111;Exportation;2020-05-11 10:12:16.433;EnCours;Mer;IMPORTATEUR_ANON_8895;NINEA_ANON_393;001-E
2412290;Importation;2020-06-02 16:06:30.233;EnCours;Mer;IMPORTATEUR_ANON_9684;NINEA_ANON_381;001-I
2651788;Importation;2021-11-29 15:25:53.990;EnCours;Mer;IMPORTATEUR_ANON_8403;NINEA_ANON_556;001-I
2692309;Importation;2022-02-24 15:40:30.980;Initialise;Mer;IMPORTATEUR_ANON_3069;NINEA_ANON_227;001-I
2526194;Importation;2021-02-18 02:33:50.970;EnCours;Mer;IMPORTATEUR_ANON_5134;NINEA_ANON_73;001-I
2523570;Importation;2021-02-11 16:51:59.817;EnCours;Mer;IMPORTATEUR_ANON_4173;NINEA_ANON_386;001-I
2643372;Importation;2021-11-11 15:15:06.067;EnCours;Mer;IMPORTATEUR_ANON_6911;NINEA_ANON_365;001-I
2432159;Exportation;2020-07-16 11:32:52.610;Initialise;Mer;IMPORTATEUR_ANON_1548;NINEA_ANON_269;001-E
2555671;Importation;2021-04-23 10:07:57.733;EnCours;Mer;IMPORTATEUR_ANON_134;NINEA_ANON_630;
2598437;Importation;2021-07-29 12:18:43.410;EnCours;Mer;IMPORTATEUR_ANON_9564;NINEA_ANON_214;001-I
2443760;Importation;2020-08-12 16:26:19.420;EnCours;Mer;IMPORTATEUR_ANON_8470;NINEA_ANON_452;001-I
2515322;Exportation;2021-01-25 17:38:33.547;EnCours;Mer;IMPORTATEUR_ANON_4090;NINEA_ANON_383;001-E
2438747;Exportation;2020-08-04 09:30:38.700;EnCours;Mer;IMPORTATEUR_ANON_29;NINEA_ANON_562;001-E
2558764;Transit;2021-04-29 13:32:22.693;Initialise;Mer;IMPORTATEUR_ANON_3144;NINEA_ANON_548;001-E
2363889;Importation;2020-02-17 17:30:06.650;EnCours;Mer;IMPORTATEUR_ANON_6983;NINEA_ANON_770;001-I
2386918;Importation;2020-04-01 14:48:29.693;EnCours;Mer;IMPORTATEUR_ANON_9628;NINEA_ANON_405;001-I
2544497;Importation;2021-03-30 12:48:00.900;EnCours;Mer;IMPORTATEUR_ANON_4428;NINEA_ANON_802;001-I
2342864;Importation;2020-01-09 09:30:06.373;EnCours;Mer;IMPORTATEUR_ANON_8766;NINEA_ANON_994;001-I
2547297;Transit;2021-04-06 16:32:20.590;Initialise;Mer;IMPORTATEUR_ANON_638;NINEA_ANON_950;001-E
2371643;Importation;2020-03-02 16:17:38.327;EnCours;Mer;IMPORTATEUR_ANON_1827;NINEA_ANON_956;001-I
2423496;Importation;2020-06-26 12:40:23.543;Initialise;Mer;IMPORTATEUR_ANON_3988;NINEA_ANON_221;001-I
2391169;Importation;2020-04-14 11:23:25.100;EnCours;Mer;IMPORTATEUR_ANON_9695;NINEA_ANON_182;001-I
2629474;Exportation;2021-10-11 15:59:45.103;EnCours;Mer;IMPORTATEUR_ANON_292;NINEA_ANON_49;001-E
2541392;Importation;2021-03-23 16:03:09.830;EnCours;Mer;IMPORTATEUR_ANON_4428;NINEA_ANON_802;001-I
2631049;Importation;2021-10-14 11:47:10.987;EnCours;Mer;IMPORTATEUR_ANON_3779;NINEA_ANON_268;001-I
2575123;Importation;2021-06-07 13:32:03.727;EnCours;Mer;IMPORTATEUR_ANON_9775;NINEA_ANON_448;001-I
2383131;Importation;2020-03-24 11:53:20.970;EnCours;Mer;IMPORTATEUR_ANON_5597;NINEA_ANON_742;001-I
2499092;Importation;2020-12-16 16:25:55.487;EnCours;Mer;IMPORTATEUR_ANON_538;NINEA_ANON_276;001-I
2632575;Importation;2021-10-18 15:52:18.767;EnCours;Mer;IMPORTATEUR_ANON_7279;NINEA_ANON_32;001-I
2429719;Exportation;2020-07-10 12:15:05.700;EnCours;Mer;IMPORTATEUR_ANON_7798;NINEA_ANON_258;001-E
2477496;Importation;2020-11-02 10:08:34.450;EnCours;Mer;IMPORTATEUR_ANON_4510;NINEA_ANON_189;001-I
2642754;Importation;2021-11-10 16:14:07.297;EnCours;Mer;IMPORTATEUR_ANON_4493;NINEA_ANON_454;001-I
2650255;Importation;2021-11-25 13:37:51.240;EnCours;Mer;IMPORTATEUR_ANON_3232;NINEA_ANON_89;001-I
2412677;Importation;2020-06-03 11:22:20.480;Initialise;Mer;IMPORTATEUR_ANON_3609;NINEA_ANON_805;001-I
2657152;Importation;2021-12-10 08:07:49.690;EnCours;Mer;IMPORTATEUR_ANON_4057;NINEA_ANON_377;001-I
2412747;Exportation;2020-06-03 12:05:49.950;EnCours;Mer;IMPORTATEUR_ANON_292;NINEA_ANON_49;001-E
2531143;Importation;2021-03-01 15:03:34.310;EnCours;Mer;IMPORTATEUR_ANON_3896;NINEA_ANON_624;
2348390;Importation;2020-01-20 11:35:46.547;EnCours;Mer;IMPORTATEUR_ANON_7464;NINEA_ANON_545;001-I
2665897;Importation;2021-12-30 09:53:36.810;Initialise;Mer;IMPORTATEUR_ANON_2097;NINEA_ANON_141;001-I
2668399;Importation;2022-01-06 11:35:13.303;EnCours;Mer;IMPORTATEUR_ANON_4179;NINEA_ANON_247;
2683621;Importation;2022-02-10 12:25:49.620;Initialise;Mer;IMPORTATEUR_ANON_1727;NINEA_ANON_580;001-I
2689573;Importation;2022-02-21 12:05:51.273;Initialise;Mer;IMPORTATEUR_ANON_6935;NINEA_ANON_602;001-I
2497861;Importation;2020-12-14 17:19:03.277;Initialise;Mer;IMPORTATEUR_ANON_2721;NINEA_ANON_728;001-I
2506639;Importation;2021-01-07 11:52:17.247;Initialise;Mer;IMPORTATEUR_ANON_2277;NINEA_ANON_642;001-I
2475819;Importation;2020-10-27 11:55:21.447;EnCours;Mer;IMPORTATEUR_ANON_9172;NINEA_ANON_822;001-I
2511200;Exportation;2021-01-18 11:38:04.497;EnCours;Mer;IMPORTATEUR_ANON_278;NINEA_ANON_355;001-E
2437885;Importation;2020-07-30 08:22:37.347;EnCours;Mer;IMPORTATEUR_ANON_9701;NINEA_ANON_214;001-I
2445996;Importation;2020-08-18 14:44:23.250;EnCours;Mer;IMPORTATEUR_ANON_428;NINEA_ANON_244;001-I
2457228;Importation;2020-09-14 10:58:48.180;EnCours;Mer;IMPORTATEUR_ANON_5520;NINEA_ANON_462;001-I
2665997;Importation;2021-12-30 11:15:45.460;EnCours;Mer;IMPORTATEUR_ANON_754;NINEA_ANON_119;001-I
2388877;Importation;2020-04-07 09:08:02.677;EnCours;Mer;IMPORTATEUR_ANON_3622;NINEA_ANON_278;001-I
2502085;Exportation;2020-12-23 13:42:10.020;EnCours;Mer;IMPORTATEUR_ANON_6681;NINEA_ANON_809;
2663284;Importation;2021-12-23 11:13:51.067;EnCours;Mer;IMPORTATEUR_ANON_2433;NINEA_ANON_563;001-I
2559096;Importation;2021-04-30 10:39:59.737;EnCours;Mer;IMPORTATEUR_ANON_6319;NINEA_ANON_350;001-I
2364272;Importation;2020-02-18 11:59:19.877;EnCours;Mer;IMPORTATEUR_ANON_2647;NINEA_ANON_469;001-I
2461978;Importation;2020-09-24 09:36:43.913;EnCours;Mer;IMPORTATEUR_ANON_1497;NINEA_ANON_490;001-I
2408591;Importation;2020-05-20 16:08:38.157;EnCours;Mer;IMPORTATEUR_ANON_4426;NINEA_ANON_93;001-I
2507302;Exportation;2021-01-08 12:42:39.317;EnCours;Mer;IMPORTATEUR_ANON_3768;NINEA_ANON_664;001-E
2377593;Importation;2020-03-12 13:00:19.760;EnCours;Mer;IMPORTATEUR_ANON_1308;NINEA_ANON_693;001-I
2620642;Importation;2021-09-20 14:58:15.297;EnCours;Mer;IMPORTATEUR_ANON_710;NINEA_ANON_311;001-I
2670414;Importation;2022-01-12 09:55:05.480;EnCours;Mer;IMPORTATEUR_ANON_1656;NINEA_ANON_330;001-I
2489874;Exportation;2020-11-26 11:21:25.093;EnCours;Mer;IMPORTATEUR_ANON_1195;NINEA_ANON_462;001-E
2561066;Importation;2021-05-05 10:20:32.310;EnCours;Mer;IMPORTATEUR_ANON_5804;NINEA_ANON_779;001-I
2490886;Réexportation;2020-11-27 18:24:20.090;EnCours;Mer;IMPORTATEUR_ANON_2114;NINEA_ANON_58;001-E
2548294;Importation;2021-04-08 11:03:42.930;EnCours;Mer;IMPORTATEUR_ANON_6119;NINEA_ANON_519;001-I
2474565;Importation;2020-10-23 12:58:50.853;EnCours;Mer;IMPORTATEUR_ANON_9606;NINEA_ANON_922;001-I
2581716;Importation;2021-06-21 11:53:11.430;EnCours;Mer;IMPORTATEUR_ANON_1827;NINEA_ANON_956;001-I
2448381;Importation;2020-08-24 14:30:01.230;Initialise;Mer;IMPORTATEUR_ANON_8958;NINEA_ANON_25;001-I
2491261;Importation;2020-11-30 11:54:23.790;EnCours;Mer;IMPORTATEUR_ANON_3409;NINEA_ANON_307;001-I
2345735;Importation;2020-01-14 15:37:27.220;EnCours;Mer;IMPORTATEUR_ANON_3438;NINEA_ANON_590;001-I
2537263;Importation;2021-03-16 10:44:45.717;EnCours;Mer;IMPORTATEUR_ANON_9008;NINEA_ANON_224;001-I
2574077;Importation;2021-06-03 16:56:08.633;EnCours;Mer;IMPORTATEUR_ANON_5864;NINEA_ANON_371;001-I
2500619;Importation;2020-12-21 11:36:10.170;EnCours;Mer;IMPORTATEUR_ANON_3768;NINEA_ANON_664;001-I
2614573;Importation;2021-09-07 10:38:45.520;EnCours;Mer;IMPORTATEUR_ANON_3863;NINEA_ANON_628;001-I
2500786;Importation;2020-12-21 13:30:01.570;Initialise;Mer;IMPORTATEUR_ANON_5602;NINEA_ANON_444;001-I
2484947;Importation;2020-11-16 12:52:45.637;EnCours;Mer;IMPORTATEUR_ANON_6681;NINEA_ANON_809;001-I
2628219;Importation;2021-10-07 17:16:47.323;EnCours;Mer;IMPORTATEUR_ANON_7982;NINEA_ANON_413;001-I
2657767;Importation;2021-12-13 09:32:08.060;EnCours;Mer;IMPORTATEUR_ANON_728;NINEA_ANON_477;001-I
2524069;Exportation;2021-02-12 15:48:49.703;EnCours;Mer;IMPORTATEUR_ANON_5174;NINEA_ANON_242;001-E
2460398;Importation;2020-09-21 13:22:05.363;EnCours;Mer;IMPORTATEUR_ANON_7457;NINEA_ANON_796;001-I
2363693;Importation;2020-02-17 14:44:40.117;EnCours;Mer;IMPORTATEUR_ANON_7226;NINEA_ANON_287;001-I
2386406;Importation;2020-03-31 15:33:58.267;EnCours;Mer;IMPORTATEUR_ANON_512;NINEA_ANON_70;001-I
2540848;Importation;2021-03-23 08:14:08.030;EnCours;Mer;IMPORTATEUR_ANON_2303;NINEA_ANON_355;
2568125;Importation;2021-05-21 12:39:18.927;EnCours;Mer;IMPORTATEUR_ANON_3438;NINEA_ANON_590;
2639151;Importation;2021-11-03 10:49:35.503;EnCours;Mer;IMPORTATEUR_ANON_5906;NINEA_ANON_645;001-I
2406038;Exportation;2020-05-14 11:32:34.140;EnCours;Mer;IMPORTATEUR_ANON_5217;NINEA_ANON_611;001-E
2651737;Importation;2021-11-29 15:04:56.810;EnCours;Mer;IMPORTATEUR_ANON_3768;NINEA_ANON_664;001-I
2388621;Importation;2020-04-06 13:36:48.767;EnCours;Mer;IMPORTATEUR_ANON_4834;NINEA_ANON_425;001-I
2450950;Importation;2020-08-31 09:26:55.043;EnCours;Mer;IMPORTATEUR_ANON_9564;NINEA_ANON_372;001-I
2539663;Exportation;2021-03-19 13:19:40.970;EnCours;Mer;IMPORTATEUR_ANON_1827;NINEA_ANON_956;001-E
2417737;Importation;2020-06-15 10:26:46.830;EnCours;Mer;IMPORTATEUR_ANON_1025;NINEA_ANON_122;001-I
2607381;Importation;2021-08-20 12:03:44.317;EnCours;Mer;IMPORTATEUR_ANON_1026;NINEA_ANON_774;001-I
2512938;Importation;2021-01-20 12:43:57.257;Initialise;Mer;IMPORTATEUR_ANON_3844;NINEA_ANON_599;001-I
2676510;Importation;2022-01-25 16:08:20.897;EnCours;Mer;IMPORTATEUR_ANON_8960;NINEA_ANON_195;001-I
2356788;Exportation;2020-02-04 16:21:00.060;EnCours;Mer;IMPORTATEUR_ANON_278;NINEA_ANON_355;001-E
2369093;Importation;2020-02-26 15:51:54.100;EnCours;Mer;IMPORTATEUR_ANON_8393;NINEA_ANON_650;001-I
2648064;Importation;2021-11-22 10:54:25.000;EnCours;Mer;IMPORTATEUR_ANON_5357;NINEA_ANON_882;001-I
2550352;Importation;2021-04-13 11:29:54.183;EnCours;Mer;IMPORTATEUR_ANON_7153;NINEA_ANON_918;001-I
2676095;Exportation;2022-01-25 10:34:27.447;EnCours;Mer;IMPORTATEUR_ANON_4979;NINEA_ANON_181;001-E
2650793;Importation;2021-11-26 12:34:45.413;EnCours;Mer;IMPORTATEUR_ANON_7198;NINEA_ANON_430;001-I
2568447;Importation;2021-05-22 11:51:35.750;EnCours;Mer;IMPORTATEUR_ANON_1124;NINEA_ANON_111;001-I
2583053;Importation;2021-06-23 10:16:19.973;Initialise;Mer;IMPORTATEUR_ANON_3863;NINEA_ANON_55;001-I
2507315;Importation;2021-01-08 12:47:46.013;EnCours;Mer;IMPORTATEUR_ANON_3768;NINEA_ANON_664;001-I
2361226;Importation;2020-02-12 11:28:10.713;Initialise;Mer;IMPORTATEUR_ANON_9628;NINEA_ANON_405;001-I
2688785;Exportation;2022-02-18 12:30:36.337;EnCours;Mer;IMPORTATEUR_ANON_2788;NINEA_ANON_361;001-E
2478340;Importation;2020-11-03 11:10:04.540;EnCours;Mer;IMPORTATEUR_ANON_3508;NINEA_ANON_897;001-I
2630584;Exportation;2021-10-13 13:27:49.373;EnCours;Mer;IMPORTATEUR_ANON_3611;NINEA_ANON_574;001-E
2376369;Importation;2020-03-10 18:06:33.543;Initialise;Mer;IMPORTATEUR_ANON_1463;NINEA_ANON_151;001-I
2425828;Importation;2020-07-02 11:04:49.847;Initialise;Mer;IMPORTATEUR_ANON_9270;NINEA_ANON_917;001-I
2390036;Importation;2020-04-09 13:50:23.137;EnCours;Mer;IMPORTATEUR_ANON_6742;NINEA_ANON_760;001-I
2663908;Importation;2021-12-24 13:04:59.720;EnCours;Mer;IMPORTATEUR_ANON_5743;NINEA_ANON_242;001-I
2681845;Importation;2022-02-08 13:27:39.377;EnCours;Mer;IMPORTATEUR_ANON_6510;NINEA_ANON_962;001-I
2446238;Importation;2020-08-19 09:39:16.843;EnCours;Mer;IMPORTATEUR_ANON_5536;NINEA_ANON_143;001-I
2478943;Importation;2020-11-04 11:04:07.563;EnCours;Mer;IMPORTATEUR_ANON_6644;NINEA_ANON_863;001-I
2357910;Importation;2020-02-06 11:33:38.997;EnCours;Mer;IMPORTATEUR_ANON_9750;NINEA_ANON_628;001-I
2691490;Importation;2022-02-23 14:53:53.787;EnCours;Mer;IMPORTATEUR_ANON_296;NINEA_ANON_80;001-I
2520015;Importation;2021-02-04 09:12:53.447;EnCours;Mer;IMPORTATEUR_ANON_7533;NINEA_ANON_993;001-I
2365925;Exportation;2020-02-20 13:45:09.260;EnCours;Mer;IMPORTATEUR_ANON_8646;NINEA_ANON_618;001-E
2479032;Importation;2020-11-04 12:19:10.267;EnCours;Mer;IMPORTATEUR_ANON_5864;NINEA_ANON_371;001-I
2508060;Importation;2021-01-11 14:53:56.013;EnCours;Mer;IMPORTATEUR_ANON_1294;NINEA_ANON_991;001-I
2551696;Importation;2021-04-15 11:37:27.730;EnCours;Mer;IMPORTATEUR_ANON_8895;NINEA_ANON_393;001-I
2580553;Importation;2021-06-17 14:15:24.580;Initialise;Mer;IMPORTATEUR_ANON_2595;NINEA_ANON_835;001-I
2489286;Importation;2020-11-25 12:02:59.627;EnCours;Mer;IMPORTATEUR_ANON_6705;NINEA_ANON_314;001-I
2426515;Importation;2020-07-03 12:34:04.170;EnCours;Mer;IMPORTATEUR_ANON_1748;NINEA_ANON_21;001-I
2676816;Importation;2022-01-26 12:06:52.113;EnCours;Mer;IMPORTATEUR_ANON_4663;NINEA_ANON_805;001-I
2493896;Transit;2020-12-04 14:55:11.703;Initialise;Mer;IMPORTATEUR_ANON_235;NINEA_ANON_708;001-E
2574846;Importation;2021-06-07 10:26:50.643;EnCours;Mer;IMPORTATEUR_ANON_1847;NINEA_ANON_175;001-I
2592721;Importation;2021-07-13 13:33:09.490;EnCours;Mer;IMPORTATEUR_ANON_9564;NINEA_ANON_214;001-I
2637192;Importation;2021-10-28 12:25:50.887;EnCours;Mer;IMPORTATEUR_ANON_7569;NINEA_ANON_852;001-I
2640238;Exportation;2021-11-05 06:37:33.670;EnCours;Mer;IMPORTATEUR_ANON_29;NINEA_ANON_562;001-E
2526998;Exportation;2021-02-19 11:21:45.390;EnCours;Mer;IMPORTATEUR_ANON_4979;NINEA_ANON_181;001-E
2610233;Exportation;2021-08-26 19:25:38.500;EnCours;Mer;IMPORTATEUR_ANON_3923;NINEA_ANON_709;001-E
2685419;Importation;2022-02-14 19:15:40.940;Initialise;Mer;IMPORTATEUR_ANON_1139;NINEA_ANON_908;001-I
2553773;Importation;2021-04-20 10:33:13.960;Initialise;Mer;IMPORTATEUR_ANON_3660;NINEA_ANON_166;001-I
2387784;Importation;2020-04-03 09:34:05.177;EnCours;Mer;IMPORTATEUR_ANON_3768;NINEA_ANON_664;001-I
2418169;Importation;2020-06-15 15:45:56.007;Initialise;Mer;IMPORTATEUR_ANON_3095;NINEA_ANON_303;001-I
2631796;Transit;2021-10-15 11:57:05.270;Initialise;Mer;IMPORTATEUR_ANON_5618;NINEA_ANON_881;001-E
2540499;Exportation;2021-03-22 13:33:46.797;EnCours;Mer;IMPORTATEUR_ANON_1987;NINEA_ANON_60;001-E
2345281;Importation;2020-01-14 10:19:25.923;EnCours;Mer;IMPORTATEUR_ANON_5804;NINEA_ANON_779;001-I
2381685;Importation;2020-03-20 10:33:45.227;Initialise;Mer;IMPORTATEUR_ANON_3384;NINEA_ANON_937;001-I
2670264;Importation;2022-01-11 16:55:58.957;EnCours;Mer;IMPORTATEUR_ANON_7533;NINEA_ANON_993;001-I
2365752;Importation;2020-02-20 11:19:15.303;EnCours;Mer;IMPORTATEUR_ANON_3332;NINEA_ANON_363;001-I
2478728;Importation;2020-11-03 16:45:08.063;EnCours;Mer;IMPORTATEUR_ANON_8488;NINEA_ANON_578;001-I
2468519;Importation;2020-10-12 09:46:55.913;EnCours;Mer;IMPORTATEUR_ANON_8392;NINEA_ANON_637;001-I
2506280;Importation;2021-01-06 14:43:23.917;EnCours;Mer;IMPORTATEUR_ANON_9108;NINEA_ANON_417;001-I
2539548;Exportation;2021-03-19 12:03:25.707;EnCours;Mer;IMPORTATEUR_ANON_997;NINEA_ANON_619;001-E
2652672;Importation;2021-11-30 17:14:44.943;EnCours;Mer;IMPORTATEUR_ANON_6772;NINEA_ANON_444;001-I
2360676;Importation;2020-02-11 14:53:54.070;EnCours;Mer;IMPORTATEUR_ANON_5520;NINEA_ANON_462;001-I
2340383;Importation;2020-01-03 15:34:44.673;EnCours;Mer;IMPORTATEUR_ANON_3296;NINEA_ANON_338;001-I
2524355;Exportation;2021-02-15 10:41:49.090;EnCours;Mer;IMPORTATEUR_ANON_1987;NINEA_ANON_60;001-E
2437868;Importation;2020-07-29 18:09:30.880;EnCours;Mer;IMPORTATEUR_ANON_605;NINEA_ANON_655;001-I
2450385;Exportation;2020-08-28 10:12:05.290;EnCours;Mer;IMPORTATEUR_ANON_1146;NINEA_ANON_755;001-E
2536185;Exportation;2021-03-12 16:57:06.527;Initialise;Mer;IMPORTATEUR_ANON_6574;NINEA_ANON_72;001-E
2449647;Exportation;2020-08-26 15:44:10.007;EnCours;Mer;IMPORTATEUR_ANON_2119;NINEA_ANON_117;001-E
2424927;Importation;2020-06-30 15:44:31.710;EnCours;Mer;IMPORTATEUR_ANON_4834;NINEA_ANON_425;001-I
2464092;Importation;2020-09-29 11:32:58.497;EnCours;Mer;IMPORTATEUR_ANON_4463;NINEA_ANON_114;001-I
2494433;Exportation;2020-12-07 12:22:39.460;EnCours;Mer;IMPORTATEUR_ANON_29;NINEA_ANON_446;001-E
2601073;Importation;2021-08-04 15:29:03.683;EnCours;Mer;IMPORTATEUR_ANON_7464;NINEA_ANON_545;001-I
2421662;Importation;2020-06-23 14:02:19.190;EnCours;Mer;IMPORTATEUR_ANON_4073;NINEA_ANON_700;001-I
2634926;Importation;2021-10-25 10:03:04.920;EnCours;Mer;IMPORTATEUR_ANON_5362;NINEA_ANON_357;001-I
2358865;Importation;2020-02-07 13:23:57.437;EnCours;Mer;IMPORTATEUR_ANON_3726;NINEA_ANON_343;001-I
2667380;Importation;2022-01-04 11:35:31.930;EnCours;Mer;IMPORTATEUR_ANON_5484;NINEA_ANON_42;001-I
2361804;Importation;2020-02-13 09:18:59.753;EnCours;Mer;IMPORTATEUR_ANON_8867;NINEA_ANON_200;001-I
2623710;Importation;2021-09-28 13:36:48.547;EnCours;Mer;IMPORTATEUR_ANON_9564;NINEA_ANON_214;001-I
2632008;Exportation;2021-10-15 16:31:55.213;EnCours;Mer;IMPORTATEUR_ANON_5426;NINEA_ANON_336;001-E
2648760;Importation;2021-11-23 10:22:26.997;EnCours;Mer;IMPORTATEUR_ANON_4428;NINEA_ANON_725;001-I
2676750;Importation;2022-01-26 11:11:16.530;EnCours;Mer;IMPORTATEUR_ANON_9095;NINEA_ANON_136;001-I
2482732;Importation;2020-11-10 15:27:59.377;Initialise;Mer;IMPORTATEUR_ANON_4862;NINEA_ANON_609;001-I
2447531;Réexportation;2020-08-21 10:56:01.733;EnCours;Mer;IMPORTATEUR_ANON_7153;NINEA_ANON_453;001-E
2455721;Importation;2020-09-09 15:55:32.773;EnCours;Mer;IMPORTATEUR_ANON_4948;NINEA_ANON_757;001-I
2502285;Importation;2020-12-23 18:13:26.283;EnCours;Mer;IMPORTATEUR_ANON_8011;NINEA_ANON_856;001-I
2588217;Importation;2021-07-05 09:43:04.420;EnCours;Mer;IMPORTATEUR_ANON_4475;NINEA_ANON_944;001-I
2422013;Importation;2020-06-24 09:56:17.570;EnCours;Mer;IMPORTATEUR_ANON_6795;NINEA_ANON_544;001-I
2644726;Réexportation;2021-11-15 15:39:44.200;EnCours;Mer;IMPORTATEUR_ANON_6681;NINEA_ANON_809;001-E
2684499;Importation;2022-02-11 14:35:52.283;EnCours;Mer;IMPORTATEUR_ANON_4744;NINEA_ANON_222;001-I
2461225;Importation;2020-09-22 15:38:20.453;Initialise;Mer;IMPORTATEUR_ANON_5804;NINEA_ANON_779;001-I
2628770;Importation;2021-10-08 16:35:13.220;Initialise;Mer;IMPORTATEUR_ANON_7241;NINEA_ANON_415;001-I
2410818;Importation;2020-05-28 11:49:56.013;EnCours;Mer;IMPORTATEUR_ANON_7462;NINEA_ANON_53;001-I
2451665;Importation;2020-09-01 10:41:20.080;EnCours;Mer;IMPORTATEUR_ANON_6061;NINEA_ANON_638;001-I
2424076;Exportation;2020-06-29 12:11:59.567;EnCours;Mer;IMPORTATEUR_ANON_6196;NINEA_ANON_514;001-E
2434634;Importation;2020-07-22 12:27:56.627;EnCours;Mer;IMPORTATEUR_ANON_5306;NINEA_ANON_178;001-I
2425843;Importation;2020-07-02 11:13:16.767;EnCours;Mer;IMPORTATEUR_ANON_4424;NINEA_ANON_51;001-I
2362649;Importation;2020-02-14 10:30:26.300;EnCours;Mer;IMPORTATEUR_ANON_8060;NINEA_ANON_730;001-I
2658566;Exportation;2021-12-14 10:22:14.353;EnCours;Mer;IMPORTATEUR_ANON_1146;NINEA_ANON_317;001-E
2433100;Importation;2020-07-18 12:09:10.757;EnCours;Mer;IMPORTATEUR_ANON_4390;NINEA_ANON_898;001-I
2578188;Importation;2021-06-14 09:16:30.917;EnCours;Mer;IMPORTATEUR_ANON_1146;NINEA_ANON_317;001-I
2464956;Importation;2020-09-30 16:22:32.467;Initialise;Mer;IMPORTATEUR_ANON_7462;NINEA_ANON_53;001-I
2605783;Importation;2021-08-16 13:17:21.187;EnCours;Mer;IMPORTATEUR_ANON_3406;NINEA_ANON_752;001-I
2379160;Importation;2020-03-16 15:05:59.190;EnCours;Mer;IMPORTATEUR_ANON_9284;NINEA_ANON_956;001-I
2455426;Importation;2020-09-09 11:34:18.223;Initialise;Mer;IMPORTATEUR_ANON_4060;NINEA_ANON_533;001-I
2535656;Importation;2021-03-12 09:05:55.323;EnCours;Mer;IMPORTATEUR_ANON_693;NINEA_ANON_313;001-I
2611224;Importation;2021-08-30 13:17:26.977;Initialise;Mer;IMPORTATEUR_ANON_6570;NINEA_ANON_945;001-I
2569373;Importation;2021-05-25 18:48:20.613;EnCours;Mer;IMPORTATEUR_ANON_5224;NINEA_ANON_559;001-I
2347193;Exportation;2020-01-16 15:01:26.177;EnCours;Mer;IMPORTATEUR_ANON_4979;NINEA_ANON_181;001-E
2485109;Importation;2020-11-16 15:25:57.113;EnCours;Mer;IMPORTATEUR_ANON_3407;NINEA_ANON_902;001-I
2342687;Exportation;2020-01-08 16:33:55.717;EnCours;Mer;IMPORTATEUR_ANON_9750;NINEA_ANON_628;001-E
2647721;Importation;2021-11-19 16:30:52.463;EnCours;Mer;IMPORTATEUR_ANON_9330;NINEA_ANON_453;001-I
2587379;Importation;2021-07-01 17:15:48.570;EnCours;Mer;IMPORTATEUR_ANON_9684;NINEA_ANON_294;001-I
2411591;Importation;2020-05-30 11:58:28.147;Initialise;Mer;IMPORTATEUR_ANON_3332;NINEA_ANON_846;001-I
2494586;Importation;2020-12-07 15:11:32.190;EnCours;Mer;IMPORTATEUR_ANON_9564;NINEA_ANON_214;001-I
2508572;Importation;2021-01-12 11:59:41.700;Initialise;Mer;IMPORTATEUR_ANON_9675;NINEA_ANON_715;001-I
2552097;Importation;2021-04-16 08:09:07.697;EnCours;Mer;IMPORTATEUR_ANON_4060;NINEA_ANON_533;001-I
2432320;Exportation;2020-07-16 13:30:12.600;EnCours;Mer;IMPORTATEUR_ANON_7333;NINEA_ANON_396;001-E
2467122;Transit;2020-10-07 16:34:30.107;Initialise;Mer;IMPORTATEUR_ANON_195;NINEA_ANON_708;001-E
2525089;Importation;2021-02-16 11:02:50.693;EnCours;Mer;IMPORTATEUR_ANON_7166;NINEA_ANON_390;001-I
2581484;Importation;2021-06-21 09:10:58.387;EnCours;Mer;IMPORTATEUR_ANON_7803;NINEA_ANON_309;001-I
2658141;Exportation;2021-12-13 13:52:33.340;EnCours;Mer;IMPORTATEUR_ANON_3843;NINEA_ANON_720;001-E
2678315;Importation;2022-01-31 09:04:16.420;EnCours;Mer;IMPORTATEUR_ANON_7533;NINEA_ANON_993;001-I
2472982;Importation;2020-10-20 16:03:33.610;EnCours;Mer;IMPORTATEUR_ANON_2490;NINEA_ANON_330;001-I
2427479;Importation;2020-07-06 16:54:15.107;Initialise;Mer;IMPORTATEUR_ANON_9620;NINEA_ANON_485;001-I
2574111;Exportation;2021-06-03 18:22:23.490;Initialise;Mer;IMPORTATEUR_ANON_8479;NINEA_ANON_325;001-E
2583192;Transit;2021-06-23 11:46:38.160;Initialise;Mer;IMPORTATEUR_ANON_3144;NINEA_ANON_548;001-E
2364347;Exportation;2020-02-18 12:40:34.133;EnCours;Mer;IMPORTATEUR_ANON_779;NINEA_ANON_673;001-E
2368198;Importation;2020-02-25 14:06:21.360;EnCours;Mer;IMPORTATEUR_ANON_8138;NINEA_ANON_495;001-I
2374042;Exportation;2020-03-06 10:02:40.140;EnCours;Mer;IMPORTATEUR_ANON_1020;NINEA_ANON_845;001-E
2430601;Importation;2020-07-13 16:24:29.873;EnCours;Mer;IMPORTATEUR_ANON_2854;NINEA_ANON_535;001-I
2381917;Importation;2020-03-20 13:06:14.243;EnCours;Mer;IMPORTATEUR_ANON_8942;NINEA_ANON_631;001-I
2485745;Importation;2020-11-17 16:06:57.610;EnCours;Mer;IMPORTATEUR_ANON_8292;NINEA_ANON_167;001-I
2500389;Exportation;2020-12-21 09:25:42.780;EnCours;Mer;IMPORTATEUR_ANON_8895;NINEA_ANON_393;001-E
2536161;Importation;2021-03-12 16:35:38.693;EnCours;Mer;IMPORTATEUR_ANON_2623;NINEA_ANON_939;001-I
2533094;Importation;2021-03-05 10:35:58.183;EnCours;Mer;IMPORTATEUR_ANON_5804;NINEA_ANON_779;001-I
2553509;Importation;2021-04-19 15:48:51.537;EnCours;Mer;IMPORTATEUR_ANON_8713;NINEA_ANON_398;001-I
2561396;Exportation;2021-05-05 14:38:29.960;EnCours;Mer;IMPORTATEUR_ANON_2630;NINEA_ANON_109;001-E
2461912;Importation;2020-09-23 18:20:27.407;EnCours;Mer;IMPORTATEUR_ANON_9108;NINEA_ANON_166;001-I
2520533;Importation;2021-02-05 08:45:12.143;EnCours;Mer;IMPORTATEUR_ANON_569;NINEA_ANON_299;001-I
2570009;Exportation;2021-05-26 16:43:31.300;EnCours;Mer;IMPORTATEUR_ANON_5638;NINEA_ANON_701;001-E
2591228;Importation;2021-07-09 11:32:12.850;EnCours;Mer;IMPORTATEUR_ANON_1614;NINEA_ANON_766;001-I
2525269;Importation;2021-02-16 12:53:09.703;EnCours;Mer;IMPORTATEUR_ANON_8319;NINEA_ANON_48;001-I
2539213;Importation;2021-03-18 16:50:17.683;EnCours;Mer;IMPORTATEUR_ANON_3336;NINEA_ANON_304;001-I
2471137;Exportation;2020-10-15 17:09:36.713;EnCours;Mer;IMPORTATEUR_ANON_9500;NINEA_ANON_450;001-E
2550215;Importation;2021-04-13 10:16:04.697;EnCours;Mer;IMPORTATEUR_ANON_4320;NINEA_ANON_570;001-I
2622199;Importation;2021-09-23 10:22:15.143;EnCours;Mer;IMPORTATEUR_ANON_134;NINEA_ANON_630;001-I
2539379;Importation;2021-03-19 10:18:52.567;EnCours;Mer;IMPORTATEUR_ANON_2192;NINEA_ANON_680;001-I
2677585;Importation;2022-01-27 15:05:10.323;EnCours;Mer;IMPORTATEUR_ANON_7850;NINEA_ANON_231;001-I
2531454;Exportation;2021-03-02 11:11:52.263;EnCours;Mer;IMPORTATEUR_ANON_8895;NINEA_ANON_393;001-E
2445450;Importation;2020-08-17 14:57:20.660;EnCours;Mer;IMPORTATEUR_ANON_1914;NINEA_ANON_93;001-I
2532667;Importation;2021-03-04 11:29:57.213;EnCours;Mer;IMPORTATEUR_ANON_2528;NINEA_ANON_944;001-I
2375723;Transit;2020-03-10 10:36:35.153;Initialise;Mer;IMPORTATEUR_ANON_3144;NINEA_ANON_548;001-E
2399834;Exportation;2020-05-05 09:59:06.953;EnCours;Mer;IMPORTATEUR_ANON_5426;NINEA_ANON_897;001-E
2484811;Importation;2020-11-16 11:12:52.033;EnCours;Mer;IMPORTATEUR_ANON_9511;NINEA_ANON_470;001-I
2346438;Importation;2020-01-15 15:06:41.137;EnCours;Mer;IMPORTATEUR_ANON_4428;NINEA_ANON_802;001-I
2397937;Importation;2020-04-29 09:27:00.990;EnCours;Mer;IMPORTATEUR_ANON_8895;NINEA_ANON_393;001-I
2495219;Importation;2020-12-08 15:38:35.973;EnCours;Mer;IMPORTATEUR_ANON_5369;NINEA_ANON_660;001-I
2384339;Importation;2020-03-26 11:18:02.527;Initialise;Mer;IMPORTATEUR_ANON_2052;NINEA_ANON_782;001-I
2507301;Exportation;2021-01-08 12:42:03.690;EnCours;Mer;IMPORTATEUR_ANON_3768;NINEA_ANON_664;001-E
2512264;Importation;2021-01-19 12:55:42.167;EnCours;Mer;IMPORTATEUR_ANON_3784;NINEA_ANON_511;001-I
2521786;Exportation;2021-02-08 16:40:57.310;EnCours;Mer;IMPORTATEUR_ANON_9564;NINEA_ANON_214;001-E
2580954;Importation;2021-06-18 10:12:59.880;EnCours;Mer;IMPORTATEUR_ANON_3835;NINEA_ANON_990;001-I
2392578;Exportation;2020-04-16 10:32:22.073;EnCours;Mer;IMPORTATEUR_ANON_3529;NINEA_ANON_213;001-E
2533327;Importation;2021-03-08 11:26:12.017;EnCours;Mer;IMPORTATEUR_ANON_8713;NINEA_ANON_398;001-I
2612355;Transit;2021-09-01 13:35:41.363;Initialise;Mer;IMPORTATEUR_ANON_3144;NINEA_ANON_548;001-E
2617384;Importation;2021-09-13 12:27:53.793;EnCours;Mer;IMPORTATEUR_ANON_428;NINEA_ANON_244;001-I
2653588;Importation;2021-12-02 12:46:46.623;Initialise;Mer;IMPORTATEUR_ANON_4060;NINEA_ANON_533;001-I
2497389;Exportation;2020-12-14 10:44:09.973;EnCours;Mer;IMPORTATEUR_ANON_3768;NINEA_ANON_664;001-E
2461558;Transit;2020-09-23 11:00:49.680;Initialise;Mer;IMPORTATEUR_ANON_6297;NINEA_ANON_818;001-E
2530750;Importation;2021-03-01 10:12:05.340;EnCours;Mer;IMPORTATEUR_ANON_8713;NINEA_ANON_398;001-I
2503662;Exportation;2020-12-29 12:01:23.880;EnCours;Mer;IMPORTATEUR_ANON_9750;NINEA_ANON_628;001-E
2536943;Importation;2021-03-15 15:53:30.673;EnCours;Mer;IMPORTATEUR_ANON_2211;NINEA_ANON_39;001-I
2577568;Exportation;2021-06-11 10:17:33.700;EnCours;Mer;IMPORTATEUR_ANON_6869;NINEA_ANON_56;001-E
2489396;Transit;2020-11-25 13:23:00.000;Initialise;Mer;IMPORTATEUR_ANON_9795;NINEA_ANON_50;001-E
2582168;Exportation;2021-06-21 17:07:49.360;EnCours;Mer;IMPORTATEUR_ANON_1987;NINEA_ANON_60;001-E
2669804;Exportation;2022-01-11 10:04:02.057;EnCours;Mer;IMPORTATEUR_ANON_1088;NINEA_ANON_280;001-E
2535616;Importation;2021-03-12 08:04:44.660;EnCours;Mer;IMPORTATEUR_ANON_4504;NINEA_ANON_521;001-I
2386635;Importation;2020-04-01 10:45:16.053;Initialise;Mer;IMPORTATEUR_ANON_991;NINEA_ANON_456;001-I
2565707;Importation;2021-05-18 03:35:43.397;EnCours;Mer;IMPORTATEUR_ANON_2266;NINEA_ANON_971;001-I
2386971;Importation;2020-04-01 15:25:59.450;Initialise;Mer;IMPORTATEUR_ANON_6022;NINEA_ANON_643;001-I
2409500;Importation;2020-05-26 11:09:51.750;EnCours;Mer;IMPORTATEUR_ANON_5604;NINEA_ANON_476;001-I
2426156;Importation;2020-07-02 16:30:16.207;EnCours;Mer;IMPORTATEUR_ANON_600;NINEA_ANON_545;001-I
2626974;Importation;2021-10-05 15:26:50.007;EnCours;Mer;IMPORTATEUR_ANON_2110;NINEA_ANON_272;001-I
2684643;Importation;2022-02-11 16:50:03.120;EnCours;Mer;IMPORTATEUR_ANON_5760;NINEA_ANON_572;001-I
2540865;Importation;2021-03-23 08:42:53.910;EnCours;Mer;IMPORTATEUR_ANON_134;NINEA_ANON_630;
2544954;Importation;2021-03-31 11:22:24.193;EnCours;Mer;IMPORTATEUR_ANON_9628;NINEA_ANON_405;001-I
2342631;Importation;2020-01-08 16:09:45.160;EnCours;Mer;IMPORTATEUR_ANON_9284;NINEA_ANON_956;001-I
2464943;Importation;2020-09-30 16:16:25.157;EnCours;Mer;IMPORTATEUR_ANON_1308;NINEA_ANON_693;001-I
2678997;Importation;2022-01-31 16:58:27.957;EnCours;Mer;IMPORTATEUR_ANON_2223;NINEA_ANON_102;001-I
2500285;Exportation;2020-12-18 17:57:56.180;EnCours;Mer;IMPORTATEUR_ANON_9564;NINEA_ANON_214;001-E
2587006;Importation;2021-07-01 11:25:27.250;EnCours;Mer;IMPORTATEUR_ANON_5297;NINEA_ANON_162;001-I
2630615;Importation;2021-10-13 14:06:31.477;EnCours;Mer;IMPORTATEUR_ANON_7778;NINEA_ANON_618;001-I
2653810;Importation;2021-12-02 16:42:00.990;EnCours;Mer;IMPORTATEUR_ANON_134;NINEA_ANON_630;001-I
2681120;Exportation;2022-02-04 15:14:41.453;EnCours;Mer;IMPORTATEUR_ANON_1088;NINEA_ANON_280;001-E
2342920;Importation;2020-01-09 10:15:28.037;EnCours;Mer;IMPORTATEUR_ANON_517;NINEA_ANON_642;001-I
2591887;Importation;2021-07-12 10:52:39.463;EnCours;Mer;IMPORTATEUR_ANON_5484;NINEA_ANON_42;001-I
2351764;Importation;2020-01-24 15:57:00.310;EnCours;Mer;IMPORTATEUR_ANON_7748;NINEA_ANON_953;001-I
2609481;Importation;2021-08-25 16:06:43.653;EnCours;Mer;IMPORTATEUR_ANON_8895;NINEA_ANON_135;001-I
2580457;Importation;2021-06-17 11:55:42.650;EnCours;Mer;IMPORTATEUR_ANON_2661;NINEA_ANON_191;001-I
2436742;Importation;2020-07-28 09:34:30.630;EnCours;Mer;IMPORTATEUR_ANON_4510;NINEA_ANON_189;001-I
2364794;Exportation;2020-02-19 08:46:53.030;EnCours;Mer;IMPORTATEUR_ANON_1061;NINEA_ANON_800;001-E
2498003;Importation;2020-12-15 10:00:43.883;EnCours;Mer;IMPORTATEUR_ANON_8488;NINEA_ANON_578;001-I
2519366;Importation;2021-02-02 17:16:54.963;Initialise;Mer;IMPORTATEUR_ANON_6276;NINEA_ANON_342;001-I
2648953;Importation;2021-11-23 12:23:20.203;EnCours;Mer;IMPORTATEUR_ANON_4407;NINEA_ANON_117;001-I
2569693;Importation;2021-05-26 12:07:20.337;Initialise;Mer;IMPORTATEUR_ANON_2647;NINEA_ANON_974;001-I
2461574;Importation;2020-09-23 11:07:49.647;EnCours;Mer;IMPORTATEUR_ANON_4744;NINEA_ANON_747;001-I
2682512;Importation;2022-02-09 10:28:17.280;Initialise;Mer;IMPORTATEUR_ANON_6273;NINEA_ANON_779;001-I
2601657;Importation;2021-08-05 15:43:38.720;EnCours;Mer;IMPORTATEUR_ANON_3923;NINEA_ANON_709;001-I
2606398;Importation;2021-08-17 13:07:18.023;EnCours;Mer;IMPORTATEUR_ANON_1914;NINEA_ANON_156;001-I
2438133;Importation;2020-07-30 14:38:17.350;Initialise;Mer;IMPORTATEUR_ANON_6680;NINEA_ANON_597;001-I
2656492;Importation;2021-12-09 09:20:50.210;EnCours;Mer;IMPORTATEUR_ANON_311;NINEA_ANON_695;001-I
2662326;Exportation;2021-12-21 16:12:27.690;EnCours;Mer;IMPORTATEUR_ANON_2565;NINEA_ANON_131;001-E
2602724;Importation;2021-08-09 12:40:36.863;EnCours;Mer;IMPORTATEUR_ANON_8868;NINEA_ANON_98;001-I
2685785;Importation;2022-02-15 11:39:59.217;EnCours;Mer;IMPORTATEUR_ANON_3665;NINEA_ANON_598;001-I
2408013;Exportation;2020-05-19 15:06:23.310;EnCours;Mer;IMPORTATEUR_ANON_9433;NINEA_ANON_617;001-E
2431003;Importation;2020-07-14 12:40:21.697;EnCours;Mer;IMPORTATEUR_ANON_602;NINEA_ANON_320;001-I
2404024;Importation;2020-05-11 09:16:09.173;EnCours;Mer;IMPORTATEUR_ANON_6862;NINEA_ANON_9;001-I
2574899;Exportation;2021-06-07 10:46:40.020;EnCours;Mer;IMPORTATEUR_ANON_1146;NINEA_ANON_317;001-E
2459696;Importation;2020-09-18 11:27:22.973;Initialise;Mer;IMPORTATEUR_ANON_7153;NINEA_ANON_453;001-I
2693560;Exportation;2022-02-28 12:21:36.170;EnCours;Mer;IMPORTATEUR_ANON_3592;NINEA_ANON_254;001-E
2351907;Importation;2020-01-25 12:11:49.383;EnCours;Mer;IMPORTATEUR_ANON_7850;NINEA_ANON_231;001-I
2383803;Importation;2020-03-25 11:30:21.047;EnCours;Mer;IMPORTATEUR_ANON_8932;NINEA_ANON_791;001-I
2620231;Importation;2021-09-20 09:46:57.010;EnCours;Mer;IMPORTATEUR_ANON_9564;NINEA_ANON_214;
2634394;Importation;2021-10-22 11:27:13.720;Initialise;Mer;IMPORTATEUR_ANON_4060;NINEA_ANON_533;001-I
2631322;Importation;2021-10-14 15:58:05.973;EnCours;Mer;IMPORTATEUR_ANON_5805;NINEA_ANON_429;001-I
2627699;Importation;2021-10-06 19:02:00.147;EnCours;Mer;IMPORTATEUR_ANON_4301;NINEA_ANON_432;001-I
2496418;Exportation;2020-12-10 14:00:23.980;EnCours;Mer;IMPORTATEUR_ANON_4979;NINEA_ANON_181;001-E
2550773;Exportation;2021-04-14 08:37:18.707;EnCours;Mer;IMPORTATEUR_ANON_8297;NINEA_ANON_450;001-E
2377889;Transit;2020-03-13 08:09:16.430;Initialise;Mer;IMPORTATEUR_ANON_8563;NINEA_ANON_50;001-E
2593912;Importation;2021-07-15 13:29:53.033;EnCours;Mer;IMPORTATEUR_ANON_1266;NINEA_ANON_94;001-I
2639256;Importation;2021-11-03 12:04:58.107;EnCours;Mer;IMPORTATEUR_ANON_8310;NINEA_ANON_136;001-I
2368288;Importation;2020-02-25 15:33:50.663;EnCours;Mer;IMPORTATEUR_ANON_1132;NINEA_ANON_461;001-I
2364492;Importation;2020-02-18 14:32:07.880;Initialise;Mer;IMPORTATEUR_ANON_655;NINEA_ANON_797;001-I
2555475;Importation;2021-04-22 16:19:43.100;EnCours;Mer;IMPORTATEUR_ANON_3784;NINEA_ANON_511;001-I
2622878;Exportation;2021-09-24 11:37:50.210;EnCours;Mer;IMPORTATEUR_ANON_621;NINEA_ANON_122;001-E
2452275;Importation;2020-09-02 10:56:30.170;EnCours;Mer;IMPORTATEUR_ANON_296;NINEA_ANON_80;001-I
2488077;Importation;2020-11-23 13:49:59.643;Initialise;Mer;IMPORTATEUR_ANON_6539;NINEA_ANON_481;001-I
2533685;Importation;2021-03-09 11:40:45.813;EnCours;Mer;IMPORTATEUR_ANON_369;NINEA_ANON_442;001-I
2371105;Importation;2020-03-02 10:58:54.847;Initialise;Mer;IMPORTATEUR_ANON_7397;NINEA_ANON_649;001-I
2604287;Exportation;2021-08-12 09:27:07.320;EnCours;Mer;IMPORTATEUR_ANON_9750;NINEA_ANON_628;001-E
2415468;Exportation;2020-06-09 13:18:47.727;EnCours;Mer;IMPORTATEUR_ANON_8297;NINEA_ANON_450;001-E
2619388;Importation;2021-09-16 15:24:20.083;EnCours;Mer;IMPORTATEUR_ANON_134;NINEA_ANON_630;001-I
2665701;Importation;2021-12-29 15:34:15.340;EnCours;Mer;IMPORTATEUR_ANON_116;NINEA_ANON_594;001-I
2537720;Importation;2021-03-16 16:05:02.567;EnCours;Mer;IMPORTATEUR_ANON_5760;NINEA_ANON_572;001-I
2542852;Importation;2021-03-26 10:25:54.800;EnCours;Mer;IMPORTATEUR_ANON_819;NINEA_ANON_349;001-I
2537771;Importation;2021-03-16 17:01:34.160;EnCours;Mer;IMPORTATEUR_ANON_697;NINEA_ANON_697;001-I
2478683;Transit;2020-11-03 16:16:16.297;Initialise;Mer;IMPORTATEUR_ANON_3144;NINEA_ANON_548;001-E
2496164;Importation;2020-12-10 10:33:52.417;EnCours;Mer;IMPORTATEUR_ANON_512;NINEA_ANON_599;001-I
2514455;Importation;2021-01-23 10:25:01.983;EnCours;Mer;IMPORTATEUR_ANON_5527;NINEA_ANON_166;001-I
2575257;Exportation;2021-06-07 15:52:39.027;EnCours;Mer;IMPORTATEUR_ANON_9466;NINEA_ANON_961;001-E
2662257;Importation;2021-12-21 15:06:31.613;EnCours;Mer;IMPORTATEUR_ANON_1818;NINEA_ANON_980;001-I
2504829;Importation;2021-01-03 19:17:59.993;EnCours;Mer;IMPORTATEUR_ANON_9440;NINEA_ANON_897;001-I
2569904;Importation;2021-05-26 15:22:17.217;EnCours;Mer;IMPORTATEUR_ANON_4510;NINEA_ANON_189;001-I
2653514;Importation;2021-12-02 11:47:02.927;EnCours;Mer;IMPORTATEUR_ANON_1564;NINEA_ANON_565;001-I
2655986;Importation;2021-12-08 10:06:26.617;EnCours;Mer;IMPORTATEUR_ANON_1426;NINEA_ANON_616;001-I
2342249;Exportation;2020-01-08 11:08:06.497;EnCours;Mer;IMPORTATEUR_ANON_6672;NINEA_ANON_780;001-E
2355717;Exportation;2020-02-03 11:16:08.933;EnCours;Mer;IMPORTATEUR_ANON_1844;NINEA_ANON_251;001-E
2519137;Importation;2021-02-02 13:25:19.627;EnCours;Mer;IMPORTATEUR_ANON_7279;NINEA_ANON_32;001-I
2593615;Importation;2021-07-15 09:25:53.217;EnCours;Mer;IMPORTATEUR_ANON_9564;NINEA_ANON_214;
2414620;Importation;2020-06-08 11:17:02.777;EnCours;Mer;IMPORTATEUR_ANON_7660;NINEA_ANON_381;001-I
2432312;Exportation;2020-07-16 13:25:01.793;EnCours;Mer;IMPORTATEUR_ANON_7333;NINEA_ANON_396;001-E
2437721;Importation;2020-07-29 14:30:04.977;Initialise;Mer;IMPORTATEUR_ANON_7464;NINEA_ANON_545;001-I
2499397;Importation;2020-12-17 11:48:42.113;EnCours;Mer;IMPORTATEUR_ANON_428;NINEA_ANON_244;001-I
2536595;Importation;2021-03-15 11:49:23.280;Initialise;Mer;IMPORTATEUR_ANON_3017;NINEA_ANON_63;001-I
2483140;Importation;2020-11-11 11:26:36.563;Initialise;Mer;IMPORTATEUR_ANON_4730;NINEA_ANON_158;001-I
2610068;Importation;2021-08-26 15:36:19.513;Initialise;Mer;IMPORTATEUR_ANON_8801;NINEA_ANON_175;001-I
2611587;Importation;2021-08-31 10:28:54.633;EnCours;Mer;IMPORTATEUR_ANON_134;NINEA_ANON_630;001-I
2467591;Importation;2020-10-08 15:16:20.947;EnCours;Mer;IMPORTATEUR_ANON_3896;NINEA_ANON_624;001-I
2498261;Importation;2020-12-15 12:46:10.427;EnCours;Mer;IMPORTATEUR_ANON_7262;NINEA_ANON_13;001-I
2553794;Importation;2021-04-20 10:45:44.567;EnCours;Mer;IMPORTATEUR_ANON_991;NINEA_ANON_548;001-I
2632780;Importation;2021-10-20 10:11:56.423;EnCours;Mer;IMPORTATEUR_ANON_9284;NINEA_ANON_956;001-I
2678885;Exportation;2022-01-31 15:36:05.210;EnCours;Mer;IMPORTATEUR_ANON_2565;NINEA_ANON_131;001-E
2421191;Importation;2020-06-22 16:31:42.560;EnCours;Mer;IMPORTATEUR_ANON_872;NINEA_ANON_172;001-I
2468207;Importation;2020-10-09 14:21:23.087;Initialise;Mer;IMPORTATEUR_ANON_5434;NINEA_ANON_494;001-I
2346259;Importation;2020-01-15 11:58:50.793;EnCours;Mer;IMPORTATEUR_ANON_134;NINEA_ANON_630;001-I
2380219;Exportation;2020-03-18 08:39:35.150;EnCours;Mer;IMPORTATEUR_ANON_5174;NINEA_ANON_530;001-E
2590804;Importation;2021-07-08 15:22:14.903;EnCours;Mer;IMPORTATEUR_ANON_583;NINEA_ANON_230;001-I
2574352;Importation;2021-06-04 11:55:01.823;EnCours;Mer;IMPORTATEUR_ANON_4060;NINEA_ANON_819;
2596955;Importation;2021-07-27 09:47:02.703;Initialise;Mer;IMPORTATEUR_ANON_3769;NINEA_ANON_8;001-I
2604448;Importation;2021-08-12 11:42:34.310;EnCours;Mer;IMPORTATEUR_ANON_3407;NINEA_ANON_467;001-I
2615076;Importation;2021-09-08 08:52:57.180;EnCours;Mer;IMPORTATEUR_ANON_3660;NINEA_ANON_379;001-I
2487963;Importation;2020-11-23 12:14:11.253;EnCours;Mer;IMPORTATEUR_ANON_1600;NINEA_ANON_990;001-I
2662938;Importation;2021-12-22 15:55:34.100;EnCours;Mer;IMPORTATEUR_ANON_9641;NINEA_ANON_353;001-I
2570133;Importation;2021-05-27 09:25:13.993;EnCours;Mer;IMPORTATEUR_ANON_5864;NINEA_ANON_371;001-I
2681685;Importation;2022-02-08 12:07:33.090;Initialise;Mer;IMPORTATEUR_ANON_3705;NINEA_ANON_520;001-I
2369546;Importation;2020-02-27 11:23:41.570;Initialise;Mer;IMPORTATEUR_ANON_8484;NINEA_ANON_86;001-I
2563292;Exportation;2021-05-10 13:08:22.960;EnCours;Mer;IMPORTATEUR_ANON_496;NINEA_ANON_514;001-E
2590780;Importation;2021-07-08 15:06:34.923;EnCours;Mer;IMPORTATEUR_ANON_9188;NINEA_ANON_481;001-I
2350348;Importation;2020-01-22 15:13:50.947;Initialise;Mer;IMPORTATEUR_ANON_8093;NINEA_ANON_211;001-I
2396108;Exportation;2020-04-24 09:47:23.083;EnCours;Mer;IMPORTATEUR_ANON_2565;NINEA_ANON_131;001-E
2504132;Transit;2020-12-30 11:40:03.890;Initialise;Mer;IMPORTATEUR_ANON_206;NINEA_ANON_394;001-E
2574900;Exportation;2021-06-07 10:46:48.723;EnCours;Mer;IMPORTATEUR_ANON_1146;NINEA_ANON_317;001-E
2648823;Importation;2021-11-23 10:59:44.560;EnCours;Mer;IMPORTATEUR_ANON_7464;NINEA_ANON_545;001-I
2416718;Importation;2020-06-11 13:27:03.180;EnCours;Mer;IMPORTATEUR_ANON_5194;NINEA_ANON_758;001-I
2537329;Importation;2021-03-16 11:21:58.713;EnCours;Mer;IMPORTATEUR_ANON_6128;NINEA_ANON_874;
2575919;Importation;2021-06-08 15:05:04.780;EnCours;Mer;IMPORTATEUR_ANON_4428;NINEA_ANON_879;001-I
2426925;Importation;2020-07-06 09:45:22.033;EnCours;Mer;IMPORTATEUR_ANON_2308;NINEA_ANON_475;001-I
2495935;Exportation;2020-12-09 16:45:48.953;EnCours;Mer;IMPORTATEUR_ANON_6471;NINEA_ANON_935;001-E
2603938;Importation;2021-08-11 11:50:44.937;EnCours;Mer;IMPORTATEUR_ANON_4516;NINEA_ANON_365;001-I
2505522;Importation;2021-01-05 10:35:24.547;EnCours;Mer;IMPORTATEUR_ANON_1321;NINEA_ANON_721;001-I
2582801;Importation;2021-06-22 16:08:29.383;EnCours;Mer;IMPORTATEUR_ANON_7166;NINEA_ANON_390;001-I
2645075;Importation;2021-11-16 10:36:49.937;EnCours;Mer;IMPORTATEUR_ANON_6439;NINEA_ANON_732;
2501943;Importation;2020-12-23 11:36:47.287;EnCours;Mer;IMPORTATEUR_ANON_3438;NINEA_ANON_590;
2533545;Transit;2021-03-09 10:29:52.950;Initialise;Mer;IMPORTATEUR_ANON_5932;NINEA_ANON_719;001-E
2545728;Importation;2021-04-01 12:55:23.697;EnCours;Mer;IMPORTATEUR_ANON_9564;NINEA_ANON_214;001-I
2533539;Transit;2021-03-09 10:28:46.100;Initialise;Mer;IMPORTATEUR_ANON_5932;NINEA_ANON_719;001-E
2508605;Importation;2021-01-12 12:10:41.143;EnCours;Mer;IMPORTATEUR_ANON_4772;NINEA_ANON_313;001-I
2393101;Exportation;2020-04-17 10:09:55.230;EnCours;Mer;IMPORTATEUR_ANON_1226;NINEA_ANON_336;001-E
2520064;Importation;2021-02-04 10:01:45.633;EnCours;Mer;IMPORTATEUR_ANON_3438;NINEA_ANON_590;
2613331;Exportation;2021-09-03 11:05:37.077;EnCours;Mer;IMPORTATEUR_ANON_9433;NINEA_ANON_98;001-E
2505572;Importation;2021-01-05 11:19:16.627;EnCours;Mer;IMPORTATEUR_ANON_3144;NINEA_ANON_548;001-I
2640858;Importation;2021-11-06 12:55:25.777;EnCours;Mer;IMPORTATEUR_ANON_1124;NINEA_ANON_111;001-I
2517534;Importation;2021-01-29 12:16:25.607;Initialise;Mer;IMPORTATEUR_ANON_4617;NINEA_ANON_581;001-I
2355276;Importation;2020-01-31 13:09:17.957;Initialise;Mer;IMPORTATEUR_ANON_9840;NINEA_ANON_101;001-I
2370534;Importation;2020-02-28 14:57:08.020;EnCours;Mer;IMPORTATEUR_ANON_3551;NINEA_ANON_831;001-I
2383747;Importation;2020-03-25 10:53:41.640;EnCours;Mer;IMPORTATEUR_ANON_4834;NINEA_ANON_425;001-I
2638634;Importation;2021-11-02 12:02:17.343;EnCours;Mer;IMPORTATEUR_ANON_7464;NINEA_ANON_545;001-I
2364825;Importation;2020-02-19 09:09:00.143;EnCours;Mer;IMPORTATEUR_ANON_428;NINEA_ANON_244;001-I
2654576;Importation;2021-12-06 10:47:02.960;EnCours;Mer;IMPORTATEUR_ANON_7533;NINEA_ANON_993;001-I
2369358;Importation;2020-02-27 09:36:22.780;EnCours;Mer;IMPORTATEUR_ANON_5864;NINEA_ANON_371;001-I
2674335;Importation;2022-01-20 10:46:27.030;EnCours;Mer;IMPORTATEUR_ANON_6690;NINEA_ANON_196;001-I
2356996;Importation;2020-02-05 09:22:36.690;EnCours;Mer;IMPORTATEUR_ANON_5733;NINEA_ANON_814;001-I
2445768;Importation;2020-08-18 10:54:05.910;EnCours;Mer;IMPORTATEUR_ANON_4110;NINEA_ANON_244;001-I
2346200;Exportation;2020-01-15 11:17:25.410;EnCours;Mer;IMPORTATEUR_ANON_1088;NINEA_ANON_280;001-E
2567342;Importation;2021-05-20 11:33:49.777;EnCours;Mer;IMPORTATEUR_ANON_276;NINEA_ANON_624;001-I
2512534;Importation;2021-01-19 17:07:28.520;EnCours;Mer;IMPORTATEUR_ANON_9701;NINEA_ANON_214;001-I
2504773;Importation;2020-12-31 15:45:53.203;EnCours;Mer;IMPORTATEUR_ANON_4438;NINEA_ANON_65;001-I
2371259;Importation;2020-03-02 12:03:16.857;Initialise;Mer;IMPORTATEUR_ANON_5864;NINEA_ANON_371;001-I
2624436;Importation;2021-09-29 15:54:35.597;EnCours;Mer;IMPORTATEUR_ANON_1985;NINEA_ANON_841;001-I
2378823;Importation;2020-03-16 11:25:20.607;EnCours;Mer;IMPORTATEUR_ANON_3863;NINEA_ANON_628;001-I
2580242;Importation;2021-06-17 00:04:06.560;EnCours;Mer;IMPORTATEUR_ANON_5369;NINEA_ANON_813;001-I
2674276;Importation;2022-01-20 10:02:05.713;EnCours;Mer;IMPORTATEUR_ANON_5548;NINEA_ANON_327;001-I
2546959;Importation;2021-04-06 12:29:36.577;EnCours;Mer;IMPORTATEUR_ANON_51;NINEA_ANON_44;001-I
2414524;Importation;2020-06-08 10:22:35.780;EnCours;Mer;IMPORTATEUR_ANON_449;NINEA_ANON_718;001-I
2343478;Exportation;2020-01-09 18:06:51.150;Initialise;Mer;IMPORTATEUR_ANON_9646;NINEA_ANON_610;001-E
2514020;Importation;2021-01-22 10:31:07.670;EnCours;Mer;IMPORTATEUR_ANON_93;NINEA_ANON_41;001-I
2537965;Importation;2021-03-17 10:14:23.117;EnCours;Mer;IMPORTATEUR_ANON_9677;NINEA_ANON_435;001-I
2564374;Importation;2021-05-12 10:49:08.290;Initialise;Mer;IMPORTATEUR_ANON_8018;NINEA_ANON_870;001-I
2631873;Importation;2021-10-15 12:58:58.090;Initialise;Mer;IMPORTATEUR_ANON_3153;NINEA_ANON_237;001-I
2542853;Importation;2021-03-26 10:26:04.677;EnCours;Mer;IMPORTATEUR_ANON_9880;NINEA_ANON_529;001-I
2652744;Importation;2021-12-01 09:10:51.660;EnCours;Mer;IMPORTATEUR_ANON_6953;NINEA_ANON_450;001-I
2362730;Importation;2020-02-14 11:22:50.167;Initialise;Mer;IMPORTATEUR_ANON_4456;NINEA_ANON_187;001-I
2668771;Importation;2022-01-07 10:56:24.070;EnCours;Mer;IMPORTATEUR_ANON_3784;NINEA_ANON_511;001-I
2558327;Importation;2021-04-29 08:39:49.093;EnCours;Mer;IMPORTATEUR_ANON_7533;NINEA_ANON_993;001-I
2360250;Exportation;2020-02-11 10:15:12.163;EnCours;Mer;IMPORTATEUR_ANON_6574;NINEA_ANON_72;001-E
2436026;Exportation;2020-07-24 18:52:31.323;EnCours;Mer;IMPORTATEUR_ANON_9564;NINEA_ANON_214;001-E
2462878;Importation;2020-09-25 12:59:25.497;EnCours;Mer;IMPORTATEUR_ANON_5760;NINEA_ANON_572;001-I
2353817;Importation;2020-01-29 11:47:02.940;EnCours;Mer;IMPORTATEUR_ANON_3657;NINEA_ANON_826;001-I
2365490;Importation;2020-02-20 07:47:21.840;EnCours;Mer;IMPORTATEUR_ANON_1710;NINEA_ANON_4;001-I
2482480;Importation;2020-11-10 11:06:14.660;Initialise;Mer;IMPORTATEUR_ANON_2048;NINEA_ANON_947;001-I
2552878;Importation;2021-04-19 09:17:51.037;EnCours;Mer;IMPORTATEUR_ANON_134;NINEA_ANON_630;
2598894;Importation;2021-07-30 10:31:58.370;EnCours;Mer;IMPORTATEUR_ANON_5867;NINEA_ANON_46;001-I
2603565;Importation;2021-08-10 15:43:38.073;EnCours;Mer;IMPORTATEUR_ANON_8488;NINEA_ANON_583;001-I
2482188;Importation;2020-11-09 16:03:49.883;Initialise;Mer;IMPORTATEUR_ANON_9445;NINEA_ANON_375;001-I
2552585;Importation;2021-04-16 13:48:24.480;EnCours;Mer;IMPORTATEUR_ANON_5599;NINEA_ANON_391;001-I
2664278;Importation;2021-12-27 11:13:23.600;EnCours;Mer;IMPORTATEUR_ANON_5051;NINEA_ANON_686;001-I
2656518;Importation;2021-12-09 09:59:26.513;EnCours;Mer;IMPORTATEUR_ANON_3287;NINEA_ANON_511;001-I
2381977;Exportation;2020-03-20 14:05:38.930;EnCours;Mer;IMPORTATEUR_ANON_134;NINEA_ANON_756;001-E
2491699;Importation;2020-12-01 08:07:10.217;EnCours;Mer;IMPORTATEUR_ANON_5599;NINEA_ANON_391;001-I
2594021;Importation;2021-07-15 15:26:08.783;Initialise;Mer;IMPORTATEUR_ANON_7241;NINEA_ANON_415;001-I
2500941;Exportation;2020-12-21 16:03:02.507;EnCours;Mer;IMPORTATEUR_ANON_695;NINEA_ANON_485;001-E
2512442;Importation;2021-01-19 15:55:48.230;EnCours;Mer;IMPORTATEUR_ANON_9701;NINEA_ANON_214;001-I
2597337;Importation;2021-07-27 14:17:25.787;EnCours;Mer;IMPORTATEUR_ANON_527;NINEA_ANON_785;001-I
2405510;Importation;2020-05-13 11:55:53.397;EnCours;Mer;IMPORTATEUR_ANON_4834;NINEA_ANON_425;001-I
2583118;Transit;2021-06-23 11:05:56.470;Initialise;Mer;IMPORTATEUR_ANON_6468;NINEA_ANON_463;001-E
2583602;Importation;2021-06-24 10:00:56.530;EnCours;Mer;IMPORTATEUR_ANON_7153;NINEA_ANON_918;001-I
2479365;Importation;2020-11-04 17:41:33.620;EnCours;Mer;IMPORTATEUR_ANON_278;NINEA_ANON_59;001-I
2458125;Importation;2020-09-15 14:31:12.913;EnCours;Mer;IMPORTATEUR_ANON_9202;NINEA_ANON_628;001-I
2494813;Importation;2020-12-08 09:48:48.653;EnCours;Mer;IMPORTATEUR_ANON_5455;NINEA_ANON_587;001-I
2523828;Importation;2021-02-12 11:11:41.513;EnCours;Mer;IMPORTATEUR_ANON_2623;NINEA_ANON_939;001-I
2436482;Exportation;2020-07-27 14:33:39.430;EnCours;Mer;IMPORTATEUR_ANON_2119;NINEA_ANON_117;001-E
2446781;Importation;2020-08-19 16:35:46.680;EnCours;Mer;IMPORTATEUR_ANON_1124;NINEA_ANON_625;001-I
2445533;Importation;2020-08-17 16:21:18.883;Initialise;Mer;IMPORTATEUR_ANON_2721;NINEA_ANON_728;001-I
2449765;Importation;2020-08-26 20:58:45.547;Initialise;Mer;IMPORTATEUR_ANON_9696;NINEA_ANON_868;001-I
2563773;Importation;2021-05-11 11:14:48.580;EnCours;Mer;IMPORTATEUR_ANON_6863;NINEA_ANON_240;001-I
2583056;Importation;2021-06-23 10:18:42.513;EnCours;Mer;IMPORTATEUR_ANON_9754;NINEA_ANON_103;001-I
2636966;Importation;2021-10-28 09:50:18.250;EnCours;Mer;IMPORTATEUR_ANON_5511;NINEA_ANON_749;001-I
2643032;Exportation;2021-11-11 10:45:39.747;EnCours;Mer;IMPORTATEUR_ANON_29;NINEA_ANON_562;001-E
2527776;Importation;2021-02-22 11:30:41.700;EnCours;Mer;IMPORTATEUR_ANON_5115;NINEA_ANON_412;001-I
2430464;Importation;2020-07-13 14:09:50.543;Initialise;Mer;IMPORTATEUR_ANON_5263;NINEA_ANON_401;001-I
2611318;Importation;2021-08-30 15:40:52.630;EnCours;Mer;IMPORTATEUR_ANON_4510;NINEA_ANON_189;001-I
2614504;Importation;2021-09-07 09:26:57.390;EnCours;Mer;IMPORTATEUR_ANON_347;NINEA_ANON_745;001-I
2692231;Importation;2022-02-24 14:24:17.357;Initialise;Mer;IMPORTATEUR_ANON_2016;NINEA_ANON_415;001-I
2543433;Importation;2021-03-29 08:46:47.030;EnCours;Mer;IMPORTATEUR_ANON_2623;NINEA_ANON_939;001-I
2565135;Importation;2021-05-17 10:42:16.683;EnCours;Mer;IMPORTATEUR_ANON_2805;NINEA_ANON_970;
2351642;Exportation;2020-01-24 13:08:34.377;EnCours;Mer;IMPORTATEUR_ANON_28;NINEA_ANON_514;001-E
2375746;Transit;2020-03-10 10:43:33.873;Initialise;Mer;IMPORTATEUR_ANON_3144;NINEA_ANON_548;001-E
2391964;Importation;2020-04-15 11:10:59.737;EnCours;Mer;IMPORTATEUR_ANON_1146;NINEA_ANON_676;001-I
2635492;Importation;2021-10-25 16:43:06.863;EnCours;Mer;IMPORTATEUR_ANON_7248;NINEA_ANON_583;001-I
2553717;Importation;2021-04-20 09:55:28.907;EnCours;Mer;IMPORTATEUR_ANON_1146;NINEA_ANON_676;001-I
2340558;Importation;2020-01-05 13:38:54.487;EnCours;Mer;IMPORTATEUR_ANON_1958;NINEA_ANON_262;001-I
2353024;Exportation;2020-01-28 11:10:08.750;EnCours;Mer;IMPORTATEUR_ANON_4877;NINEA_ANON_514;001-E
2416147;Importation;2020-06-10 14:12:20.427;Initialise;Mer;IMPORTATEUR_ANON_6824;NINEA_ANON_125;001-I
2513658;Exportation;2021-01-21 14:28:28.833;EnCours;Mer;IMPORTATEUR_ANON_465;NINEA_ANON_38;001-E
2583945;Importation;2021-06-24 15:28:01.953;EnCours;Mer;IMPORTATEUR_ANON_5362;NINEA_ANON_120;001-I
2434183;Importation;2020-07-21 15:14:49.273;EnCours;Mer;IMPORTATEUR_ANON_8060;NINEA_ANON_730;001-I
2611899;Importation;2021-08-31 15:14:11.600;EnCours;Mer;IMPORTATEUR_ANON_8932;NINEA_ANON_791;001-I
2475766;Importation;2020-10-27 11:28:16.517;EnCours;Mer;IMPORTATEUR_ANON_2738;NINEA_ANON_464;001-I
2652486;Importation;2021-11-30 15:19:43.517;EnCours;Mer;IMPORTATEUR_ANON_5362;NINEA_ANON_572;001-I
2506947;Importation;2021-01-07 16:34:15.740;Initialise;Mer;IMPORTATEUR_ANON_4695;NINEA_ANON_514;001-I
2344921;Importation;2020-01-13 15:27:57.917;EnCours;Mer;IMPORTATEUR_ANON_2308;NINEA_ANON_475;001-I
2454483;Importation;2020-09-08 08:27:35.713;EnCours;Mer;IMPORTATEUR_ANON_5409;NINEA_ANON_85;001-I
2676631;Importation;2022-01-26 09:40:11.587;EnCours;Mer;IMPORTATEUR_ANON_4663;NINEA_ANON_805;001-I
2613097;Importation;2021-09-02 16:43:27.670;Initialise;Mer;IMPORTATEUR_ANON_4667;NINEA_ANON_662;001-I
2656188;Importation;2021-12-08 12:41:53.357;EnCours;Mer;IMPORTATEUR_ANON_4493;NINEA_ANON_454;
2653782;Importation;2021-12-02 16:13:07.290;EnCours;Mer;IMPORTATEUR_ANON_4834;NINEA_ANON_568;001-I
2370918;Importation;2020-03-02 09:16:47.380;EnCours;Mer;IMPORTATEUR_ANON_5439;NINEA_ANON_409;001-I
2487428;Importation;2020-11-20 14:57:09.950;EnCours;Mer;IMPORTATEUR_ANON_6248;NINEA_ANON_183;001-I
2414831;Importation;2020-06-08 13:35:09.560;EnCours;Mer;IMPORTATEUR_ANON_7464;NINEA_ANON_545;001-I
2527213;Exportation;2021-02-19 15:13:31.480;EnCours;Mer;IMPORTATEUR_ANON_1088;NINEA_ANON_280;001-E
2506755;Importation;2021-01-07 13:14:21.757;EnCours;Mer;IMPORTATEUR_ANON_2002;NINEA_ANON_416;001-I
2361158;Exportation;2020-02-12 10:55:03.290;EnCours;Mer;IMPORTATEUR_ANON_6061;NINEA_ANON_638;001-E
2367382;Importation;2020-02-24 15:13:48.900;EnCours;Mer;IMPORTATEUR_ANON_5804;NINEA_ANON_779;001-I
2407923;Importation;2020-05-19 13:07:51.247;EnCours;Mer;IMPORTATEUR_ANON_8494;NINEA_ANON_245;001-I
2657283;Importation;2021-12-10 10:54:25.440;EnCours;Mer;IMPORTATEUR_ANON_2308;NINEA_ANON_475;001-I
2661796;Importation;2021-12-20 17:20:22.297;EnCours;Mer;IMPORTATEUR_ANON_4478;NINEA_ANON_105;001-I
2490640;Exportation;2020-11-27 12:55:37.217;EnCours;Mer;IMPORTATEUR_ANON_9885;NINEA_ANON_644;001-E
2508294;Exportation;2021-01-12 08:53:25.750;EnCours;Mer;IMPORTATEUR_ANON_4979;NINEA_ANON_181;001-E
2388539;Importation;2020-04-06 12:36:30.910;EnCours;Mer;IMPORTATEUR_ANON_6843;NINEA_ANON_917;001-I
2537212;Importation;2021-03-16 10:10:27.877;EnCours;Mer;IMPORTATEUR_ANON_4507;NINEA_ANON_900;
2385983;Importation;2020-03-31 09:21:13.020;EnCours;Mer;IMPORTATEUR_ANON_7533;NINEA_ANON_993;001-I
2392272;Importation;2020-04-15 14:58:06.667;EnCours;Mer;IMPORTATEUR_ANON_5115;NINEA_ANON_412;001-I
2492542;Importation;2020-12-02 11:43:23.193;Initialise;Mer;IMPORTATEUR_ANON_4949;NINEA_ANON_875;001-I
2498029;Importation;2020-12-15 10:18:34.757;EnCours;Mer;IMPORTATEUR_ANON_9944;NINEA_ANON_773;001-I
2349500;Transit;2020-01-21 13:56:33.970;Initialise;Mer;IMPORTATEUR_ANON_1671;NINEA_ANON_166;001-E
2537672;Importation;2021-03-16 15:34:00.137;EnCours;Mer;IMPORTATEUR_ANON_6813;NINEA_ANON_637;001-I
2607908;Importation;2021-08-23 10:57:37.527;EnCours;Mer;IMPORTATEUR_ANON_1089;NINEA_ANON_205;001-I
2623607;Importation;2021-09-28 12:20:35.300;EnCours;Mer;IMPORTATEUR_ANON_4531;NINEA_ANON_183;001-I
2368637;Transit;2020-02-26 10:11:20.507;Initialise;Mer;IMPORTATEUR_ANON_8563;NINEA_ANON_708;001-E
2530164;Exportation;2021-02-26 10:21:37.793;EnCours;Mer;IMPORTATEUR_ANON_8927;NINEA_ANON_651;001-E
2406148;Importation;2020-05-14 13:14:37.127;EnCours;Mer;IMPORTATEUR_ANON_2854;NINEA_ANON_535;001-I
2510229;Importation;2021-01-14 16:40:45.837;EnCours;Mer;IMPORTATEUR_ANON_1827;NINEA_ANON_956;001-I
2510505;Importation;2021-01-15 11:42:19.427;EnCours;Mer;IMPORTATEUR_ANON_5484;NINEA_ANON_42;001-I
2470339;Importation;2020-10-14 14:06:07.957;EnCours;Mer;IMPORTATEUR_ANON_7938;NINEA_ANON_453;001-I
2565830;Importation;2021-05-18 10:10:55.360;EnCours;Mer;IMPORTATEUR_ANON_2575;NINEA_ANON_985;001-I
2361148;Transit;2020-02-12 10:51:33.603;Initialise;Mer;IMPORTATEUR_ANON_1193;NINEA_ANON_416;001-E
2573568;Importation;2021-06-03 09:20:51.633;EnCours;Mer;IMPORTATEUR_ANON_5864;NINEA_ANON_371;001-I
2408476;Importation;2020-05-20 13:55:29.437;EnCours;Mer;IMPORTATEUR_ANON_7929;NINEA_ANON_740;001-I
2612597;Importation;2021-09-01 17:53:28.700;EnCours;Mer;IMPORTATEUR_ANON_8011;NINEA_ANON_7;001-I
2468141;Importation;2020-10-09 13:02:56.100;EnCours;Mer;IMPORTATEUR_ANON_4424;NINEA_ANON_51;001-I
2674171;Importation;2022-01-19 18:46:38.187;EnCours;Mer;IMPORTATEUR_ANON_4000;NINEA_ANON_733;001-I
2415754;Importation;2020-06-10 09:08:36.150;EnCours;Mer;IMPORTATEUR_ANON_9802;NINEA_ANON_527;001-I
2688644;Importation;2022-02-18 11:17:15.147;EnCours;Mer;IMPORTATEUR_ANON_1733;NINEA_ANON_336;001-I
2439920;Importation;2020-08-06 10:04:24.560;EnCours;Mer;IMPORTATEUR_ANON_2247;NINEA_ANON_593;001-I
2447645;Importation;2020-08-21 12:17:26.823;EnCours;Mer;IMPORTATEUR_ANON_1497;NINEA_ANON_490;001-I
2574090;Importation;2021-06-03 17:10:02.230;EnCours;Mer;IMPORTATEUR_ANON_569;NINEA_ANON_299;001-I
2606813;Importation;2021-08-18 11:40:40.460;EnCours;Mer;IMPORTATEUR_ANON_1124;NINEA_ANON_111;001-I
2682279;Importation;2022-02-08 17:38:14.087;Initialise;Mer;IMPORTATEUR_ANON_7188;NINEA_ANON_266;001-I
2614873;Importation;2021-09-07 15:22:08.493;EnCours;Mer;IMPORTATEUR_ANON_4162;NINEA_ANON_337;001-I
2405526;Importation;2020-05-13 12:00:48.420;EnCours;Mer;IMPORTATEUR_ANON_5456;NINEA_ANON_511;001-I
2449979;Importation;2020-08-27 11:49:47.153;EnCours;Mer;IMPORTATEUR_ANON_3313;NINEA_ANON_690;001-I
2540101;Importation;2021-03-22 10:05:35.960;EnCours;Mer;IMPORTATEUR_ANON_347;NINEA_ANON_745;001-I
2359766;Exportation;2020-02-10 14:29:32.807;EnCours;Mer;IMPORTATEUR_ANON_2324;NINEA_ANON_897;001-E
2388768;Importation;2020-04-06 15:52:56.703;EnCours;Mer;IMPORTATEUR_ANON_350;NINEA_ANON_30;001-I
2492949;Importation;2020-12-03 08:04:12.460;EnCours;Mer;IMPORTATEUR_ANON_4475;NINEA_ANON_694;001-I
2646065;Importation;2021-11-17 13:54:16.130;EnCours;Mer;IMPORTATEUR_ANON_584;NINEA_ANON_24;001-I
2370960;Importation;2020-03-02 09:39:31.493;EnCours;Mer;IMPORTATEUR_ANON_4424;NINEA_ANON_51;001-I
2654802;Importation;2021-12-06 12:58:46.373;EnCours;Mer;IMPORTATEUR_ANON_4424;NINEA_ANON_51;001-I
2346461;Importation;2020-01-15 15:26:18.893;EnCours;Mer;IMPORTATEUR_ANON_8713;NINEA_ANON_398;001-I
2626011;Exportation;2021-10-04 11:30:37.357;EnCours;Mer;IMPORTATEUR_ANON_1146;NINEA_ANON_317;001-E
2378542;Importation;2020-03-14 11:12:08.207;EnCours;Mer;IMPORTATEUR_ANON_4424;NINEA_ANON_51;001-I
2429043;Importation;2020-07-09 11:30:35.073;EnCours;Mer;IMPORTATEUR_ANON_6647;NINEA_ANON_414;001-I
2486761;Importation;2020-11-19 13:21:32.823;EnCours;Mer;IMPORTATEUR_ANON_5992;NINEA_ANON_265;001-I
2583939;Importation;2021-06-24 15:23:35.060;EnCours;Mer;IMPORTATEUR_ANON_5362;NINEA_ANON_120;001-I
2601807;Importation;2021-08-06 09:25:25.197;EnCours;Mer;IMPORTATEUR_ANON_2308;NINEA_ANON_475;001-I
2615621;Importation;2021-09-08 16:42:55.550;EnCours;Mer;IMPORTATEUR_ANON_986;NINEA_ANON_268;
2464467;Importation;2020-09-29 17:21:10.013;EnCours;Mer;IMPORTATEUR_ANON_7533;NINEA_ANON_993;001-I
2409600;Importation;2020-05-26 12:04:14.357;EnCours;Mer;IMPORTATEUR_ANON_4744;NINEA_ANON_747;001-I
2626591;Importation;2021-10-05 10:03:35.470;Initialise;Mer;IMPORTATEUR_ANON_3923;NINEA_ANON_709;001-I
2578471;Importation;2021-06-14 12:23:20.903;EnCours;Mer;IMPORTATEUR_ANON_3660;NINEA_ANON_379;001-I
2676680;Transit;2022-01-26 10:25:25.533;Initialise;Mer;IMPORTATEUR_ANON_5570;NINEA_ANON_514;001-E
2533679;Exportation;2021-03-09 11:39:59.153;EnCours;Mer;IMPORTATEUR_ANON_5881;NINEA_ANON_839;001-E
2545987;Importation;2021-04-01 18:46:11.403;EnCours;Mer;IMPORTATEUR_ANON_8011;NINEA_ANON_856;001-I
2603772;Importation;2021-08-11 09:38:14.140;EnCours;Mer;IMPORTATEUR_ANON_5527;NINEA_ANON_166;001-I
2519895;Importation;2021-02-03 16:37:41.003;EnCours;Mer;IMPORTATEUR_ANON_9677;NINEA_ANON_435;001-I
2504938;Importation;2021-01-04 10:25:55.830;Initialise;Mer;IMPORTATEUR_ANON_3863;NINEA_ANON_628;001-I
2520037;Importation;2021-02-04 09:40:26.550;EnCours;Mer;IMPORTATEUR_ANON_5906;NINEA_ANON_881;001-I
2407902;Importation;2020-05-19 12:47:01.327;EnCours;Mer;IMPORTATEUR_ANON_5369;NINEA_ANON_660;001-I
2430978;Exportation;2020-07-14 12:19:25.743;EnCours;Mer;IMPORTATEUR_ANON_6377;NINEA_ANON_747;001-E
2684645;Importation;2022-02-11 16:51:33.487;EnCours;Mer;IMPORTATEUR_ANON_5836;NINEA_ANON_726;001-I
2495258;Importation;2020-12-08 16:04:47.917;EnCours;Mer;IMPORTATEUR_ANON_3768;NINEA_ANON_664;001-I
2674465;Importation;2022-01-20 12:18:02.207;EnCours;Mer;IMPORTATEUR_ANON_3440;NINEA_ANON_136;
2396766;Exportation;2020-04-27 10:39:53.617;EnCours;Mer;IMPORTATEUR_ANON_3900;NINEA_ANON_501;001-E
2532202;Importation;2021-03-03 13:40:46.373;EnCours;Mer;IMPORTATEUR_ANON_5208;NINEA_ANON_3;001-I
2347941;Importation;2020-01-17 15:31:10.177;Initialise;Mer;IMPORTATEUR_ANON_7197;NINEA_ANON_907;001-I
2535325;Importation;2021-03-11 12:37:49.210;EnCours;Mer;IMPORTATEUR_ANON_134;NINEA_ANON_630;
2579709;Importation;2021-06-16 10:23:38.370;EnCours;Mer;IMPORTATEUR_ANON_957;NINEA_ANON_332;
2615120;Importation;2021-09-08 09:38:46.710;EnCours;Mer;IMPORTATEUR_ANON_134;NINEA_ANON_630;001-I
2554529;Importation;2021-04-21 11:04:07.553;Initialise;Mer;IMPORTATEUR_ANON_8958;NINEA_ANON_25;001-I
2412297;Importation;2020-06-02 16:14:25.447;EnCours;Mer;IMPORTATEUR_ANON_8713;NINEA_ANON_398;001-I
2379426;Importation;2020-03-17 08:24:46.960;Initialise;Mer;IMPORTATEUR_ANON_4475;NINEA_ANON_694;001-I
2391633;Importation;2020-04-14 16:29:06.270;EnCours;Mer;IMPORTATEUR_ANON_3177;NINEA_ANON_513;001-I
2671738;Importation;2022-01-14 11:09:36.243;EnCours;Mer;IMPORTATEUR_ANON_43;NINEA_ANON_779;001-I
2644928;Importation;2021-11-16 08:31:04.897;EnCours;Mer;IMPORTATEUR_ANON_3863;NINEA_ANON_628;001-I
2544880;Exportation;2021-03-31 10:32:14.427;EnCours;Mer;IMPORTATEUR_ANON_991;NINEA_ANON_486;001-E
2343483;Importation;2020-01-09 18:16:10.973;EnCours;Mer;IMPORTATEUR_ANON_5760;NINEA_ANON_572;001-I
2693870;Exportation;2022-02-28 15:56:04.807;EnCours;Mer;IMPORTATEUR_ANON_4723;NINEA_ANON_514;001-E
2384787;Importation;2020-03-27 10:01:36.563;EnCours;Mer;IMPORTATEUR_ANON_9004;NINEA_ANON_782;001-I
2377104;Importation;2020-03-11 17:33:25.930;EnCours;Mer;IMPORTATEUR_ANON_5760;NINEA_ANON_572;001-I
2536585;Exportation;2021-03-15 11:42:31.357;EnCours;Mer;IMPORTATEUR_ANON_1158;NINEA_ANON_597;001-E
2675399;Importation;2022-01-24 10:05:50.440;EnCours;Mer;IMPORTATEUR_ANON_1733;NINEA_ANON_336;001-I
2353055;Exportation;2020-01-28 11:22:31.210;EnCours;Mer;IMPORTATEUR_ANON_7694;NINEA_ANON_161;001-E
2507467;Importation;2021-01-08 16:33:35.090;EnCours;Mer;IMPORTATEUR_ANON_1827;NINEA_ANON_956;001-I
2548629;Importation;2021-04-08 16:32:17.050;EnCours;Mer;IMPORTATEUR_ANON_4304;NINEA_ANON_790;001-I
2604248;Importation;2021-08-12 08:19:11.767;EnCours;Mer;IMPORTATEUR_ANON_2308;NINEA_ANON_475;001-I
2682998;Importation;2022-02-09 15:12:36.610;EnCours;Mer;IMPORTATEUR_ANON_1341;NINEA_ANON_915;001-I
2476302;Importation;2020-10-28 10:21:32.057;EnCours;Mer;IMPORTATEUR_ANON_6404;NINEA_ANON_940;001-I
2589839;Importation;2021-07-07 11:22:21.327;EnCours;Mer;IMPORTATEUR_ANON_9252;NINEA_ANON_853;001-I
2534678;Importation;2021-03-10 14:33:16.390;EnCours;Mer;IMPORTATEUR_ANON_9202;NINEA_ANON_628;001-I
2689936;Importation;2022-02-21 15:24:53.100;EnCours;Mer;IMPORTATEUR_ANON_9284;NINEA_ANON_956;001-I
2643972;Exportation;2021-11-12 16:08:41.260;EnCours;Mer;IMPORTATEUR_ANON_843;NINEA_ANON_825;001-E
2352792;Importation;2020-01-28 09:04:04.860;Initialise;Mer;IMPORTATEUR_ANON_5006;NINEA_ANON_506;001-I
2393978;Importation;2020-04-20 13:08:58.850;EnCours;Mer;IMPORTATEUR_ANON_9586;NINEA_ANON_413;001-I
2389742;Exportation;2020-04-09 09:26:04.103;EnCours;Mer;IMPORTATEUR_ANON_195;NINEA_ANON_764;001-E
2367734;Importation;2020-02-25 09:16:29.373;EnCours;Mer;IMPORTATEUR_ANON_1395;NINEA_ANON_629;001-I
2538943;Importation;2021-03-18 12:42:33.830;EnCours;Mer;IMPORTATEUR_ANON_6754;NINEA_ANON_358;001-I
2547756;Importation;2021-04-07 13:00:55.937;EnCours;Mer;IMPORTATEUR_ANON_1404;NINEA_ANON_89;001-I
2633648;Importation;2021-10-21 10:30:03.770;EnCours;Mer;IMPORTATEUR_ANON_2935;NINEA_ANON_309;001-I
2674011;Exportation;2022-01-19 15:15:23.690;EnCours;Mer;IMPORTATEUR_ANON_780;NINEA_ANON_896;001-E
2677211;Importation;2022-01-27 09:14:28.060;EnCours;Mer;IMPORTATEUR_ANON_5622;NINEA_ANON_143;001-I
2611880;Importation;2021-08-31 14:56:34.487;EnCours;Mer;IMPORTATEUR_ANON_8978;NINEA_ANON_553;001-I
2686085;Importation;2022-02-15 13:49:39.280;EnCours;Mer;IMPORTATEUR_ANON_8477;NINEA_ANON_786;001-I
2353667;Exportation;2020-01-29 10:23:55.480;EnCours;Mer;IMPORTATEUR_ANON_8751;NINEA_ANON_905;001-E
2478053;Importation;2020-11-02 16:45:28.960;Initialise;Mer;IMPORTATEUR_ANON_6983;NINEA_ANON_485;001-I
2536605;Importation;2021-03-15 11:53:40.987;EnCours;Mer;IMPORTATEUR_ANON_9926;NINEA_ANON_575;001-I
2543356;Importation;2021-03-27 10:58:13.910;EnCours;Mer;IMPORTATEUR_ANON_116;NINEA_ANON_594;001-I
2448899;Importation;2020-08-25 12:38:59.417;EnCours;Mer;IMPORTATEUR_ANON_5864;NINEA_ANON_371;001-I
2483747;Importation;2020-11-12 12:10:34.920;EnCours;Mer;IMPORTATEUR_ANON_134;NINEA_ANON_630;001-I
2626311;Importation;2021-10-04 14:56:05.133;Initialise;Mer;IMPORTATEUR_ANON_3257;NINEA_ANON_301;001-I
2613839;Importation;2021-09-06 08:07:10.230;EnCours;Mer;IMPORTATEUR_ANON_9902;NINEA_ANON_833;
2552876;Exportation;2021-04-19 09:15:33.693;EnCours;Mer;IMPORTATEUR_ANON_5823;NINEA_ANON_904;001-E
2618170;Importation;2021-09-14 14:58:26.050;EnCours;Mer;IMPORTATEUR_ANON_9667;NINEA_ANON_20;001-I
2620655;Importation;2021-09-20 15:16:17.147;EnCours;Mer;IMPORTATEUR_ANON_1146;NINEA_ANON_317;001-I
2352942;Importation;2020-01-28 10:30:19.203;EnCours;Mer;IMPORTATEUR_ANON_9750;NINEA_ANON_628;001-I
2413222;Importation;2020-06-04 09:28:56.037;EnCours;Mer;IMPORTATEUR_ANON_9257;NINEA_ANON_172;001-I
2530612;Importation;2021-02-27 11:44:36.187;EnCours;Mer;IMPORTATEUR_ANON_4510;NINEA_ANON_189;001-I
2635073;Importation;2021-10-25 11:35:46.290;EnCours;Mer;IMPORTATEUR_ANON_1847;NINEA_ANON_175;001-I
2497720;Importation;2020-12-14 15:16:45.727;Initialise;Mer;IMPORTATEUR_ANON_6768;NINEA_ANON_140;001-I
2403776;Exportation;2020-05-08 13:45:01.883;EnCours;Mer;IMPORTATEUR_ANON_6672;NINEA_ANON_780;001-E
2387599;Importation;2020-04-02 15:11:47.083;EnCours;Mer;IMPORTATEUR_ANON_9110;NINEA_ANON_511;001-I
2586484;Importation;2021-06-30 12:45:50.043;EnCours;Mer;IMPORTATEUR_ANON_7533;NINEA_ANON_993;001-I
2493288;Importation;2020-12-03 13:10:09.067;Initialise;Mer;IMPORTATEUR_ANON_2990;NINEA_ANON_669;001-I
2679448;Importation;2022-02-01 15:24:16.080;EnCours;Mer;IMPORTATEUR_ANON_2019;NINEA_ANON_463;001-I
2410002;Transit;2020-05-27 08:10:24.030;Initialise;Mer;IMPORTATEUR_ANON_2795;NINEA_ANON_708;001-E
2383592;Importation;2020-03-25 09:34:34.543;EnCours;Mer;IMPORTATEUR_ANON_4663;NINEA_ANON_805;001-I
2447057;Importation;2020-08-20 11:45:42.243;Initialise;Mer;IMPORTATEUR_ANON_1412;NINEA_ANON_385;001-I
2672155;Exportation;2022-01-15 17:24:06.307;EnCours;Mer;IMPORTATEUR_ANON_3923;NINEA_ANON_709;001-E
2445370;Importation;2020-08-17 13:08:45.450;Initialise;Mer;IMPORTATEUR_ANON_8396;NINEA_ANON_357;001-I
2539711;Exportation;2021-03-19 14:34:03.803;EnCours;Mer;IMPORTATEUR_ANON_6471;NINEA_ANON_935;001-E
2462898;Importation;2020-09-25 13:12:17.067;EnCours;Mer;IMPORTATEUR_ANON_9640;NINEA_ANON_571;001-I
2403453;Importation;2020-05-08 09:49:46.890;EnCours;Mer;IMPORTATEUR_ANON_4979;NINEA_ANON_181;001-I
2417806;Importation;2020-06-15 11:00:53.223;EnCours;Mer;IMPORTATEUR_ANON_9941;NINEA_ANON_925;001-I
2468468;Importation;2020-10-12 09:11:27.717;EnCours;Mer;IMPORTATEUR_ANON_6895;NINEA_ANON_268;001-I
2536003;Importation;2021-03-12 13:47:03.290;EnCours;Mer;IMPORTATEUR_ANON_3784;NINEA_ANON_511;001-I
2485652;Importation;2020-11-17 14:17:55.900;EnCours;Mer;IMPORTATEUR_ANON_5484;NINEA_ANON_42;001-I
2462309;Importation;2020-09-24 14:48:42.183;EnCours;Mer;IMPORTATEUR_ANON_477;NINEA_ANON_190;001-I
2647163;Réexportation;2021-11-19 09:57:30.540;Initialise;Mer;IMPORTATEUR_ANON_1026;NINEA_ANON_774;001-E
2643025;Importation;2021-11-11 10:42:06.530;EnCours;Mer;IMPORTATEUR_ANON_7289;NINEA_ANON_748;
2522575;Importation;2021-02-10 10:20:54.420;EnCours;Mer;IMPORTATEUR_ANON_4060;NINEA_ANON_533;001-I
2540816;Exportation;2021-03-22 18:49:31.390;EnCours;Mer;IMPORTATEUR_ANON_3923;NINEA_ANON_709;001-E
2462340;Importation;2020-09-24 15:27:21.650;EnCours;Mer;IMPORTATEUR_ANON_4000;NINEA_ANON_733;001-I
2566316;Importation;2021-05-18 15:36:50.813;EnCours;Mer;IMPORTATEUR_ANON_5320;NINEA_ANON_812;001-I
2476915;Exportation;2020-10-29 09:35:11.053;Initialise;Mer;IMPORTATEUR_ANON_3863;NINEA_ANON_628;001-E
2372088;Exportation;2020-03-03 11:44:22.337;EnCours;Mer;IMPORTATEUR_ANON_2565;NINEA_ANON_131;001-E
2577218;Importation;2021-06-10 15:46:48.953;EnCours;Mer;IMPORTATEUR_ANON_5409;NINEA_ANON_85;
2558365;Importation;2021-04-29 09:27:33.170;EnCours;Mer;IMPORTATEUR_ANON_7533;NINEA_ANON_993;001-I
2604337;Importation;2021-08-12 10:23:25.240;EnCours;Mer;IMPORTATEUR_ANON_428;NINEA_ANON_244;001-I
2392103;Importation;2020-04-15 12:47:24.357;EnCours;Mer;IMPORTATEUR_ANON_1146;NINEA_ANON_676;001-I
2633865;Importation;2021-10-21 13:00:01.260;EnCours;Mer;IMPORTATEUR_ANON_7542;NINEA_ANON_191;001-I
2577659;Importation;2021-06-11 11:11:12.700;EnCours;Mer;IMPORTATEUR_ANON_1266;NINEA_ANON_94;001-I
2381965;Importation;2020-03-20 13:42:48.870;Initialise;Mer;IMPORTATEUR_ANON_6903;NINEA_ANON_450;001-I
2345815;Importation;2020-01-14 16:26:31.790;EnCours;Mer;IMPORTATEUR_ANON_9284;NINEA_ANON_956;001-I
2457112;Importation;2020-09-14 09:23:51.073;EnCours;Mer;IMPORTATEUR_ANON_134;NINEA_ANON_630;001-I
2600042;Importation;2021-08-02 18:28:57.500;EnCours;Mer;IMPORTATEUR_ANON_2738;NINEA_ANON_464;001-I
2388542;Exportation;2020-04-06 12:39:01.313;EnCours;Mer;IMPORTATEUR_ANON_8895;NINEA_ANON_393;001-E
2463139;Importation;2020-09-26 19:14:00.490;EnCours;Mer;IMPORTATEUR_ANON_6863;NINEA_ANON_240;001-I
2491437;Importation;2020-11-30 14:11:45.550;EnCours;Mer;IMPORTATEUR_ANON_9779;NINEA_ANON_750;001-I
2528833;Importation;2021-02-23 17:59:53.503;EnCours;Mer;IMPORTATEUR_ANON_9202;NINEA_ANON_628;001-I
2523765;Importation;2021-02-12 10:25:45.533;EnCours;Mer;IMPORTATEUR_ANON_219;NINEA_ANON_697;001-I
2361157;Exportation;2020-02-12 10:54:45.290;EnCours;Mer;IMPORTATEUR_ANON_6061;NINEA_ANON_638;001-E
2384549;Importation;2020-03-26 14:31:37.163;EnCours;Mer;IMPORTATEUR_ANON_3195;NINEA_ANON_59;001-I
2672235;Réexportation;2022-01-17 10:04:49.653;EnCours;Mer;IMPORTATEUR_ANON_7248;NINEA_ANON_583;001-E
2423050;Importation;2020-06-25 15:50:17.653;EnCours;Mer;IMPORTATEUR_ANON_8895;NINEA_ANON_393;001-I
2383103;Importation;2020-03-24 11:33:36.383;EnCours;Mer;IMPORTATEUR_ANON_1914;NINEA_ANON_93;001-I
2432873;Importation;2020-07-17 12:59:44.007;EnCours;Mer;IMPORTATEUR_ANON_2780;NINEA_ANON_5;001-I
2573286;Importation;2021-06-02 14:24:10.800;Initialise;Mer;IMPORTATEUR_ANON_3092;NINEA_ANON_280;001-I
2683782;Importation;2022-02-10 14:09:59.950;EnCours;Mer;IMPORTATEUR_ANON_5351;NINEA_ANON_499;001-I
2685471;Importation;2022-02-15 08:57:15.413;EnCours;Mer;IMPORTATEUR_ANON_4424;NINEA_ANON_51;001-I
2483971;Importation;2020-11-12 16:13:30.130;EnCours;Mer;IMPORTATEUR_ANON_1920;NINEA_ANON_430;001-I
2366958;Importation;2020-02-24 09:16:35.610;EnCours;Mer;IMPORTATEUR_ANON_644;NINEA_ANON_414;001-I
2593182;Importation;2021-07-14 11:10:56.500;Initialise;Mer;IMPORTATEUR_ANON_4979;NINEA_ANON_181;001-I
2583212;Importation;2021-06-23 12:02:42.673;EnCours;Mer;IMPORTATEUR_ANON_134;NINEA_ANON_630;001-I
2664492;Exportation;2021-12-27 13:58:42.893;EnCours;Mer;IMPORTATEUR_ANON_4979;NINEA_ANON_181;001-E
2583750;Importation;2021-06-24 12:11:05.220;EnCours;Mer;IMPORTATEUR_ANON_7533;NINEA_ANON_993;001-I
2648806;Exportation;2021-11-23 10:52:45.340;EnCours;Mer;IMPORTATEUR_ANON_4843;NINEA_ANON_317;001-E
2425777;Importation;2020-07-02 10:24:28.470;EnCours;Mer;IMPORTATEUR_ANON_6754;NINEA_ANON_358;001-I
2540885;Exportation;2021-03-23 09:11:37.693;EnCours;Mer;IMPORTATEUR_ANON_3858;NINEA_ANON_258;001-E
2572773;Importation;2021-06-01 16:46:04.977;EnCours;Mer;IMPORTATEUR_ANON_7569;NINEA_ANON_511;001-I
2605574;Importation;2021-08-16 10:36:15.737;EnCours;Mer;IMPORTATEUR_ANON_5804;NINEA_ANON_779;001-I
2432225;Importation;2020-07-16 12:14:47.763;Initialise;Mer;IMPORTATEUR_ANON_1656;NINEA_ANON_330;001-I
2669613;Importation;2022-01-10 15:39:05.720;EnCours;Mer;IMPORTATEUR_ANON_8958;NINEA_ANON_25;001-I
2474276;Importation;2020-10-23 08:38:48.830;EnCours;Mer;IMPORTATEUR_ANON_3660;NINEA_ANON_166;001-I
2526373;Importation;2021-02-18 11:01:29.183;EnCours;Mer;IMPORTATEUR_ANON_5599;NINEA_ANON_391;001-I
2399664;Importation;2020-05-04 15:42:00.460;EnCours;Mer;IMPORTATEUR_ANON_17;NINEA_ANON_782;001-I
2424748;Importation;2020-06-30 12:06:47.497;EnCours;Mer;IMPORTATEUR_ANON_4209;NINEA_ANON_188;001-I
2590612;Importation;2021-07-08 12:25:34.620;EnCours;Mer;IMPORTATEUR_ANON_1468;NINEA_ANON_161;001-I
2421221;Importation;2020-06-22 16:54:11.957;EnCours;Mer;IMPORTATEUR_ANON_4060;NINEA_ANON_533;001-I
2553551;Importation;2021-04-19 16:42:13.910;EnCours;Mer;IMPORTATEUR_ANON_7198;NINEA_ANON_430;001-I
2456133;Importation;2020-09-10 11:49:20.363;EnCours;Mer;IMPORTATEUR_ANON_7462;NINEA_ANON_53;001-I
2429845;Importation;2020-07-10 14:35:49.257;EnCours;Mer;IMPORTATEUR_ANON_9284;NINEA_ANON_956;001-I
2351190;Importation;2020-01-23 18:15:51.450;EnCours;Mer;IMPORTATEUR_ANON_8483;NINEA_ANON_692;001-I
2381693;Importation;2020-03-20 10:40:36.570;Initialise;Mer;IMPORTATEUR_ANON_6956;NINEA_ANON_820;001-I
2555636;Exportation;2021-04-23 09:48:04.630;EnCours;Mer;IMPORTATEUR_ANON_5405;NINEA_ANON_859;001-E
2644957;Importation;2021-11-16 09:03:52.550;EnCours;Mer;IMPORTATEUR_ANON_3951;NINEA_ANON_125;001-I
2413991;Importation;2020-06-05 11:53:10.553;EnCours;Mer;IMPORTATEUR_ANON_7533;NINEA_ANON_993;001-I
2559282;Importation;2021-04-30 13:26:57.707;EnCours;Mer;IMPORTATEUR_ANON_5423;NINEA_ANON_395;001-I
2498130;Importation;2020-12-15 11:11:07.780;EnCours;Mer;IMPORTATEUR_ANON_710;NINEA_ANON_311;001-I
2565149;Importation;2021-05-17 10:49:09.910;EnCours;Mer;IMPORTATEUR_ANON_8107;NINEA_ANON_4;001-I
2581990;Importation;2021-06-21 15:24:54.383;EnCours;Mer;IMPORTATEUR_ANON_4060;NINEA_ANON_533;001-I
2345829;Importation;2020-01-14 16:34:54.030;Initialise;Mer;IMPORTATEUR_ANON_6959;NINEA_ANON_600;001-I
2625216;Importation;2021-09-30 17:28:52.467;EnCours;Mer;IMPORTATEUR_ANON_6451;NINEA_ANON_535;001-I
2630098;Importation;2021-10-12 15:51:33.477;EnCours;Mer;IMPORTATEUR_ANON_3768;NINEA_ANON_664;001-I
2484889;Exportation;2020-11-16 12:25:00.300;EnCours;Mer;IMPORTATEUR_ANON_1009;NINEA_ANON_686;001-E
2613524;Importation;2021-09-03 13:13:00.533;EnCours;Mer;IMPORTATEUR_ANON_5864;NINEA_ANON_371;001-I
2341607;Exportation;2020-01-07 11:44:39.340;EnCours;Mer;IMPORTATEUR_ANON_4682;NINEA_ANON_407;001-E
2650072;Importation;2021-11-25 11:00:05.953;EnCours;Mer;IMPORTATEUR_ANON_8895;NINEA_ANON_393;001-I
2503786;Importation;2020-12-29 14:43:53.463;EnCours;Mer;IMPORTATEUR_ANON_5639;NINEA_ANON_732;001-I
2581977;Importation;2021-06-21 15:13:03.420;EnCours;Mer;IMPORTATEUR_ANON_3784;NINEA_ANON_511;001-I
2513033;Importation;2021-01-20 15:03:45.180;EnCours;Mer;IMPORTATEUR_ANON_7028;NINEA_ANON_447;001-I
2447903;Importation;2020-08-21 17:27:21.623;EnCours;Mer;IMPORTATEUR_ANON_1691;NINEA_ANON_766;001-I
2348821;Importation;2020-01-20 16:08:09.100;EnCours;Mer;IMPORTATEUR_ANON_1923;NINEA_ANON_48;001-I
2514731;Importation;2021-01-25 11:09:03.893;EnCours;Mer;IMPORTATEUR_ANON_347;NINEA_ANON_745;001-I
2656329;Importation;2021-12-08 16:01:54.493;EnCours;Mer;IMPORTATEUR_ANON_6377;NINEA_ANON_747;001-I
2636995;Exportation;2021-10-28 10:15:34.370;EnCours;Mer;IMPORTATEUR_ANON_1146;NINEA_ANON_755;001-E
2461749;Exportation;2020-09-23 13:48:42.243;EnCours;Mer;IMPORTATEUR_ANON_4303;NINEA_ANON_514;001-E
2475964;Importation;2020-10-27 14:42:33.427;Initialise;Mer;IMPORTATEUR_ANON_7928;NINEA_ANON_29;001-I
2471396;Importation;2020-10-16 12:35:21.803;EnCours;Mer;IMPORTATEUR_ANON_9145;NINEA_ANON_447;001-I
2512038;Importation;2021-01-19 11:04:03.210;EnCours;Mer;IMPORTATEUR_ANON_4424;NINEA_ANON_51;001-I
2671346;Importation;2022-01-13 15:22:44.427;EnCours;Mer;IMPORTATEUR_ANON_2935;NINEA_ANON_309;001-I
2514323;Importation;2021-01-22 13:52:52.450;EnCours;Mer;IMPORTATEUR_ANON_4438;NINEA_ANON_65;001-I
2377858;Réexportation;2020-03-12 17:55:17.553;Initialise;Mer;IMPORTATEUR_ANON_1917;NINEA_ANON_878;001-E
2435727;Importation;2020-07-24 12:06:59.490;EnCours;Mer;IMPORTATEUR_ANON_3665;NINEA_ANON_598;001-I
2479899;Importation;2020-11-05 15:42:30.783;EnCours;Mer;IMPORTATEUR_ANON_1308;NINEA_ANON_693;001-I
2517905;Importation;2021-01-30 12:03:46.147;EnCours;Mer;IMPORTATEUR_ANON_5760;NINEA_ANON_572;001-I
2519764;Importation;2021-02-03 15:06:27.693;EnCours;Mer;IMPORTATEUR_ANON_3409;NINEA_ANON_307;
2539874;Importation;2021-03-20 10:17:02.450;EnCours;Mer;IMPORTATEUR_ANON_134;NINEA_ANON_630;
2377938;Transit;2020-03-13 09:24:53.850;Initialise;Mer;IMPORTATEUR_ANON_3213;NINEA_ANON_356;001-E
2341587;Transit;2020-01-07 11:32:04.083;Initialise;Mer;IMPORTATEUR_ANON_3927;NINEA_ANON_517;001-E
2383759;Transit;2020-03-25 11:02:52.150;Initialise;Mer;IMPORTATEUR_ANON_2072;NINEA_ANON_797;001-E
2492396;Importation;2020-12-02 09:59:28.680;EnCours;Mer;IMPORTATEUR_ANON_9628;NINEA_ANON_405;001-I
2567885;Exportation;2021-05-21 10:08:27.473;EnCours;Mer;IMPORTATEUR_ANON_1146;NINEA_ANON_317;001-E
2602370;Transit;2021-08-08 14:11:43.670;EnCours;Mer;IMPORTATEUR_ANON_8060;NINEA_ANON_730;
2474817;Importation;2020-10-24 11:32:39.377;EnCours;Mer;IMPORTATEUR_ANON_4834;NINEA_ANON_425;001-I
2349577;Importation;2020-01-21 15:14:35.510;Initialise;Mer;IMPORTATEUR_ANON_9750;NINEA_ANON_628;001-I
2348533;Importation;2020-01-20 12:40:33.420;EnCours;Mer;IMPORTATEUR_ANON_4120;NINEA_ANON_806;001-I
2598079;Exportation;2021-07-28 16:29:50.553;EnCours;Mer;IMPORTATEUR_ANON_1987;NINEA_ANON_60;001-E
2637545;Transit;2021-10-29 08:40:08.183;EnCours;Mer;IMPORTATEUR_ANON_8393;NINEA_ANON_585;
2637568;Importation;2021-10-29 09:10:24.240;EnCours;Mer;IMPORTATEUR_ANON_5362;NINEA_ANON_357;001-I
2638732;Exportation;2021-11-02 13:07:55.497;EnCours;Mer;IMPORTATEUR_ANON_4979;NINEA_ANON_181;001-E
2487771;Exportation;2020-11-23 10:17:07.233;EnCours;Mer;IMPORTATEUR_ANON_2630;NINEA_ANON_109;001-E
2643247;Importation;2021-11-11 13:10:14.397;EnCours;Mer;IMPORTATEUR_ANON_1034;NINEA_ANON_626;
2666062;Importation;2021-12-30 12:21:33.347;Initialise;Mer;IMPORTATEUR_ANON_446;NINEA_ANON_392;001-I
2381481;Exportation;2020-03-19 17:38:31.403;EnCours;Mer;IMPORTATEUR_ANON_7333;NINEA_ANON_396;001-E
2515125;Importation;2021-01-25 14:11:50.733;Initialise;Mer;IMPORTATEUR_ANON_819;NINEA_ANON_349;001-I
2450222;Importation;2020-08-27 16:28:31.480;Initialise;Mer;IMPORTATEUR_ANON_9433;NINEA_ANON_632;001-I
2487934;Exportation;2020-11-23 11:54:02.713;EnCours;Mer;IMPORTATEUR_ANON_4979;NINEA_ANON_181;001-E
2589484;Importation;2021-07-06 16:31:09.633;EnCours;Mer;IMPORTATEUR_ANON_1614;NINEA_ANON_766;001-I
2594856;Importation;2021-07-19 10:05:26.280;EnCours;Mer;IMPORTATEUR_ANON_477;NINEA_ANON_240;
2466535;Importation;2020-10-05 16:37:55.470;EnCours;Mer;IMPORTATEUR_ANON_9272;NINEA_ANON_739;001-I
2512718;Exportation;2021-01-20 10:26:14.580;EnCours;Mer;IMPORTATEUR_ANON_8075;NINEA_ANON_720;001-E
2665254;Importation;2021-12-29 08:36:10.427;EnCours;Mer;IMPORTATEUR_ANON_8570;NINEA_ANON_229;001-I
2594923;Exportation;2021-07-19 10:55:12.577;EnCours;Mer;IMPORTATEUR_ANON_8860;NINEA_ANON_45;001-E
2339413;Importation;2020-01-02 11:52:59.573;EnCours;Mer;IMPORTATEUR_ANON_8820;NINEA_ANON_651;001-I
2341444;Importation;2020-01-07 10:15:06.200;EnCours;Mer;IMPORTATEUR_ANON_4510;NINEA_ANON_189;001-I
2507270;Importation;2021-01-08 12:21:49.673;EnCours;Mer;IMPORTATEUR_ANON_4730;NINEA_ANON_366;001-I
2611018;Importation;2021-08-30 10:25:03.267;EnCours;Mer;IMPORTATEUR_ANON_2771;NINEA_ANON_719;001-I
2689483;Importation;2022-02-21 11:23:36.243;EnCours;Mer;IMPORTATEUR_ANON_5906;NINEA_ANON_645;001-I
2407111;Exportation;2020-05-18 10:38:04.267;EnCours;Mer;IMPORTATEUR_ANON_4843;NINEA_ANON_317;001-E
2397716;Exportation;2020-04-28 15:07:29.673;EnCours;Mer;IMPORTATEUR_ANON_278;NINEA_ANON_355;001-E
2368240;Importation;2020-02-25 14:42:19.847;EnCours;Mer;IMPORTATEUR_ANON_8046;NINEA_ANON_450;001-I
2347308;Importation;2020-01-16 16:04:29.293;EnCours;Mer;IMPORTATEUR_ANON_5932;NINEA_ANON_719;001-I
2407327;Importation;2020-05-18 13:22:43.433;EnCours;Mer;IMPORTATEUR_ANON_5760;NINEA_ANON_572;001-I
2607115;Importation;2021-08-19 10:30:32.303;EnCours;Mer;IMPORTATEUR_ANON_134;NINEA_ANON_630;001-I
2522031;Importation;2021-02-09 11:21:54.100;EnCours;Mer;IMPORTATEUR_ANON_6581;NINEA_ANON_754;001-I
2421204;Exportation;2020-06-22 16:39:38.617;EnCours;Mer;IMPORTATEUR_ANON_1061;NINEA_ANON_800;001-E
2550179;Importation;2021-04-13 09:59:31.400;EnCours;Mer;IMPORTATEUR_ANON_2308;NINEA_ANON_475;001-I
2596969;Importation;2021-07-27 09:59:49.657;Initialise;Mer;IMPORTATEUR_ANON_829;NINEA_ANON_234;001-I
2618448;Importation;2021-09-15 10:46:21.267;EnCours;Mer;IMPORTATEUR_ANON_4834;NINEA_ANON_568;001-I
2624499;Exportation;2021-09-29 16:37:37.330;EnCours;Mer;IMPORTATEUR_ANON_7333;NINEA_ANON_396;001-E
2547955;Importation;2021-04-07 16:05:12.890;EnCours;Mer;IMPORTATEUR_ANON_4477;NINEA_ANON_431;001-I
2631744;Importation;2021-10-15 11:17:11.067;EnCours;Mer;IMPORTATEUR_ANON_5300;NINEA_ANON_70;001-I
2650509;Importation;2021-11-26 08:46:36.423;EnCours;Mer;IMPORTATEUR_ANON_2199;NINEA_ANON_485;001-I
2475508;Importation;2020-10-26 16:45:17.253;Initialise;Mer;IMPORTATEUR_ANON_3768;NINEA_ANON_664;001-I
2645929;Importation;2021-11-17 12:22:23.357;EnCours;Mer;IMPORTATEUR_ANON_9750;NINEA_ANON_894;001-I
2688980;Importation;2022-02-18 15:45:51.580;EnCours;Mer;IMPORTATEUR_ANON_9672;NINEA_ANON_994;001-I
2502400;Importation;2020-12-24 10:06:06.740;EnCours;Mer;IMPORTATEUR_ANON_7153;NINEA_ANON_453;001-I
2682580;Importation;2022-02-09 10:59:28.143;EnCours;Mer;IMPORTATEUR_ANON_428;NINEA_ANON_244;001-I
2496613;Importation;2020-12-10 18:02:28.680;EnCours;Mer;IMPORTATEUR_ANON_8011;NINEA_ANON_856;001-I
2687835;Importation;2022-02-17 11:28:26.903;EnCours;Mer;IMPORTATEUR_ANON_2805;NINEA_ANON_970;
2374288;Importation;2020-03-06 13:05:19.040;EnCours;Mer;IMPORTATEUR_ANON_2442;NINEA_ANON_145;001-I
2378138;Exportation;2020-03-13 11:31:31.243;EnCours;Mer;IMPORTATEUR_ANON_381;NINEA_ANON_508;001-E
2492829;Importation;2020-12-02 16:02:03.320;EnCours;Mer;IMPORTATEUR_ANON_3177;NINEA_ANON_513;001-I
2501777;Importation;2020-12-23 09:48:26.193;EnCours;Mer;IMPORTATEUR_ANON_1614;NINEA_ANON_766;001-I
2533398;Importation;2021-03-08 17:01:15.813;EnCours;Mer;IMPORTATEUR_ANON_8060;NINEA_ANON_730;
2647900;Importation;2021-11-22 09:01:31.797;EnCours;Mer;IMPORTATEUR_ANON_4510;NINEA_ANON_189;001-I
2438163;Importation;2020-07-30 16:27:11.533;EnCours;Mer;IMPORTATEUR_ANON_5864;NINEA_ANON_371;001-I
2471096;Importation;2020-10-15 16:28:20.673;Initialise;Mer;IMPORTATEUR_ANON_2108;NINEA_ANON_997;001-I
2510762;Importation;2021-01-15 16:12:42.063;EnCours;Mer;IMPORTATEUR_ANON_3768;NINEA_ANON_664;001-I
2531482;Importation;2021-03-02 11:26:04.610;EnCours;Mer;IMPORTATEUR_ANON_3660;NINEA_ANON_166;001-I
2349197;Transit;2020-01-21 10:55:33.570;Initialise;Mer;IMPORTATEUR_ANON_8563;NINEA_ANON_708;001-E
2667984;Importation;2022-01-05 12:33:20.800;EnCours;Mer;IMPORTATEUR_ANON_134;NINEA_ANON_630;001-I
2356332;Importation;2020-02-04 10:45:25.873;EnCours;Mer;IMPORTATEUR_ANON_134;NINEA_ANON_630;001-I
2446870;Importation;2020-08-20 08:48:46.077;EnCours;Mer;IMPORTATEUR_ANON_5369;NINEA_ANON_660;001-I
2664690;Exportation;2021-12-27 17:01:50.087;EnCours;Mer;IMPORTATEUR_ANON_2565;NINEA_ANON_131;001-E
2550100;Importation;2021-04-13 08:32:33.210;EnCours;Mer;IMPORTATEUR_ANON_428;NINEA_ANON_244;001-I
2379938;Exportation;2020-03-17 14:15:38.723;EnCours;Mer;IMPORTATEUR_ANON_1061;NINEA_ANON_800;001-E
2381416;Importation;2020-03-19 16:16:22.017;EnCours;Mer;IMPORTATEUR_ANON_3407;NINEA_ANON_902;001-I
2395830;Importation;2020-04-23 12:58:49.447;Initialise;Mer;IMPORTATEUR_ANON_3781;NINEA_ANON_843;001-I
2543069;Importation;2021-03-26 12:40:47.670;EnCours;Mer;IMPORTATEUR_ANON_5822;NINEA_ANON_498;001-I
2358106;Importation;2020-02-06 13:12:58.817;Initialise;Mer;IMPORTATEUR_ANON_4389;NINEA_ANON_580;001-I
2589642;Importation;2021-07-07 09:04:25.070;EnCours;Mer;IMPORTATEUR_ANON_2623;NINEA_ANON_14;001-I
2450747;Importation;2020-08-28 15:55:20.307;Initialise;Mer;IMPORTATEUR_ANON_7533;NINEA_ANON_993;001-I
2354679;Exportation;2020-01-30 14:53:34.687;EnCours;Mer;IMPORTATEUR_ANON_7333;NINEA_ANON_396;001-E
2556105;Transit;2021-04-23 17:08:23.380;Initialise;Mer;IMPORTATEUR_ANON_6468;NINEA_ANON_463;001-E
2545152;Importation;2021-03-31 13:56:52.153;EnCours;Mer;IMPORTATEUR_ANON_3570;NINEA_ANON_48;001-I
2531532;Importation;2021-03-02 11:59:38.127;EnCours;Mer;IMPORTATEUR_ANON_20;NINEA_ANON_11;001-I
2496270;Importation;2020-12-10 11:37:58.227;Initialise;Mer;IMPORTATEUR_ANON_8743;NINEA_ANON_760;001-I
2630889;Transit;2021-10-14 09:23:41.110;Initialise;Mer;IMPORTATEUR_ANON_3144;NINEA_ANON_548;001-E
2585822;Importation;2021-06-29 12:08:50.300;EnCours;Mer;IMPORTATEUR_ANON_9681;NINEA_ANON_946;001-I
2387902;Importation;2020-04-03 11:04:39.073;Initialise;Mer;IMPORTATEUR_ANON_2336;NINEA_ANON_876;001-I
2634500;Importation;2021-10-22 12:48:48.687;EnCours;Mer;IMPORTATEUR_ANON_3489;NINEA_ANON_418;001-I
2667338;Importation;2022-01-04 11:04:01.750;EnCours;Mer;IMPORTATEUR_ANON_7464;NINEA_ANON_545;001-I
2522858;Importation;2021-02-10 13:30:06.653;EnCours;Mer;IMPORTATEUR_ANON_9630;NINEA_ANON_261;001-I
2576072;Importation;2021-06-08 17:15:35.623;Initialise;Mer;IMPORTATEUR_ANON_5906;NINEA_ANON_848;001-I
2510866;Exportation;2021-01-16 13:43:34.980;EnCours;Mer;IMPORTATEUR_ANON_3923;NINEA_ANON_709;001-E
2448935;Importation;2020-08-25 13:09:41.723;Initialise;Mer;IMPORTATEUR_ANON_5839;NINEA_ANON_731;001-I
2442112;Exportation;2020-08-10 10:43:26.720;EnCours;Mer;IMPORTATEUR_ANON_7333;NINEA_ANON_396;001-E
2416168;Réexportation;2020-06-10 14:58:32.050;EnCours;Mer;IMPORTATEUR_ANON_4834;NINEA_ANON_425;001-E
2531340;Importation;2021-03-02 09:40:17.327;EnCours;Mer;IMPORTATEUR_ANON_134;NINEA_ANON_630;
2342274;Importation;2020-01-08 11:21:01.897;EnCours;Mer;IMPORTATEUR_ANON_9797;NINEA_ANON_844;001-I
2379537;Importation;2020-03-17 09:53:26.250;Initialise;Mer;IMPORTATEUR_ANON_3147;NINEA_ANON_942;001-I
2519239;Importation;2021-02-02 15:10:53.560;EnCours;Mer;IMPORTATEUR_ANON_1539;NINEA_ANON_933;001-I
2427652;Exportation;2020-07-07 09:41:17.293;EnCours;Mer;IMPORTATEUR_ANON_9659;NINEA_ANON_729;001-E
2613766;Importation;2021-09-03 20:12:29.143;EnCours;Mer;IMPORTATEUR_ANON_6415;NINEA_ANON_694;001-I
2588351;Importation;2021-07-05 10:57:34.880;EnCours;Mer;IMPORTATEUR_ANON_134;NINEA_ANON_630;001-I
2388434;Importation;2020-04-06 11:22:19.060;EnCours;Mer;IMPORTATEUR_ANON_3923;NINEA_ANON_709;001-I
2593379;Importation;2021-07-14 14:29:11.760;EnCours;Mer;IMPORTATEUR_ANON_191;NINEA_ANON_164;001-I
2461460;Exportation;2020-09-23 10:06:43.370;EnCours;Mer;IMPORTATEUR_ANON_29;NINEA_ANON_446;001-E
2467961;Importation;2020-10-09 10:36:50.030;EnCours;Mer;IMPORTATEUR_ANON_134;NINEA_ANON_630;001-I
2597749;Importation;2021-07-28 11:04:59.063;EnCours;Mer;IMPORTATEUR_ANON_5409;NINEA_ANON_85;
2633451;Importation;2021-10-20 17:29:48.657;EnCours;Mer;IMPORTATEUR_ANON_3896;NINEA_ANON_624;001-I
2340400;Importation;2020-01-03 15:49:12.497;Initialise;Mer;IMPORTATEUR_ANON_8488;NINEA_ANON_578;001-I
2433784;Importation;2020-07-21 08:52:54.080;EnCours;Mer;IMPORTATEUR_ANON_1818;NINEA_ANON_980;001-I
2468068;Importation;2020-10-09 12:10:04.470;EnCours;Mer;IMPORTATEUR_ANON_7289;NINEA_ANON_748;001-I
2346208;Importation;2020-01-15 11:22:34.293;EnCours;Mer;IMPORTATEUR_ANON_5542;NINEA_ANON_371;
2492487;Importation;2020-12-02 11:11:28.540;Initialise;Mer;IMPORTATEUR_ANON_7640;NINEA_ANON_288;001-I
2575151;Exportation;2021-06-07 13:56:24.433;EnCours;Mer;IMPORTATEUR_ANON_1009;NINEA_ANON_686;001-E
2584673;Importation;2021-06-25 19:01:09.760;EnCours;Mer;IMPORTATEUR_ANON_7569;NINEA_ANON_834;001-I
2616381;Importation;2021-09-09 17:45:08.350;EnCours;Mer;IMPORTATEUR_ANON_4510;NINEA_ANON_189;001-I
2543297;Exportation;2021-03-26 17:22:18.067;EnCours;Mer;IMPORTATEUR_ANON_2189;NINEA_ANON_595;001-E
2620171;Importation;2021-09-20 07:43:57.767;EnCours;Mer;IMPORTATEUR_ANON_2543;NINEA_ANON_290;001-I
2561524;Importation;2021-05-05 16:03:42.153;EnCours;Mer;IMPORTATEUR_ANON_5760;NINEA_ANON_572;001-I
2647846;Importation;2021-11-20 16:36:41.917;EnCours;Mer;IMPORTATEUR_ANON_134;NINEA_ANON_630;001-I
2345177;Importation;2020-01-14 09:08:20.600;EnCours;Mer;IMPORTATEUR_ANON_9284;NINEA_ANON_956;001-I
2617241;Importation;2021-09-13 11:17:14.790;EnCours;Mer;IMPORTATEUR_ANON_569;NINEA_ANON_299;001-I
2447535;Importation;2020-08-21 10:58:13.540;EnCours;Mer;IMPORTATEUR_ANON_4834;NINEA_ANON_425;001-I
2512282;Importation;2021-01-19 13:06:31.170;Initialise;Mer;IMPORTATEUR_ANON_3863;NINEA_ANON_628;001-I
2439984;Importation;2020-08-06 10:50:14.887;EnCours;Mer;IMPORTATEUR_ANON_1920;NINEA_ANON_430;001-I
2621494;Importation;2021-09-22 09:22:18.030;Initialise;Mer;IMPORTATEUR_ANON_5906;NINEA_ANON_848;001-I
2387830;Importation;2020-04-03 10:17:06.573;EnCours;Mer;IMPORTATEUR_ANON_495;NINEA_ANON_141;001-I
2365561;Exportation;2020-02-20 09:28:24.323;EnCours;Mer;IMPORTATEUR_ANON_4277;NINEA_ANON_514;001-E
2468158;Importation;2020-10-09 13:12:16.330;EnCours;Mer;IMPORTATEUR_ANON_6772;NINEA_ANON_514;001-I
2539182;Importation;2021-03-18 16:29:06.163;EnCours;Mer;IMPORTATEUR_ANON_1524;NINEA_ANON_38;001-I
2613962;Exportation;2021-09-06 10:30:28.700;EnCours;Mer;IMPORTATEUR_ANON_843;NINEA_ANON_514;001-E
2463236;Exportation;2020-09-28 09:37:37.893;EnCours;Mer;IMPORTATEUR_ANON_1146;NINEA_ANON_676;001-E
2363213;Importation;2020-02-17 09:28:06.533;EnCours;Mer;IMPORTATEUR_ANON_7533;NINEA_ANON_993;001-I
2678030;Importation;2022-01-28 12:58:11.837;EnCours;Mer;IMPORTATEUR_ANON_1240;NINEA_ANON_396;
2669944;Exportation;2022-01-11 11:43:27.663;EnCours;Mer;IMPORTATEUR_ANON_6672;NINEA_ANON_780;001-E
2404650;Importation;2020-05-11 17:23:38.467;Initialise;Mer;IMPORTATEUR_ANON_2420;NINEA_ANON_878;001-I
2599276;Importation;2021-07-30 17:40:48.240;Initialise;Mer;IMPORTATEUR_ANON_2376;NINEA_ANON_219;001-I
2662578;Importation;2021-12-22 10:35:04.470;EnCours;Mer;IMPORTATEUR_ANON_3287;NINEA_ANON_511;001-I
2464971;Importation;2020-09-30 16:27:25.580;EnCours;Mer;IMPORTATEUR_ANON_1383;NINEA_ANON_337;001-I
2594169;Importation;2021-07-15 19:23:03.630;EnCours;Mer;IMPORTATEUR_ANON_6098;NINEA_ANON_626;001-I
2591262;Importation;2021-07-09 11:54:29.047;EnCours;Mer;IMPORTATEUR_ANON_4819;NINEA_ANON_319;001-I
2538514;Importation;2021-03-17 17:39:37.510;EnCours;Mer;IMPORTATEUR_ANON_3806;NINEA_ANON_725;001-I
2380926;Importation;2020-03-19 09:29:11.120;EnCours;Mer;IMPORTATEUR_ANON_134;NINEA_ANON_630;001-I
2489237;Importation;2020-11-25 11:16:33.830;EnCours;Mer;IMPORTATEUR_ANON_6270;NINEA_ANON_903;001-I
2532051;Importation;2021-03-03 11:31:00.187;EnCours;Mer;IMPORTATEUR_ANON_5760;NINEA_ANON_572;001-I
2662426;Importation;2021-12-21 17:29:12.923;EnCours;Mer;IMPORTATEUR_ANON_278;NINEA_ANON_355;001-I
2415397;Importation;2020-06-09 12:24:00.230;EnCours;Mer;IMPORTATEUR_ANON_458;NINEA_ANON_734;001-I
2378577;Importation;2020-03-14 16:44:00.597;EnCours;Mer;IMPORTATEUR_ANON_2553;NINEA_ANON_853;001-I
2367142;Importation;2020-02-24 11:37:01.547;EnCours;Mer;IMPORTATEUR_ANON_7279;NINEA_ANON_32;001-I
2495569;Importation;2020-12-09 11:22:08.540;EnCours;Mer;IMPORTATEUR_ANON_5682;NINEA_ANON_144;001-I
2507726;Exportation;2021-01-11 11:02:31.230;EnCours;Mer;IMPORTATEUR_ANON_1146;NINEA_ANON_843;001-E
2407237;Importation;2020-05-18 12:12:34.220;Initialise;Mer;IMPORTATEUR_ANON_9244;NINEA_ANON_563;001-I
2680610;Importation;2022-02-03 15:42:41.843;EnCours;Mer;IMPORTATEUR_ANON_6911;NINEA_ANON_365;001-I
2460337;Exportation;2020-09-21 12:27:21.910;EnCours;Mer;IMPORTATEUR_ANON_9875;NINEA_ANON_221;001-E
2378798;Importation;2020-03-16 11:10:01.937;EnCours;Mer;IMPORTATEUR_ANON_1827;NINEA_ANON_956;001-I
2581576;Exportation;2021-06-21 10:34:16.870;EnCours;Mer;IMPORTATEUR_ANON_4723;NINEA_ANON_514;001-E
2693708;Importation;2022-02-28 13:51:27.980;EnCours;Mer;IMPORTATEUR_ANON_9284;NINEA_ANON_956;001-I
2450867;Importation;2020-08-29 11:57:37.133;EnCours;Mer;IMPORTATEUR_ANON_8801;NINEA_ANON_265;001-I
2596429;Importation;2021-07-26 11:32:20.480;EnCours;Mer;IMPORTATEUR_ANON_9257;NINEA_ANON_172;001-I
2389567;Exportation;2020-04-08 14:01:52.070;EnCours;Mer;IMPORTATEUR_ANON_991;NINEA_ANON_486;001-E
2682072;Importation;2022-02-08 15:36:01.303;Initialise;Mer;IMPORTATEUR_ANON_7288;NINEA_ANON_12;001-I
2512180;Importation;2021-01-19 12:12:54.000;EnCours;Mer;IMPORTATEUR_ANON_134;NINEA_ANON_756;
2623656;Importation;2021-09-28 12:53:15.420;EnCours;Mer;IMPORTATEUR_ANON_3863;NINEA_ANON_628;001-I
2618020;Importation;2021-09-14 12:14:23.847;EnCours;Mer;IMPORTATEUR_ANON_7333;NINEA_ANON_106;001-I
2478661;Importation;2020-11-03 15:58:15.263;Initialise;Mer;IMPORTATEUR_ANON_7397;NINEA_ANON_437;001-I
2677589;Importation;2022-01-27 15:10:12.973;EnCours;Mer;IMPORTATEUR_ANON_2112;NINEA_ANON_946;
2448399;Importation;2020-08-24 14:45:45.610;EnCours;Mer;IMPORTATEUR_ANON_134;NINEA_ANON_630;001-I
2563952;Exportation;2021-05-11 13:05:00.910;EnCours;Mer;IMPORTATEUR_ANON_8297;NINEA_ANON_450;001-E
2435238;Importation;2020-07-23 12:49:30.653;EnCours;Mer;IMPORTATEUR_ANON_7102;NINEA_ANON_20;001-I
2668870;Importation;2022-01-07 12:37:53.437;EnCours;Mer;IMPORTATEUR_ANON_9202;NINEA_ANON_628;001-I
2610057;Importation;2021-08-26 15:29:25.357;EnCours;Mer;IMPORTATEUR_ANON_3660;NINEA_ANON_476;001-I
2619690;Importation;2021-09-17 10:33:40.580;EnCours;Mer;IMPORTATEUR_ANON_4516;NINEA_ANON_365;001-I
2632547;Importation;2021-10-18 15:22:35.503;EnCours;Mer;IMPORTATEUR_ANON_5760;NINEA_ANON_572;001-I
2478204;Exportation;2020-11-03 09:45:12.043;EnCours;Mer;IMPORTATEUR_ANON_4979;NINEA_ANON_181;001-E
2528499;Importation;2021-02-23 12:13:05.920;EnCours;Mer;IMPORTATEUR_ANON_7533;NINEA_ANON_993;001-I
2452611;Importation;2020-09-02 16:32:54.600;EnCours;Mer;IMPORTATEUR_ANON_3285;NINEA_ANON_612;001-I
2548462;Importation;2021-04-08 13:04:15.603;EnCours;Mer;IMPORTATEUR_ANON_2249;NINEA_ANON_827;001-I
2442302;Exportation;2020-08-10 13:07:35.557;EnCours;Mer;IMPORTATEUR_ANON_1146;NINEA_ANON_676;001-E
2606234;Importation;2021-08-17 11:02:30.237;EnCours;Mer;IMPORTATEUR_ANON_8942;NINEA_ANON_631;001-I
2499889;Importation;2020-12-18 10:33:31.773;EnCours;Mer;IMPORTATEUR_ANON_3232;NINEA_ANON_89;001-I
2650399;Importation;2021-11-25 16:21:05.777;EnCours;Mer;IMPORTATEUR_ANON_6911;NINEA_ANON_365;001-I
2448459;Importation;2020-08-24 15:48:59.810;EnCours;Mer;IMPORTATEUR_ANON_3407;NINEA_ANON_902;001-I
2344052;Importation;2020-01-10 15:32:23.267;Initialise;Mer;IMPORTATEUR_ANON_8518;NINEA_ANON_296;001-I
2633583;Importation;2021-10-21 10:00:50.020;EnCours;Mer;IMPORTATEUR_ANON_3951;NINEA_ANON_125;001-I
2529213;Importation;2021-02-24 13:33:43.743;EnCours;Mer;IMPORTATEUR_ANON_5439;NINEA_ANON_409;001-I
2533833;Importation;2021-03-09 13:11:44.363;Initialise;Mer;IMPORTATEUR_ANON_8964;NINEA_ANON_390;001-I
2680506;Importation;2022-02-03 13:17:37.260;EnCours;Mer;IMPORTATEUR_ANON_49;NINEA_ANON_335;001-I
2434734;Importation;2020-07-22 14:07:24.743;EnCours;Mer;IMPORTATEUR_ANON_2848;NINEA_ANON_875;001-I
2566576;Importation;2021-05-19 09:51:19.873;Initialise;Mer;IMPORTATEUR_ANON_1146;NINEA_ANON_317;001-I
2579413;Importation;2021-06-15 15:54:00.600;Initialise;Mer;IMPORTATEUR_ANON_4877;NINEA_ANON_456;001-I
2597625;Importation;2021-07-28 09:35:47.627;Initialise;Mer;IMPORTATEUR_ANON_9942;NINEA_ANON_641;001-I
2376062;Importation;2020-03-10 13:46:01.777;Initialise;Mer;IMPORTATEUR_ANON_1226;NINEA_ANON_929;001-I
2653877;Importation;2021-12-03 08:49:48.920;EnCours;Mer;IMPORTATEUR_ANON_2308;NINEA_ANON_475;001-I
2692178;Transit;2022-02-24 13:03:36.753;Initialise;Mer;IMPORTATEUR_ANON_8226;NINEA_ANON_32;001-E
2631890;Importation;2021-10-15 13:17:11.753;EnCours;Mer;IMPORTATEUR_ANON_4426;NINEA_ANON_93;001-I
2340515;Importation;2020-01-03 17:39:34.463;EnCours;Mer;IMPORTATEUR_ANON_4399;NINEA_ANON_726;001-I
2435036;Importation;2020-07-23 10:17:07.653;EnCours;Mer;IMPORTATEUR_ANON_4428;NINEA_ANON_802;001-I
2523621;Importation;2021-02-12 06:24:07.697;EnCours;Mer;IMPORTATEUR_ANON_8958;NINEA_ANON_25;001-I
2548484;Importation;2021-04-08 13:19:33.397;EnCours;Mer;IMPORTATEUR_ANON_6474;NINEA_ANON_485;001-I
2640130;Importation;2021-11-04 16:08:31.717;EnCours;Mer;IMPORTATEUR_ANON_8590;NINEA_ANON_684;001-I
2435738;Importation;2020-07-24 12:18:11.513;EnCours;Mer;IMPORTATEUR_ANON_7333;NINEA_ANON_396;001-I
2615657;Importation;2021-09-08 17:24:30.073;EnCours;Mer;IMPORTATEUR_ANON_1827;NINEA_ANON_956;001-I
2383731;Transit;2020-03-25 10:43:30.377;Initialise;Mer;IMPORTATEUR_ANON_3359;NINEA_ANON_50;001-E
2383176;Importation;2020-03-24 12:16:33.673;EnCours;Mer;IMPORTATEUR_ANON_134;NINEA_ANON_630;001-I
2526834;Importation;2021-02-19 08:34:11.743;EnCours;Mer;IMPORTATEUR_ANON_4510;NINEA_ANON_189;001-I
2671142;Importation;2022-01-13 11:12:39.330;EnCours;Mer;IMPORTATEUR_ANON_2938;NINEA_ANON_225;001-I
2428554;Importation;2020-07-08 12:46:53.040;EnCours;Mer;IMPORTATEUR_ANON_3046;NINEA_ANON_140;001-I
2373400;Importation;2020-03-05 09:46:14.833;EnCours;Mer;IMPORTATEUR_ANON_7462;NINEA_ANON_53;001-I
2492791;Importation;2020-12-02 15:25:41.960;EnCours;Mer;IMPORTATEUR_ANON_9008;NINEA_ANON_224;001-I
2679470;Importation;2022-02-01 15:47:20.720;EnCours;Mer;IMPORTATEUR_ANON_3280;NINEA_ANON_612;001-I
2341135;Importation;2020-01-06 15:51:40.060;EnCours;Mer;IMPORTATEUR_ANON_8797;NINEA_ANON_946;001-I
2352752;Importation;2020-01-28 08:17:11.267;EnCours;Mer;IMPORTATEUR_ANON_4510;NINEA_ANON_189;001-I
2533658;Exportation;2021-03-09 11:28:04.630;EnCours;Mer;IMPORTATEUR_ANON_6574;NINEA_ANON_72;001-E
2425832;Importation;2020-07-02 11:06:52.827;EnCours;Mer;IMPORTATEUR_ANON_7528;NINEA_ANON_447;001-I
2544865;Importation;2021-03-31 10:22:52.070;EnCours;Mer;IMPORTATEUR_ANON_4424;NINEA_ANON_51;001-I
2592017;Exportation;2021-07-12 12:19:29.497;EnCours;Mer;IMPORTATEUR_ANON_1061;NINEA_ANON_800;001-E
2342328;Importation;2020-01-08 11:52:05.110;EnCours;Mer;IMPORTATEUR_ANON_7248;NINEA_ANON_430;001-I
2634976;Importation;2021-10-25 10:45:50.387;EnCours;Mer;IMPORTATEUR_ANON_8958;NINEA_ANON_25;001-I
2423541;Importation;2020-06-26 13:20:14.660;EnCours;Mer;IMPORTATEUR_ANON_6858;NINEA_ANON_5;001-I
2558137;Importation;2021-04-28 15:06:06.523;EnCours;Mer;IMPORTATEUR_ANON_5362;NINEA_ANON_120;001-I
2381631;Importation;2020-03-20 09:52:56.347;EnCours;Mer;IMPORTATEUR_ANON_3863;NINEA_ANON_628;001-I
2569362;Importation;2021-05-25 17:58:44.490;EnCours;Mer;IMPORTATEUR_ANON_6187;NINEA_ANON_791;001-I
2639363;Transit;2021-11-03 13:46:27.957;Initialise;Mer;IMPORTATEUR_ANON_3144;NINEA_ANON_548;001-E
2339617;Importation;2020-01-02 14:54:27.287;EnCours;Mer;IMPORTATEUR_ANON_9709;NINEA_ANON_157;
2655469;Importation;2021-12-07 12:04:56.423;EnCours;Mer;IMPORTATEUR_ANON_6574;NINEA_ANON_72;001-I
2661586;Importation;2021-12-20 14:36:58.357;EnCours;Mer;IMPORTATEUR_ANON_5398;NINEA_ANON_535;001-I
2601987;Importation;2021-08-06 11:58:31.290;EnCours;Mer;IMPORTATEUR_ANON_1656;NINEA_ANON_340;001-I
2430777;Importation;2020-07-14 09:43:17.850;EnCours;Mer;IMPORTATEUR_ANON_9628;NINEA_ANON_405;001-I
2374977;Exportation;2020-03-09 12:05:42.947;EnCours;Mer;IMPORTATEUR_ANON_8895;NINEA_ANON_393;001-E
2471196;Importation;2020-10-16 08:57:03.550;EnCours;Mer;IMPORTATEUR_ANON_2623;NINEA_ANON_939;001-I
2539952;Importation;2021-03-22 02:14:07.233;EnCours;Mer;IMPORTATEUR_ANON_4604;NINEA_ANON_302;001-I
2553796;Importation;2021-04-20 10:47:30.933;Initialise;Mer;IMPORTATEUR_ANON_5906;NINEA_ANON_848;001-I
2681046;Importation;2022-02-04 13:02:01.343;EnCours;Mer;IMPORTATEUR_ANON_5599;NINEA_ANON_391;
2681856;Exportation;2022-02-08 13:33:56.270;EnCours;Mer;IMPORTATEUR_ANON_7333;NINEA_ANON_396;001-E
2559433;Importation;2021-04-30 16:56:48.970;EnCours;Mer;IMPORTATEUR_ANON_7464;NINEA_ANON_545;001-I
2572074;Exportation;2021-05-31 17:11:33.150;EnCours;Mer;IMPORTATEUR_ANON_9564;NINEA_ANON_214;001-E
2499159;Importation;2020-12-17 08:11:32.203;EnCours;Mer;IMPORTATEUR_ANON_3232;NINEA_ANON_89;001-I
2503139;Importation;2020-12-28 13:24:32.877;Initialise;Mer;IMPORTATEUR_ANON_8839;NINEA_ANON_172;001-I
2483308;Importation;2020-11-11 14:31:10.157;EnCours;Mer;IMPORTATEUR_ANON_8273;NINEA_ANON_767;001-I
2549804;Importation;2021-04-12 13:25:06.670;EnCours;Mer;IMPORTATEUR_ANON_6795;NINEA_ANON_651;001-I
2347127;Importation;2020-01-16 13:30:43.610;EnCours;Mer;IMPORTATEUR_ANON_3768;NINEA_ANON_664;001-I
2555947;Importation;2021-04-23 13:34:39.673;EnCours;Mer;IMPORTATEUR_ANON_1267;NINEA_ANON_958;001-I
2591617;Importation;2021-07-10 12:04:23.350;EnCours;Mer;IMPORTATEUR_ANON_134;NINEA_ANON_630;001-I
2487340;Importation;2020-11-20 12:30:03.083;EnCours;Mer;IMPORTATEUR_ANON_829;NINEA_ANON_234;001-I
2533270;Importation;2021-03-08 09:53:35.580;Initialise;Mer;IMPORTATEUR_ANON_2277;NINEA_ANON_642;001-I
2583197;Exportation;2021-06-23 11:50:47.180;EnCours;Mer;IMPORTATEUR_ANON_1061;NINEA_ANON_800;001-E
2529831;Importation;2021-02-25 13:33:15.730;EnCours;Mer;IMPORTATEUR_ANON_7491;NINEA_ANON_426;001-I
2406528;Importation;2020-05-15 10:45:29.457;EnCours;Mer;IMPORTATEUR_ANON_3087;NINEA_ANON_922;001-I
2667371;Importation;2022-01-04 11:29:59.200;Initialise;Mer;IMPORTATEUR_ANON_5208;NINEA_ANON_289;001-I
2499549;Importation;2020-12-17 14:38:06.123;EnCours;Mer;IMPORTATEUR_ANON_7289;NINEA_ANON_748;001-I
2629633;Exportation;2021-10-12 09:44:54.773;EnCours;Mer;IMPORTATEUR_ANON_1061;NINEA_ANON_800;001-E
2640253;Importation;2021-11-05 08:31:38.923;EnCours;Mer;IMPORTATEUR_ANON_8008;NINEA_ANON_178;001-I
2557387;Importation;2021-04-27 13:15:04.543;Initialise;Mer;IMPORTATEUR_ANON_8458;NINEA_ANON_155;001-I
2651436;Importation;2021-11-29 11:45:32.670;EnCours;Mer;IMPORTATEUR_ANON_1133;NINEA_ANON_122;001-I
2610314;Importation;2021-08-27 09:27:03.827;EnCours;Mer;IMPORTATEUR_ANON_4834;NINEA_ANON_568;001-I
2382158;Importation;2020-03-20 17:40:25.487;EnCours;Mer;IMPORTATEUR_ANON_8011;NINEA_ANON_856;001-I
2433637;Importation;2020-07-20 15:30:34.917;EnCours;Mer;IMPORTATEUR_ANON_7027;NINEA_ANON_691;001-I
2649135;Importation;2021-11-23 15:28:50.667;Initialise;Mer;IMPORTATEUR_ANON_3660;NINEA_ANON_647;001-I
2688764;Importation;2022-02-18 12:18:13.957;EnCours;Mer;IMPORTATEUR_ANON_4307;NINEA_ANON_583;001-I
2342231;Importation;2020-01-08 11:01:22.500;EnCours;Mer;IMPORTATEUR_ANON_8060;NINEA_ANON_730;001-I
2559086;Importation;2021-04-30 10:30:55.303;EnCours;Mer;IMPORTATEUR_ANON_468;NINEA_ANON_376;001-I
2647124;Transit;2021-11-19 09:26:49.300;Initialise;Mer;IMPORTATEUR_ANON_3144;NINEA_ANON_548;001-E
2397077;Importation;2020-04-27 14:46:15.540;EnCours;Mer;IMPORTATEUR_ANON_2809;NINEA_ANON_231;001-I
2368961;Exportation;2020-02-26 13:39:04.590;EnCours;Mer;IMPORTATEUR_ANON_6681;NINEA_ANON_809;001-E
2449448;Transit;2020-08-26 12:08:37.350;Initialise;Mer;IMPORTATEUR_ANON_1354;NINEA_ANON_257;001-E
2520801;Importation;2021-02-05 12:34:13.627;Initialise;Mer;IMPORTATEUR_ANON_2224;NINEA_ANON_436;001-I
2558732;Importation;2021-04-29 13:02:34.163;EnCours;Mer;IMPORTATEUR_ANON_5362;NINEA_ANON_120;001-I
2668802;Importation;2022-01-07 11:36:21.907;EnCours;Mer;IMPORTATEUR_ANON_5409;NINEA_ANON_85;
2375223;Exportation;2020-03-09 15:16:51.303;EnCours;Mer;IMPORTATEUR_ANON_7333;NINEA_ANON_396;001-E
2368643;Importation;2020-02-26 10:14:32.220;Initialise;Mer;IMPORTATEUR_ANON_6374;NINEA_ANON_191;001-I
2465657;Importation;2020-10-02 08:04:57.610;EnCours;Mer;IMPORTATEUR_ANON_3863;NINEA_ANON_628;001-I
2527737;Importation;2021-02-22 11:15:13.363;Initialise;Mer;IMPORTATEUR_ANON_2016;NINEA_ANON_415;001-I
2351750;Importation;2020-01-24 15:44:48.193;Initialise;Mer;IMPORTATEUR_ANON_3057;NINEA_ANON_398;001-I
2488438;Importation;2020-11-24 09:58:28.693;Initialise;Mer;IMPORTATEUR_ANON_7497;NINEA_ANON_175;001-I
2347467;Exportation;2020-01-17 07:59:42.810;EnCours;Mer;IMPORTATEUR_ANON_1031;NINEA_ANON_810;001-E
2372058;Exportation;2020-03-03 11:30:57.060;EnCours;Mer;IMPORTATEUR_ANON_6471;NINEA_ANON_935;001-E
2496904;Importation;2020-12-11 12:39:09.153;EnCours;Mer;IMPORTATEUR_ANON_12;NINEA_ANON_4;001-I
2407252;Exportation;2020-05-18 12:28:02.780;EnCours;Mer;IMPORTATEUR_ANON_4979;NINEA_ANON_181;001-E
2519303;Importation;2021-02-02 16:17:51.137;EnCours;Mer;IMPORTATEUR_ANON_3398;NINEA_ANON_659;
2413894;Exportation;2020-06-05 10:42:34.430;EnCours;Mer;IMPORTATEUR_ANON_4979;NINEA_ANON_181;001-E
2378884;Exportation;2020-03-16 11:56:13.090;EnCours;Mer;IMPORTATEUR_ANON_4843;NINEA_ANON_317;001-E
2614940;Importation;2021-09-07 16:06:20.123;EnCours;Mer;IMPORTATEUR_ANON_8477;NINEA_ANON_786;001-I
2584956;Importation;2021-06-28 11:19:09.310;EnCours;Mer;IMPORTATEUR_ANON_1614;NINEA_ANON_766;001-I
2658003;Exportation;2021-12-13 12:27:24.443;EnCours;Mer;IMPORTATEUR_ANON_4303;NINEA_ANON_514;001-E
2630320;Importation;2021-10-13 10:09:00.220;EnCours;Mer;IMPORTATEUR_ANON_6096;NINEA_ANON_518;001-I
2445934;Exportation;2020-08-18 13:23:00.280;EnCours;Mer;IMPORTATEUR_ANON_8985;NINEA_ANON_796;001-E
2384061;Importation;2020-03-25 14:37:17.173;EnCours;Mer;IMPORTATEUR_ANON_116;NINEA_ANON_792;001-I
2352346;Importation;2020-01-27 12:16:08.247;Initialise;Mer;IMPORTATEUR_ANON_955;NINEA_ANON_429;001-I
2354381;Importation;2020-01-30 10:56:20.007;EnCours;Mer;IMPORTATEUR_ANON_3945;NINEA_ANON_862;001-I
2407987;Exportation;2020-05-19 14:41:01.177;EnCours;Mer;IMPORTATEUR_ANON_381;NINEA_ANON_508;001-E
2534681;Importation;2021-03-10 14:37:43.960;Initialise;Mer;IMPORTATEUR_ANON_4734;NINEA_ANON_866;001-I
2552019;Importation;2021-04-15 16:22:40.047;EnCours;Mer;IMPORTATEUR_ANON_278;NINEA_ANON_59;001-I
2546886;Importation;2021-04-06 11:50:29.830;EnCours;Mer;IMPORTATEUR_ANON_3871;NINEA_ANON_38;001-I
2615008;Importation;2021-09-07 17:17:11.250;EnCours;Mer;IMPORTATEUR_ANON_9238;NINEA_ANON_618;001-I
2507797;Importation;2021-01-11 11:40:08.243;EnCours;Mer;IMPORTATEUR_ANON_6330;NINEA_ANON_59;001-I
2515944;Importation;2021-01-26 16:31:02.127;EnCours;Mer;IMPORTATEUR_ANON_6716;NINEA_ANON_163;001-I
2541399;Exportation;2021-03-23 16:05:40.077;EnCours;Mer;IMPORTATEUR_ANON_8297;NINEA_ANON_450;001-E
2539364;Importation;2021-03-19 10:07:23.403;EnCours;Mer;IMPORTATEUR_ANON_8863;NINEA_ANON_934;001-I
2343797;Importation;2020-01-10 11:57:29.933;EnCours;Mer;IMPORTATEUR_ANON_7533;NINEA_ANON_993;001-I
2344011;Importation;2020-01-10 14:49:39.177;Initialise;Mer;IMPORTATEUR_ANON_5675;NINEA_ANON_15;001-I
2693764;Importation;2022-02-28 14:43:56.770;Initialise;Mer;IMPORTATEUR_ANON_46;NINEA_ANON_192;001-I
2465117;Importation;2020-10-01 09:11:38.903;EnCours;Mer;IMPORTATEUR_ANON_1233;NINEA_ANON_877;001-I
2522254;Réexportation;2021-02-09 14:14:13.360;EnCours;Mer;IMPORTATEUR_ANON_3407;NINEA_ANON_902;001-E
2545155;Exportation;2021-03-31 14:01:08.593;EnCours;Mer;IMPORTATEUR_ANON_2024;NINEA_ANON_469;001-E
2605141;Importation;2021-08-13 12:47:11.717;EnCours;Mer;IMPORTATEUR_ANON_1497;NINEA_ANON_490;001-I
2532026;Importation;2021-03-03 11:14:48.140;EnCours;Mer;IMPORTATEUR_ANON_5484;NINEA_ANON_42;001-I
2492517;Importation;2020-12-02 11:29:01.630;EnCours;Mer;IMPORTATEUR_ANON_134;NINEA_ANON_630;001-I
2662999;Importation;2021-12-22 16:42:48.010;EnCours;Mer;IMPORTATEUR_ANON_5581;NINEA_ANON_511;001-I
2346884;Importation;2020-01-16 11:16:37.283;Initialise;Mer;IMPORTATEUR_ANON_5826;NINEA_ANON_359;001-I
2557732;Importation;2021-04-28 09:45:10.873;EnCours;Mer;IMPORTATEUR_ANON_6389;NINEA_ANON_438;001-I
2418794;Exportation;2020-06-16 15:03:04.387;EnCours;Mer;IMPORTATEUR_ANON_9779;NINEA_ANON_750;001-E
2676718;Importation;2022-01-26 10:46:13.913;EnCours;Mer;IMPORTATEUR_ANON_9354;NINEA_ANON_779;001-I
2619427;Importation;2021-09-16 15:46:23.467;EnCours;Mer;IMPORTATEUR_ANON_8488;NINEA_ANON_583;001-I
2377358;Exportation;2020-03-12 10:22:07.770;Initialise;Mer;IMPORTATEUR_ANON_2520;NINEA_ANON_48;001-E
2374781;Importation;2020-03-09 10:17:56.400;EnCours;Mer;IMPORTATEUR_ANON_134;NINEA_ANON_756;001-I
2372009;Importation;2020-03-03 11:00:10.317;Initialise;Mer;IMPORTATEUR_ANON_9840;NINEA_ANON_101;001-I
2385128;Importation;2020-03-27 14:35:32.323;Initialise;Mer;IMPORTATEUR_ANON_9114;NINEA_ANON_437;001-I
2527659;Importation;2021-02-22 10:33:01.480;EnCours;Mer;IMPORTATEUR_ANON_134;NINEA_ANON_630;
2544888;Importation;2021-03-31 10:41:25.987;EnCours;Mer;IMPORTATEUR_ANON_2308;NINEA_ANON_475;001-I
2454049;Importation;2020-09-07 10:55:23.860;EnCours;Mer;IMPORTATEUR_ANON_2623;NINEA_ANON_939;001-I
2549139;Importation;2021-04-09 15:18:54.090;EnCours;Mer;IMPORTATEUR_ANON_7491;NINEA_ANON_426;001-I
2390412;Importation;2020-04-10 10:46:20.220;EnCours;Mer;IMPORTATEUR_ANON_3822;NINEA_ANON_487;001-I
2434379;Importation;2020-07-22 09:12:16.340;EnCours;Mer;IMPORTATEUR_ANON_6539;NINEA_ANON_481;001-I
2659516;Importation;2021-12-15 13:18:21.990;EnCours;Mer;IMPORTATEUR_ANON_9936;NINEA_ANON_660;001-I
2394367;Exportation;2020-04-21 10:26:25.360;EnCours;Mer;IMPORTATEUR_ANON_9659;NINEA_ANON_59;001-E
2485390;Transit;2020-11-17 10:24:05.173;Initialise;Mer;IMPORTATEUR_ANON_8546;NINEA_ANON_323;001-E
2476705;Importation;2020-10-28 15:49:36.983;EnCours;Mer;IMPORTATEUR_ANON_7533;NINEA_ANON_993;001-I
2468047;Importation;2020-10-09 11:55:01.137;EnCours;Mer;IMPORTATEUR_ANON_134;NINEA_ANON_630;001-I
2648593;Importation;2021-11-22 18:10:02.870;Initialise;Mer;IMPORTATEUR_ANON_199;NINEA_ANON_107;001-I
2345868;Importation;2020-01-14 17:01:53.507;Initialise;Mer;IMPORTATEUR_ANON_3591;NINEA_ANON_42;001-I
2395619;Importation;2020-04-23 10:26:34.603;EnCours;Mer;IMPORTATEUR_ANON_2894;NINEA_ANON_854;001-I
2413416;Importation;2020-06-04 12:02:41.960;EnCours;Mer;IMPORTATEUR_ANON_5362;NINEA_ANON_120;001-I
2402973;Importation;2020-05-07 11:25:16.147;EnCours;Mer;IMPORTATEUR_ANON_4477;NINEA_ANON_431;001-I
2536635;Importation;2021-03-15 12:01:32.680;EnCours;Mer;IMPORTATEUR_ANON_6539;NINEA_ANON_481;001-I
2526049;Transit;2021-02-17 15:43:11.100;Initialise;Mer;IMPORTATEUR_ANON_3144;NINEA_ANON_548;001-E
2354900;Importation;2020-01-30 18:57:23.440;EnCours;Mer;IMPORTATEUR_ANON_1656;NINEA_ANON_330;001-I
2554691;Transit;2021-04-21 13:13:01.017;Initialise;Mer;IMPORTATEUR_ANON_3144;NINEA_ANON_548;001-E
2565499;Importation;2021-05-17 15:00:24.587;EnCours;Mer;IMPORTATEUR_ANON_3768;NINEA_ANON_664;001-I
2512309;Importation;2021-01-19 13:38:49.840;Initialise;Mer;IMPORTATEUR_ANON_8624;NINEA_ANON_682;001-I
2622101;Importation;2021-09-23 08:36:22.283;Initialise;Mer;IMPORTATEUR_ANON_8801;NINEA_ANON_398;001-I
2425442;Importation;2020-07-01 14:12:24.110;EnCours;Mer;IMPORTATEUR_ANON_9982;NINEA_ANON_511;001-I
2437269;Importation;2020-07-28 16:07:53.940;EnCours;Mer;IMPORTATEUR_ANON_2738;NINEA_ANON_464;001-I
2522487;Importation;2021-02-10 08:44:36.767;EnCours;Mer;IMPORTATEUR_ANON_2088;NINEA_ANON_726;001-I
2544422;Importation;2021-03-30 12:02:57.703;EnCours;Mer;IMPORTATEUR_ANON_3600;NINEA_ANON_984;
2550298;Importation;2021-04-13 11:02:21.867;EnCours;Mer;IMPORTATEUR_ANON_2357;NINEA_ANON_228;001-I
2448442;Importation;2020-08-24 15:34:12.793;EnCours;Mer;IMPORTATEUR_ANON_4559;NINEA_ANON_798;001-I
2439584;Exportation;2020-08-05 13:11:02.067;EnCours;Mer;IMPORTATEUR_ANON_4303;NINEA_ANON_603;001-E
2444603;Importation;2020-08-14 11:30:13.987;Initialise;Mer;IMPORTATEUR_ANON_7569;NINEA_ANON_511;001-I
2381355;Importation;2020-03-19 15:26:03.550;EnCours;Mer;IMPORTATEUR_ANON_1965;NINEA_ANON_996;001-I
2587306;Importation;2021-07-01 16:10:27.780;EnCours;Mer;IMPORTATEUR_ANON_278;NINEA_ANON_59;001-I
2610668;Importation;2021-08-27 15:29:17.143;EnCours;Mer;IMPORTATEUR_ANON_3768;NINEA_ANON_664;001-I
2628752;Importation;2021-10-08 16:19:15.143;EnCours;Mer;IMPORTATEUR_ANON_3784;NINEA_ANON_511;001-I
2397944;Importation;2020-04-29 09:33:45.603;Initialise;Mer;IMPORTATEUR_ANON_1914;NINEA_ANON_93;001-I
2659796;Importation;2021-12-15 19:01:11.893;EnCours;Mer;IMPORTATEUR_ANON_278;NINEA_ANON_59;001-I
2642300;Exportation;2021-11-10 10:30:49.873;EnCours;Mer;IMPORTATEUR_ANON_9564;NINEA_ANON_214;001-E
2358247;Importation;2020-02-06 15:16:41.330;EnCours;Mer;IMPORTATEUR_ANON_134;NINEA_ANON_630;001-I
2392092;Importation;2020-04-15 12:41:20.680;EnCours;Mer;IMPORTATEUR_ANON_428;NINEA_ANON_244;001-I
2456699;Importation;2020-09-11 11:42:27.570;Initialise;Mer;IMPORTATEUR_ANON_5781;NINEA_ANON_204;001-I
2462897;Importation;2020-09-25 13:11:22.830;EnCours;Mer;IMPORTATEUR_ANON_3768;NINEA_ANON_664;001-I
2583859;Importation;2021-06-24 13:23:01.370;Initialise;Mer;IMPORTATEUR_ANON_2596;NINEA_ANON_642;001-I
2388416;Importation;2020-04-06 11:02:42.287;EnCours;Mer;IMPORTATEUR_ANON_3488;NINEA_ANON_34;001-I
2435061;Importation;2020-07-23 10:33:11.360;EnCours;Mer;IMPORTATEUR_ANON_7533;NINEA_ANON_993;001-I
2459887;Importation;2020-09-18 15:35:16.447;EnCours;Mer;IMPORTATEUR_ANON_7929;NINEA_ANON_740;001-I
2501634;Importation;2020-12-22 16:18:29.887;Initialise;Mer;IMPORTATEUR_ANON_7323;NINEA_ANON_953;001-I
2536093;Importation;2021-03-12 15:51:14.953;EnCours;Mer;IMPORTATEUR_ANON_4344;NINEA_ANON_927;001-I
2605339;Exportation;2021-08-13 17:50:15.997;EnCours;Mer;IMPORTATEUR_ANON_8713;NINEA_ANON_733;001-E
2682557;Importation;2022-02-09 10:47:44.050;Initialise;Mer;IMPORTATEUR_ANON_6511;NINEA_ANON_364;001-I
2684823;Importation;2022-02-14 09:53:02.720;EnCours;Mer;IMPORTATEUR_ANON_5653;NINEA_ANON_803;001-I
2694031;Importation;2022-02-28 17:33:32.767;EnCours;Mer;IMPORTATEUR_ANON_3144;NINEA_ANON_548;001-I
2598367;Réexportation;2021-07-29 11:40:02.043;EnCours;Mer;IMPORTATEUR_ANON_8941;NINEA_ANON_777;001-E
2513703;Importation;2021-01-21 15:14:51.833;Initialise;Mer;IMPORTATEUR_ANON_1008;NINEA_ANON_306;001-I
2556464;Importation;2021-04-26 11:01:52.773;EnCours;Mer;IMPORTATEUR_ANON_3768;NINEA_ANON_664;001-I
2360580;Importation;2020-02-11 13:17:23.637;EnCours;Mer;IMPORTATEUR_ANON_9236;NINEA_ANON_615;001-I
2384281;Importation;2020-03-26 10:29:20.093;EnCours;Mer;IMPORTATEUR_ANON_9282;NINEA_ANON_376;001-I
2531400;Réexportation;2021-03-02 10:27:31.397;Initialise;Mer;IMPORTATEUR_ANON_5484;NINEA_ANON_42;001-E
2546715;Importation;2021-04-06 09:51:03.667;EnCours;Mer;IMPORTATEUR_ANON_3333;NINEA_ANON_21;
2674532;Importation;2022-01-20 13:02:31.923;EnCours;Mer;IMPORTATEUR_ANON_3768;NINEA_ANON_664;001-I
2360045;Importation;2020-02-10 17:55:10.180;EnCours;Mer;IMPORTATEUR_ANON_6881;NINEA_ANON_957;001-I
2546154;Importation;2021-04-02 10:21:15.150;EnCours;Mer;IMPORTATEUR_ANON_4549;NINEA_ANON_819;001-I
2348555;Transit;2020-01-20 12:55:47.563;Initialise;Mer;IMPORTATEUR_ANON_6813;NINEA_ANON_637;001-E
2579350;Exportation;2021-06-15 14:59:25.700;EnCours;Mer;IMPORTATEUR_ANON_4979;NINEA_ANON_181;001-E
2466926;Importation;2020-10-07 12:48:01.847;EnCours;Mer;IMPORTATEUR_ANON_9586;NINEA_ANON_413;001-I
2392244;Importation;2020-04-15 14:43:02.797;EnCours;Mer;IMPORTATEUR_ANON_5212;NINEA_ANON_424;001-I
2517830;Exportation;2021-01-29 17:56:45.063;EnCours;Mer;IMPORTATEUR_ANON_465;NINEA_ANON_38;001-E
2575622;Importation;2021-06-08 11:07:41.773;EnCours;Mer;IMPORTATEUR_ANON_2204;NINEA_ANON_878;
2435788;Importation;2020-07-24 12:56:38.087;Initialise;Mer;IMPORTATEUR_ANON_1039;NINEA_ANON_47;001-I
2551625;Importation;2021-04-15 10:54:49.233;EnCours;Mer;IMPORTATEUR_ANON_8801;NINEA_ANON_265;001-I
2553259;Importation;2021-04-19 12:30:57.733;EnCours;Mer;IMPORTATEUR_ANON_9492;NINEA_ANON_788;001-I
2340263;Importation;2020-01-03 12:45:01.783;EnCours;Mer;IMPORTATEUR_ANON_9630;NINEA_ANON_261;001-I
2626818;Importation;2021-10-05 12:58:20.733;EnCours;Mer;IMPORTATEUR_ANON_134;NINEA_ANON_630;001-I
2652575;Importation;2021-11-30 16:08:40.150;EnCours;Mer;IMPORTATEUR_ANON_7161;NINEA_ANON_490;001-I
2378104;Importation;2020-03-13 11:04:47.000;EnCours;Mer;IMPORTATEUR_ANON_3923;NINEA_ANON_709;001-I
2514303;Importation;2021-01-22 13:21:08.320;EnCours;Mer;IMPORTATEUR_ANON_9628;NINEA_ANON_405;001-I
2612498;Importation;2021-09-01 15:55:47.770;EnCours;Mer;IMPORTATEUR_ANON_8269;NINEA_ANON_745;001-I
2634967;Importation;2021-10-25 10:36:11.217;EnCours;Mer;IMPORTATEUR_ANON_7166;NINEA_ANON_390;001-I
2384872;Importation;2020-03-27 10:57:03.390;EnCours;Mer;IMPORTATEUR_ANON_3657;NINEA_ANON_826;001-I
2450756;Importation;2020-08-28 16:01:27.130;EnCours;Mer;IMPORTATEUR_ANON_9628;NINEA_ANON_405;001-I
2594249;Importation;2021-07-16 09:52:20.177;EnCours;Mer;IMPORTATEUR_ANON_9684;NINEA_ANON_294;001-I
2650351;Importation;2021-11-25 15:48:30.420;Initialise;Mer;IMPORTATEUR_ANON_1515;NINEA_ANON_613;001-I
2434000;Importation;2020-07-21 11:56:25.783;EnCours;Mer;IMPORTATEUR_ANON_5484;NINEA_ANON_42;001-I
2433088;Importation;2020-07-18 10:30:31.863;EnCours;Mer;IMPORTATEUR_ANON_7533;NINEA_ANON_993;001-I
2429646;Importation;2020-07-10 11:35:42.640;EnCours;Mer;IMPORTATEUR_ANON_1778;NINEA_ANON_278;001-I
2428106;Exportation;2020-07-07 15:19:29.980;EnCours;Mer;IMPORTATEUR_ANON_9433;NINEA_ANON_514;001-E
2690259;Importation;2022-02-22 10:05:52.870;EnCours;Mer;IMPORTATEUR_ANON_2534;NINEA_ANON_361;001-I
2462990;Importation;2020-09-25 16:01:14.463;EnCours;Mer;IMPORTATEUR_ANON_8922;NINEA_ANON_859;001-I
2570888;Importation;2021-05-28 10:30:17.467;EnCours;Mer;IMPORTATEUR_ANON_2623;NINEA_ANON_14;001-I
2410188;Importation;2020-05-27 10:43:11.873;EnCours;Mer;IMPORTATEUR_ANON_9832;NINEA_ANON_570;001-I
2594320;Exportation;2021-07-16 10:48:34.393;EnCours;Mer;IMPORTATEUR_ANON_3768;NINEA_ANON_664;001-E
2548064;Exportation;2021-04-07 18:04:42.170;EnCours;Mer;IMPORTATEUR_ANON_9564;NINEA_ANON_214;001-E
2554262;Importation;2021-04-20 16:49:45.190;Initialise;Mer;IMPORTATEUR_ANON_6539;NINEA_ANON_481;001-I
2415282;Importation;2020-06-09 10:51:27.043;EnCours;Mer;IMPORTATEUR_ANON_5760;NINEA_ANON_572;001-I
2348931;Exportation;2020-01-20 17:44:37.217;EnCours;Mer;IMPORTATEUR_ANON_2324;NINEA_ANON_897;001-E
2522393;Importation;2021-02-09 16:28:45.463;Initialise;Mer;IMPORTATEUR_ANON_9849;NINEA_ANON_609;001-I
2560277;Importation;2021-05-03 17:36:09.380;Initialise;Mer;IMPORTATEUR_ANON_6911;NINEA_ANON_365;001-I
2685024;Importation;2022-02-14 12:01:39.070;EnCours;Mer;IMPORTATEUR_ANON_6109;NINEA_ANON_312;001-I
2488136;Importation;2020-11-23 14:58:18.880;Initialise;Mer;IMPORTATEUR_ANON_2461;NINEA_ANON_406;001-I
2656693;Importation;2021-12-09 12:07:59.477;EnCours;Mer;IMPORTATEUR_ANON_1133;NINEA_ANON_122;001-I
2609037;Importation;2021-08-24 17:36:14.207;EnCours;Mer;IMPORTATEUR_ANON_7929;NINEA_ANON_740;001-I
2380473;Importation;2020-03-18 11:42:57.547;EnCours;Mer;IMPORTATEUR_ANON_8282;NINEA_ANON_131;001-I
2377661;Transit;2020-03-12 14:43:26.953;Initialise;Mer;IMPORTATEUR_ANON_7102;NINEA_ANON_20;001-E
2454161;Exportation;2020-09-07 12:13:05.003;EnCours;Mer;IMPORTATEUR_ANON_1146;NINEA_ANON_676;001-E
2345652;Importation;2020-01-14 14:34:19.667;EnCours;Mer;IMPORTATEUR_ANON_134;NINEA_ANON_630;001-I
2633590;Importation;2021-10-21 10:03:55.443;EnCours;Mer;IMPORTATEUR_ANON_6708;NINEA_ANON_326;001-I
2604840;Importation;2021-08-13 09:15:33.903;EnCours;Mer;IMPORTATEUR_ANON_6770;NINEA_ANON_768;001-I
2627761;Importation;2021-10-07 09:37:02.577;EnCours;Mer;IMPORTATEUR_ANON_4432;NINEA_ANON_112;001-I
2365141;Exportation;2020-02-19 12:28:36.710;EnCours;Mer;IMPORTATEUR_ANON_5405;NINEA_ANON_471;001-E
2388079;Importation;2020-04-03 13:19:17.627;EnCours;Mer;IMPORTATEUR_ANON_1308;NINEA_ANON_693;001-I
2417532;Importation;2020-06-13 14:13:35.220;EnCours;Mer;IMPORTATEUR_ANON_134;NINEA_ANON_630;001-I
2517220;Importation;2021-01-28 17:24:16.983;Initialise;Mer;IMPORTATEUR_ANON_8804;NINEA_ANON_957;001-I
2569496;Exportation;2021-05-26 09:46:38.170;EnCours;Mer;IMPORTATEUR_ANON_4979;NINEA_ANON_181;001-E
2349519;Importation;2020-01-21 14:20:53.357;EnCours;Mer;IMPORTATEUR_ANON_5599;NINEA_ANON_391;001-I
2479741;Importation;2020-11-05 12:28:12.260;EnCours;Mer;IMPORTATEUR_ANON_9968;NINEA_ANON_50;001-I
2652120;Exportation;2021-11-30 09:59:26.120;Initialise;Mer;IMPORTATEUR_ANON_1913;NINEA_ANON_693;001-E
2439423;Importation;2020-08-05 10:51:48.497;EnCours;Mer;IMPORTATEUR_ANON_4834;NINEA_ANON_425;001-I
2667744;Importation;2022-01-05 09:27:56.027;EnCours;Mer;IMPORTATEUR_ANON_2623;NINEA_ANON_14;001-I
2361628;Importation;2020-02-12 16:24:13.383;Initialise;Mer;IMPORTATEUR_ANON_5915;NINEA_ANON_547;001-I
2578021;Importation;2021-06-11 17:16:07.413;EnCours;Mer;IMPORTATEUR_ANON_7891;NINEA_ANON_637;001-I
2433794;Importation;2020-07-21 09:17:57.600;EnCours;Mer;IMPORTATEUR_ANON_134;NINEA_ANON_630;001-I
2674845;Importation;2022-01-21 09:08:07.547;EnCours;Mer;IMPORTATEUR_ANON_2308;NINEA_ANON_475;001-I
2353813;Importation;2020-01-29 11:41:43.247;EnCours;Mer;IMPORTATEUR_ANON_8713;NINEA_ANON_398;001-I
2465778;Importation;2020-10-02 10:28:03.190;EnCours;Mer;IMPORTATEUR_ANON_5766;NINEA_ANON_50;001-I
2690807;Importation;2022-02-22 16:10:27.693;EnCours;Mer;IMPORTATEUR_ANON_8941;NINEA_ANON_777;001-I
2633957;Importation;2021-10-21 14:17:32.017;EnCours;Mer;IMPORTATEUR_ANON_7846;NINEA_ANON_442;001-I
2539216;Importation;2021-03-18 16:57:31.733;EnCours;Mer;IMPORTATEUR_ANON_4057;NINEA_ANON_377;001-I
2468814;Importation;2020-10-12 12:19:42.467;EnCours;Mer;IMPORTATEUR_ANON_7564;NINEA_ANON_19;001-I
2362412;Exportation;2020-02-13 17:25:45.870;EnCours;Mer;IMPORTATEUR_ANON_4843;NINEA_ANON_317;001-E
2410951;Importation;2020-05-28 13:50:42.943;EnCours;Mer;IMPORTATEUR_ANON_5391;NINEA_ANON_749;001-I
2640706;Importation;2021-11-05 16:18:12.473;EnCours;Mer;IMPORTATEUR_ANON_7811;NINEA_ANON_620;001-I
2440557;Importation;2020-08-07 11:09:24.420;Initialise;Mer;IMPORTATEUR_ANON_8699;NINEA_ANON_91;001-I
2635198;Importation;2021-10-25 12:37:42.490;EnCours;Mer;IMPORTATEUR_ANON_8895;NINEA_ANON_135;001-I
2414436;Importation;2020-06-08 09:17:57.153;EnCours;Mer;IMPORTATEUR_ANON_5599;NINEA_ANON_391;001-I
2432314;Importation;2020-07-16 13:26:26.520;Initialise;Mer;IMPORTATEUR_ANON_1905;NINEA_ANON_303;001-I
2497695;Importation;2020-12-14 14:53:01.573;EnCours;Mer;IMPORTATEUR_ANON_3951;NINEA_ANON_125;001-I
2462116;Exportation;2020-09-24 11:25:26.127;EnCours;Mer;IMPORTATEUR_ANON_621;NINEA_ANON_122;001-E
2453353;Importation;2020-09-04 09:43:44.760;EnCours;Mer;IMPORTATEUR_ANON_7470;NINEA_ANON_25;001-I
2531512;Importation;2021-03-02 11:45:53.983;EnCours;Mer;IMPORTATEUR_ANON_4510;NINEA_ANON_189;001-I
2515634;Réexportation;2021-01-26 11:48:51.333;EnCours;Mer;IMPORTATEUR_ANON_8941;NINEA_ANON_777;001-E
2424697;Importation;2020-06-30 11:27:17.560;EnCours;Mer;IMPORTATEUR_ANON_4428;NINEA_ANON_802;001-I
2471089;Importation;2020-10-15 16:21:05.297;EnCours;Mer;IMPORTATEUR_ANON_9284;NINEA_ANON_956;001-I
2427321;Importation;2020-07-06 14:58:26.407;EnCours;Mer;IMPORTATEUR_ANON_3440;NINEA_ANON_136;001-I
2421014;Importation;2020-06-22 13:32:34.553;EnCours;Mer;IMPORTATEUR_ANON_8659;NINEA_ANON_544;001-I
2488861;Importation;2020-11-24 15:53:15.353;EnCours;Mer;IMPORTATEUR_ANON_5804;NINEA_ANON_779;001-I
2656084;Importation;2021-12-08 11:13:25.480;EnCours;Mer;IMPORTATEUR_ANON_497;NINEA_ANON_543;001-I
2451258;Importation;2020-08-31 13:04:36.920;EnCours;Mer;IMPORTATEUR_ANON_134;NINEA_ANON_630;001-I
2435383;Importation;2020-07-23 15:32:21.250;EnCours;Mer;IMPORTATEUR_ANON_3287;NINEA_ANON_511;001-I
2530593;Exportation;2021-02-26 17:55:06.717;EnCours;Mer;IMPORTATEUR_ANON_6196;NINEA_ANON_514;001-E
2540847;Importation;2021-03-23 08:13:11.663;EnCours;Mer;IMPORTATEUR_ANON_2303;NINEA_ANON_355;
2439508;Importation;2020-08-05 11:56:42.280;EnCours;Mer;IMPORTATEUR_ANON_1653;NINEA_ANON_870;001-I
2485094;Importation;2020-11-16 15:09:43.530;Initialise;Mer;IMPORTATEUR_ANON_7917;NINEA_ANON_962;001-I
2391375;Exportation;2020-04-14 13:08:40.510;EnCours;Mer;IMPORTATEUR_ANON_1827;NINEA_ANON_956;001-E
2451886;Importation;2020-09-01 13:55:45.200;EnCours;Mer;IMPORTATEUR_ANON_6871;NINEA_ANON_512;001-I
2553003;Importation;2021-04-19 10:23:44.780;EnCours;Mer;IMPORTATEUR_ANON_3440;NINEA_ANON_136;
2596916;Importation;2021-07-27 08:54:14.770;EnCours;Mer;IMPORTATEUR_ANON_4475;NINEA_ANON_944;001-I
2484651;Exportation;2020-11-16 08:53:42.827;EnCours;Mer;IMPORTATEUR_ANON_5426;NINEA_ANON_897;001-E
2407053;Exportation;2020-05-18 10:02:51.837;EnCours;Mer;IMPORTATEUR_ANON_7798;NINEA_ANON_258;001-E
2581507;Importation;2021-06-21 09:45:10.687;EnCours;Mer;IMPORTATEUR_ANON_278;NINEA_ANON_355;001-I
2686060;Importation;2022-02-15 13:36:55.037;Initialise;Mer;IMPORTATEUR_ANON_9864;NINEA_ANON_599;001-I
2368177;Exportation;2020-02-25 13:38:20.757;EnCours;Mer;IMPORTATEUR_ANON_4979;NINEA_ANON_181;001-E
2428237;Importation;2020-07-07 18:37:24.803;EnCours;Mer;IMPORTATEUR_ANON_278;NINEA_ANON_355;001-I
2430431;Importation;2020-07-13 13:23:59.967;EnCours;Mer;IMPORTATEUR_ANON_5484;NINEA_ANON_42;001-I
2410820;Importation;2020-05-28 11:51:36.290;Initialise;Mer;IMPORTATEUR_ANON_2108;NINEA_ANON_997;001-I
2471452;Importation;2020-10-16 13:17:20.440;EnCours;Mer;IMPORTATEUR_ANON_6754;NINEA_ANON_971;001-I
2436120;Transit;2020-07-27 08:54:07.477;Initialise;Mer;IMPORTATEUR_ANON_263;NINEA_ANON_708;001-E
2342965;Importation;2020-01-09 10:32:32.797;EnCours;Mer;IMPORTATEUR_ANON_9218;NINEA_ANON_750;
2657218;Importation;2021-12-10 09:45:38.070;EnCours;Mer;IMPORTATEUR_ANON_7464;NINEA_ANON_545;001-I
2663792;Importation;2021-12-24 11:21:15.953;EnCours;Mer;IMPORTATEUR_ANON_6310;NINEA_ANON_613;001-I
2388510;Importation;2020-04-06 12:19:17.103;EnCours;Mer;IMPORTATEUR_ANON_134;NINEA_ANON_630;001-I
2650940;Importation;2021-11-26 15:59:39.517;EnCours;Mer;IMPORTATEUR_ANON_9628;NINEA_ANON_405;001-I
2474331;Importation;2020-10-23 09:40:46.170;Initialise;Mer;IMPORTATEUR_ANON_5135;NINEA_ANON_797;001-I
2404414;Importation;2020-05-11 13:12:34.920;EnCours;Mer;IMPORTATEUR_ANON_1146;NINEA_ANON_676;001-I
2347625;Importation;2020-01-17 10:40:16.910;EnCours;Mer;IMPORTATEUR_ANON_2575;NINEA_ANON_985;001-I
2645758;Importation;2021-11-17 10:30:09.313;Initialise;Mer;IMPORTATEUR_ANON_6130;NINEA_ANON_98;001-I
2655628;Importation;2021-12-07 14:03:07.870;EnCours;Mer;IMPORTATEUR_ANON_51;NINEA_ANON_44;001-I
2546934;Importation;2021-04-06 12:20:14.000;EnCours;Mer;IMPORTATEUR_ANON_2854;NINEA_ANON_535;001-I
2355367;Importation;2020-01-31 15:59:22.110;EnCours;Mer;IMPORTATEUR_ANON_3866;NINEA_ANON_565;001-I
2413274;Importation;2020-06-04 10:15:10.303;EnCours;Mer;IMPORTATEUR_ANON_1818;NINEA_ANON_980;001-I
2462572;Importation;2020-09-25 09:30:39.500;Initialise;Mer;IMPORTATEUR_ANON_9273;NINEA_ANON_593;001-I
2624241;Importation;2021-09-29 12:46:57.203;EnCours;Mer;IMPORTATEUR_ANON_3383;NINEA_ANON_605;001-I
2425606;Importation;2020-07-01 16:26:37.513;EnCours;Mer;IMPORTATEUR_ANON_9284;NINEA_ANON_956;001-I
2523989;Exportation;2021-02-12 13:44:13.197;EnCours;Mer;IMPORTATEUR_ANON_3657;NINEA_ANON_826;001-E
2375240;Exportation;2020-03-09 15:29:25.020;EnCours;Mer;IMPORTATEUR_ANON_5100;NINEA_ANON_717;001-E
2685190;Exportation;2022-02-14 14:22:35.820;EnCours;Mer;IMPORTATEUR_ANON_6911;NINEA_ANON_365;001-E
2642438;Importation;2021-11-10 11:56:31.713;EnCours;Mer;IMPORTATEUR_ANON_4209;NINEA_ANON_188;001-I
2520321;Importation;2021-02-04 13:15:37.963;EnCours;Mer;IMPORTATEUR_ANON_7464;NINEA_ANON_545;001-I
2594772;Exportation;2021-07-19 08:35:15.300;EnCours;Mer;IMPORTATEUR_ANON_7651;NINEA_ANON_514;001-E
2655624;Importation;2021-12-07 13:56:07.053;EnCours;Mer;IMPORTATEUR_ANON_1635;NINEA_ANON_760;001-I
2465424;Importation;2020-10-01 13:40:14.197;EnCours;Mer;IMPORTATEUR_ANON_4424;NINEA_ANON_51;001-I
2578311;Importation;2021-06-14 10:44:46.830;EnCours;Mer;IMPORTATEUR_ANON_4834;NINEA_ANON_568;001-I
2427639;Exportation;2020-07-07 09:33:22.033;EnCours;Mer;IMPORTATEUR_ANON_5174;NINEA_ANON_968;001-E
2560988;Importation;2021-05-05 09:11:23.420;EnCours;Mer;IMPORTATEUR_ANON_1818;NINEA_ANON_980;001-I
2633979;Importation;2021-10-21 14:38:32.863;EnCours;Mer;IMPORTATEUR_ANON_4424;NINEA_ANON_51;001-I
2560064;Importation;2021-05-03 14:27:32.760;EnCours;Mer;IMPORTATEUR_ANON_8735;NINEA_ANON_614;001-I
2367175;Importation;2020-02-24 11:58:08.513;EnCours;Mer;IMPORTATEUR_ANON_317;NINEA_ANON_442;001-I
2560323;Exportation;2021-05-04 08:14:34.260;EnCours;Mer;IMPORTATEUR_ANON_4303;NINEA_ANON_383;001-E
2340484;Importation;2020-01-03 16:47:56.913;EnCours;Mer;IMPORTATEUR_ANON_5250;NINEA_ANON_979;001-I
2431682;Importation;2020-07-15 13:33:26.310;EnCours;Mer;IMPORTATEUR_ANON_4510;NINEA_ANON_189;001-I
2385809;Importation;2020-03-30 15:27:13.567;EnCours;Mer;IMPORTATEUR_ANON_1818;NINEA_ANON_980;001-I
2656966;Importation;2021-12-09 15:21:19.210;EnCours;Mer;IMPORTATEUR_ANON_6966;NINEA_ANON_949;001-I
2399381;Importation;2020-05-04 11:58:40.920;Initialise;Mer;IMPORTATEUR_ANON_7207;NINEA_ANON_421;001-I
2685312;Importation;2022-02-14 16:09:20.563;EnCours;Mer;IMPORTATEUR_ANON_1614;NINEA_ANON_766;001-I
2548791;Importation;2021-04-09 09:47:18.410;EnCours;Mer;IMPORTATEUR_ANON_8011;NINEA_ANON_856;001-I
2351500;Importation;2020-01-24 11:42:04.433;EnCours;Mer;IMPORTATEUR_ANON_347;NINEA_ANON_745;001-I
2558093;Importation;2021-04-28 14:00:21.357;EnCours;Mer;IMPORTATEUR_ANON_1614;NINEA_ANON_766;001-I
2455107;Importation;2020-09-08 17:51:14.950;Initialise;Mer;IMPORTATEUR_ANON_3846;NINEA_ANON_762;001-I
2346719;Importation;2020-01-16 09:35:26.940;EnCours;Mer;IMPORTATEUR_ANON_1146;NINEA_ANON_676;001-I
2487551;Importation;2020-11-20 17:10:08.917;Initialise;Mer;IMPORTATEUR_ANON_251;NINEA_ANON_736;001-I
2581526;Exportation;2021-06-21 09:58:51.987;Initialise;Mer;IMPORTATEUR_ANON_2630;NINEA_ANON_109;001-E
2426733;Importation;2020-07-03 16:31:14.337;EnCours;Mer;IMPORTATEUR_ANON_5194;NINEA_ANON_758;001-I
2353605;Importation;2020-01-29 09:49:02.550;EnCours;Mer;IMPORTATEUR_ANON_8166;NINEA_ANON_489;001-I
2518591;Importation;2021-02-01 15:39:44.080;EnCours;Mer;IMPORTATEUR_ANON_3863;NINEA_ANON_628;001-I
2594126;Importation;2021-07-15 17:01:26.307;EnCours;Mer;IMPORTATEUR_ANON_347;NINEA_ANON_745;001-I
2484824;Importation;2020-11-16 11:23:26.190;Initialise;Mer;IMPORTATEUR_ANON_9488;NINEA_ANON_574;001-I
2485548;Exportation;2020-11-17 12:24:10.787;EnCours;Mer;IMPORTATEUR_ANON_9875;NINEA_ANON_221;001-E
2616180;Importation;2021-09-09 14:47:16.963;EnCours;Mer;IMPORTATEUR_ANON_1267;NINEA_ANON_775;001-I
2655398;Importation;2021-12-07 11:23:25.430;EnCours;Mer;IMPORTATEUR_ANON_7528;NINEA_ANON_447;001-I
2516915;Exportation;2021-01-28 11:24:50.750;EnCours;Mer;IMPORTATEUR_ANON_9564;NINEA_ANON_214;001-E
2553368;Importation;2021-04-19 13:42:06.003;EnCours;Mer;IMPORTATEUR_ANON_6903;NINEA_ANON_370;001-I
2652002;Importation;2021-11-29 19:35:13.590;EnCours;Mer;IMPORTATEUR_ANON_7392;NINEA_ANON_857;001-I
2396838;Exportation;2020-04-27 11:38:37.217;EnCours;Mer;IMPORTATEUR_ANON_6196;NINEA_ANON_514;001-E
2600840;Importation;2021-08-04 11:50:54.800;EnCours;Mer;IMPORTATEUR_ANON_9750;NINEA_ANON_874;001-I
2460558;Importation;2020-09-21 16:30:06.660;Initialise;Mer;IMPORTATEUR_ANON_7716;NINEA_ANON_630;001-I
2669349;Importation;2022-01-10 11:51:32.800;Initialise;Mer;IMPORTATEUR_ANON_3951;NINEA_ANON_125;001-I
2489543;Exportation;2020-11-25 15:43:19.300;Initialise;Mer;IMPORTATEUR_ANON_1009;NINEA_ANON_686;001-E
2358526;Exportation;2020-02-07 09:42:51.530;EnCours;Mer;IMPORTATEUR_ANON_8941;NINEA_ANON_777;001-E
2591386;Importation;2021-07-09 13:00:46.070;EnCours;Mer;IMPORTATEUR_ANON_5210;NINEA_ANON_5;001-I
2677294;Importation;2022-01-27 10:34:08.800;EnCours;Mer;IMPORTATEUR_ANON_8494;NINEA_ANON_245;001-I
2485645;Importation;2020-11-17 14:10:12.603;EnCours;Mer;IMPORTATEUR_ANON_4088;NINEA_ANON_838;001-I
2355018;Importation;2020-01-31 10:09:59.840;EnCours;Mer;IMPORTATEUR_ANON_7885;NINEA_ANON_262;
2392164;Importation;2020-04-15 13:35:09.173;EnCours;Mer;IMPORTATEUR_ANON_6468;NINEA_ANON_904;001-I
2526499;Exportation;2021-02-18 12:27:16.820;EnCours;Mer;IMPORTATEUR_ANON_2608;NINEA_ANON_484;001-E
2590846;Importation;2021-07-08 15:55:24.543;EnCours;Mer;IMPORTATEUR_ANON_9586;NINEA_ANON_797;001-I
2476728;Importation;2020-10-28 16:00:46.033;EnCours;Mer;IMPORTATEUR_ANON_6322;NINEA_ANON_752;001-I
2437627;Importation;2020-07-29 12:08:28.810;EnCours;Mer;IMPORTATEUR_ANON_4834;NINEA_ANON_425;001-I
2663987;Importation;2021-12-24 15:30:26.997;EnCours;Mer;IMPORTATEUR_ANON_3413;NINEA_ANON_965;001-I
2348083;Importation;2020-01-18 10:21:30.097;EnCours;Mer;IMPORTATEUR_ANON_2623;NINEA_ANON_939;001-I
2364069;Transit;2020-02-18 10:14:48.620;Initialise;Mer;IMPORTATEUR_ANON_7719;NINEA_ANON_292;001-E
2597227;Importation;2021-07-27 12:45:14.273;EnCours;Mer;IMPORTATEUR_ANON_7533;NINEA_ANON_993;001-I
2614163;Importation;2021-09-06 12:35:27.193;EnCours;Mer;IMPORTATEUR_ANON_134;NINEA_ANON_630;001-I
2535257;Importation;2021-03-11 11:52:49.743;EnCours;Mer;IMPORTATEUR_ANON_3313;NINEA_ANON_386;001-I
2685037;Importation;2022-02-14 12:13:50.530;EnCours;Mer;IMPORTATEUR_ANON_4494;NINEA_ANON_821;001-I
2451172;Importation;2020-08-31 12:07:18.497;EnCours;Mer;IMPORTATEUR_ANON_6983;NINEA_ANON_102;001-I
2569691;Importation;2021-05-26 12:06:02.173;EnCours;Mer;IMPORTATEUR_ANON_9750;NINEA_ANON_894;001-I
2507125;Importation;2021-01-08 10:44:45.587;EnCours;Mer;IMPORTATEUR_ANON_2019;NINEA_ANON_904;001-I
2643217;Importation;2021-11-11 12:50:21.563;EnCours;Mer;IMPORTATEUR_ANON_7166;NINEA_ANON_808;001-I
2583698;Importation;2021-06-24 11:23:46.557;EnCours;Mer;IMPORTATEUR_ANON_5427;NINEA_ANON_973;001-I
2427675;Importation;2020-07-07 09:54:27.883;EnCours;Mer;IMPORTATEUR_ANON_710;NINEA_ANON_311;001-I
2637555;Importation;2021-10-29 08:59:44.237;EnCours;Mer;IMPORTATEUR_ANON_3784;NINEA_ANON_511;001-I
2672872;Exportation;2022-01-18 08:13:16.693;EnCours;Mer;IMPORTATEUR_ANON_3858;NINEA_ANON_258;001-E
2404958;Importation;2020-05-12 12:14:29.043;EnCours;Mer;IMPORTATEUR_ANON_6283;NINEA_ANON_786;001-I
2460532;Importation;2020-09-21 16:06:12.020;Initialise;Mer;IMPORTATEUR_ANON_7464;NINEA_ANON_545;001-I
2461884;Importation;2020-09-23 16:48:22.393;Initialise;Mer;IMPORTATEUR_ANON_4497;NINEA_ANON_940;001-I
2414217;Importation;2020-06-05 16:04:29.300;EnCours;Mer;IMPORTATEUR_ANON_4510;NINEA_ANON_189;001-I
2469068;Importation;2020-10-12 15:35:39.560;EnCours;Mer;IMPORTATEUR_ANON_728;NINEA_ANON_733;001-I
2376372;Importation;2020-03-10 18:21:13.873;Initialise;Mer;IMPORTATEUR_ANON_4297;NINEA_ANON_538;001-I
2497459;Importation;2020-12-14 11:36:14.753;EnCours;Mer;IMPORTATEUR_ANON_9564;NINEA_ANON_214;
2627999;Importation;2021-10-07 12:48:40.210;EnCours;Mer;IMPORTATEUR_ANON_1261;NINEA_ANON_7;001-I
2470729;Importation;2020-10-15 10:49:37.253;EnCours;Mer;IMPORTATEUR_ANON_9504;NINEA_ANON_282;001-I
2551477;Importation;2021-04-15 09:10:21.337;EnCours;Mer;IMPORTATEUR_ANON_134;NINEA_ANON_630;001-I
2385639;Importation;2020-03-30 12:36:20.533;EnCours;Mer;IMPORTATEUR_ANON_3951;NINEA_ANON_125;001-I
2592235;Importation;2021-07-12 15:32:02.530;EnCours;Mer;IMPORTATEUR_ANON_7464;NINEA_ANON_545;001-I
2610108;Importation;2021-08-26 16:06:15.467;EnCours;Mer;IMPORTATEUR_ANON_4744;NINEA_ANON_222;001-I
2542460;Importation;2021-03-25 13:15:52.513;EnCours;Mer;IMPORTATEUR_ANON_1031;NINEA_ANON_810;001-I
2632513;Exportation;2021-10-18 14:48:33.250;EnCours;Mer;IMPORTATEUR_ANON_7333;NINEA_ANON_396;001-E
2491573;Exportation;2020-11-30 16:10:55.593;EnCours;Mer;IMPORTATEUR_ANON_9659;NINEA_ANON_729;001-E
2566831;Importation;2021-05-19 12:28:40.720;EnCours;Mer;IMPORTATEUR_ANON_5543;NINEA_ANON_142;001-I
2546976;Importation;2021-04-06 12:37:48.550;EnCours;Mer;IMPORTATEUR_ANON_1975;NINEA_ANON_636;001-I
2573796;Importation;2021-06-03 11:52:02.903;Initialise;Mer;IMPORTATEUR_ANON_7660;NINEA_ANON_423;001-I
2388154;Importation;2020-04-03 14:32:03.823;EnCours;Mer;IMPORTATEUR_ANON_347;NINEA_ANON_745;001-I
2394993;Importation;2020-04-22 10:30:04.213;EnCours;Mer;IMPORTATEUR_ANON_2653;NINEA_ANON_764;001-I
2510724;Exportation;2021-01-15 15:37:56.503;EnCours;Mer;IMPORTATEUR_ANON_2608;NINEA_ANON_484;001-E
2628758;Importation;2021-10-08 16:25:05.327;EnCours;Mer;IMPORTATEUR_ANON_5059;NINEA_ANON_663;001-I
2386887;Importation;2020-04-01 14:08:53.270;EnCours;Mer;IMPORTATEUR_ANON_2489;NINEA_ANON_838;001-I
2638006;Importation;2021-10-29 15:22:50.480;EnCours;Mer;IMPORTATEUR_ANON_1088;NINEA_ANON_280;001-I
2528253;Importation;2021-02-23 09:27:04.953;EnCours;Mer;IMPORTATEUR_ANON_4510;NINEA_ANON_189;001-I
2535517;Importation;2021-03-11 16:02:23.190;EnCours;Mer;IMPORTATEUR_ANON_6863;NINEA_ANON_240;001-I
2635007;Importation;2021-10-25 11:05:03.820;EnCours;Mer;IMPORTATEUR_ANON_4424;NINEA_ANON_51;001-I
2393340;Importation;2020-04-17 13:13:24.603;EnCours;Mer;IMPORTATEUR_ANON_9297;NINEA_ANON_396;001-I
2614024;Importation;2021-09-06 11:08:05.160;Initialise;Mer;IMPORTATEUR_ANON_3923;NINEA_ANON_709;001-I
2383616;Exportation;2020-03-25 09:44:50.917;EnCours;Mer;IMPORTATEUR_ANON_9433;NINEA_ANON_98;001-E
2632078;Exportation;2021-10-15 19:15:12.047;EnCours;Mer;IMPORTATEUR_ANON_3923;NINEA_ANON_709;001-E
2519464;Importation;2021-02-03 10:00:12.907;EnCours;Mer;IMPORTATEUR_ANON_9628;NINEA_ANON_405;001-I
2678086;Importation;2022-01-28 14:20:13.320;EnCours;Mer;IMPORTATEUR_ANON_1550;NINEA_ANON_702;001-I
2476044;Importation;2020-10-27 15:46:59.070;EnCours;Mer;IMPORTATEUR_ANON_1497;NINEA_ANON_490;001-I
2379355;Exportation;2020-03-16 17:30:12.410;EnCours;Mer;IMPORTATEUR_ANON_1218;NINEA_ANON_822;001-E
2457788;Exportation;2020-09-15 09:57:23.077;EnCours;Mer;IMPORTATEUR_ANON_9875;NINEA_ANON_221;001-E
2577275;Importation;2021-06-10 16:19:30.813;EnCours;Mer;IMPORTATEUR_ANON_3660;NINEA_ANON_379;001-I
2466377;Importation;2020-10-05 11:53:05.237;Initialise;Mer;IMPORTATEUR_ANON_9649;NINEA_ANON_897;001-I
2564979;Importation;2021-05-17 08:49:51.200;EnCours;Mer;IMPORTATEUR_ANON_9520;NINEA_ANON_266;001-I
2387003;Importation;2020-04-01 15:46:02.460;EnCours;Mer;IMPORTATEUR_ANON_8555;NINEA_ANON_946;001-I
2685501;Importation;2022-02-15 09:28:44.023;EnCours;Mer;IMPORTATEUR_ANON_9684;NINEA_ANON_294;001-I
2683115;Importation;2022-02-09 16:16:47.057;Initialise;Mer;IMPORTATEUR_ANON_79;NINEA_ANON_645;001-I
2691845;Importation;2022-02-24 09:40:35.587;Initialise;Mer;IMPORTATEUR_ANON_5572;NINEA_ANON_794;001-I
2498122;Importation;2020-12-15 11:09:16.070;EnCours;Mer;IMPORTATEUR_ANON_5760;NINEA_ANON_572;001-I
2672995;Importation;2022-01-18 10:33:07.050;EnCours;Mer;IMPORTATEUR_ANON_3715;NINEA_ANON_894;001-I
2404337;Importation;2020-05-11 12:36:03.173;EnCours;Mer;IMPORTATEUR_ANON_278;NINEA_ANON_355;001-I
2383839;Importation;2020-03-25 11:44:42.990;EnCours;Mer;IMPORTATEUR_ANON_9284;NINEA_ANON_956;001-I
2436758;Exportation;2020-07-28 09:44:17.633;EnCours;Mer;IMPORTATEUR_ANON_1219;NINEA_ANON_514;001-E
2454363;Importation;2020-09-07 16:05:38.033;Initialise;Mer;IMPORTATEUR_ANON_7987;NINEA_ANON_839;001-I
2473562;Importation;2020-10-21 15:42:45.547;EnCours;Mer;IMPORTATEUR_ANON_512;NINEA_ANON_599;001-I
2422134;Importation;2020-06-24 11:22:26.673;Initialise;Mer;IMPORTATEUR_ANON_819;NINEA_ANON_349;001-I
2501542;Importation;2020-12-22 14:40:48.833;EnCours;Mer;IMPORTATEUR_ANON_1497;NINEA_ANON_490;001-I
2574800;Importation;2021-06-07 09:57:11.437;EnCours;Mer;IMPORTATEUR_ANON_2506;NINEA_ANON_212;
2593995;Importation;2021-07-15 15:10:47.290;Initialise;Mer;IMPORTATEUR_ANON_7281;NINEA_ANON_241;001-I
2355987;Transit;2020-02-03 15:08:42.037;Initialise;Mer;IMPORTATEUR_ANON_4573;NINEA_ANON_688;001-E
2563654;Importation;2021-05-11 09:48:52.333;EnCours;Mer;IMPORTATEUR_ANON_4949;NINEA_ANON_875;001-I
2532329;Importation;2021-03-03 16:07:09.700;EnCours;Mer;IMPORTATEUR_ANON_2108;NINEA_ANON_997;001-I
2541288;Exportation;2021-03-23 14:30:28.443;EnCours;Mer;IMPORTATEUR_ANON_9208;NINEA_ANON_28;001-E
2546488;Importation;2021-04-02 16:21:52.763;Initialise;Mer;IMPORTATEUR_ANON_5864;NINEA_ANON_371;001-I
2572237;Importation;2021-06-01 09:59:23.643;EnCours;Mer;IMPORTATEUR_ANON_4604;NINEA_ANON_187;001-I
2367439;Importation;2020-02-24 15:50:22.670;EnCours;Mer;IMPORTATEUR_ANON_134;NINEA_ANON_630;001-I
2667248;Exportation;2022-01-04 10:05:49.883;EnCours;Mer;IMPORTATEUR_ANON_6493;NINEA_ANON_188;001-E
2390323;Importation;2020-04-10 09:09:09.483;EnCours;Mer;IMPORTATEUR_ANON_4209;NINEA_ANON_188;001-I
2370471;Importation;2020-02-28 12:58:24.027;EnCours;Mer;IMPORTATEUR_ANON_2152;NINEA_ANON_533;001-I
2631113;Exportation;2021-10-14 12:40:39.113;EnCours;Mer;IMPORTATEUR_ANON_9433;NINEA_ANON_5;001-E
2350920;Exportation;2020-01-23 13:24:09.103;EnCours;Mer;IMPORTATEUR_ANON_5405;NINEA_ANON_471;001-E
2381051;Importation;2020-03-19 11:02:52.290;EnCours;Mer;IMPORTATEUR_ANON_7343;NINEA_ANON_595;001-I
2500753;Importation;2020-12-21 13:03:53.420;EnCours;Mer;IMPORTATEUR_ANON_2699;NINEA_ANON_897;
2437418;Exportation;2020-07-29 09:32:18.370;EnCours;Mer;IMPORTATEUR_ANON_8329;NINEA_ANON_379;001-E
2363577;Importation;2020-02-17 12:45:29.213;EnCours;Mer;IMPORTATEUR_ANON_5852;NINEA_ANON_531;001-I
2371839;Importation;2020-03-03 09:21:51.940;EnCours;Mer;IMPORTATEUR_ANON_6270;NINEA_ANON_903;001-I
2626528;Importation;2021-10-05 09:03:15.720;EnCours;Mer;IMPORTATEUR_ANON_5527;NINEA_ANON_166;001-I
2639660;Importation;2021-11-04 09:30:49.783;EnCours;Mer;IMPORTATEUR_ANON_4510;NINEA_ANON_189;001-I
2673786;Importation;2022-01-19 11:38:26.750;EnCours;Mer;IMPORTATEUR_ANON_134;NINEA_ANON_630;001-I
2678079;Transit;2022-01-28 13:54:45.233;Initialise;Mer;IMPORTATEUR_ANON_6742;NINEA_ANON_760;001-E
2622858;Importation;2021-09-24 11:19:35.313;EnCours;Mer;IMPORTATEUR_ANON_7027;NINEA_ANON_691;001-I
2531879;Importation;2021-03-03 08:50:36.833;EnCours;Mer;IMPORTATEUR_ANON_7533;NINEA_ANON_993;001-I
2428565;Importation;2020-07-08 13:02:21.197;EnCours;Mer;IMPORTATEUR_ANON_347;NINEA_ANON_745;001-I
2353148;Importation;2020-01-28 12:13:25.757;EnCours;Mer;IMPORTATEUR_ANON_3768;NINEA_ANON_664;001-I
2396714;Importation;2020-04-27 10:06:05.353;EnCours;Mer;IMPORTATEUR_ANON_7533;NINEA_ANON_993;001-I
2513398;Importation;2021-01-21 11:16:13.700;EnCours;Mer;IMPORTATEUR_ANON_4304;NINEA_ANON_790;001-I
2630151;Importation;2021-10-12 16:33:41.050;EnCours;Mer;IMPORTATEUR_ANON_7569;NINEA_ANON_834;001-I
2421907;Exportation;2020-06-23 18:54:39.683;Initialise;Mer;IMPORTATEUR_ANON_9359;NINEA_ANON_307;001-E
2351805;Importation;2020-01-24 16:31:52.927;EnCours;Mer;IMPORTATEUR_ANON_134;NINEA_ANON_630;001-I
2658366;Importation;2021-12-13 16:43:11.287;EnCours;Mer;IMPORTATEUR_ANON_3784;NINEA_ANON_511;001-I
2453639;Importation;2020-09-04 14:12:47.450;EnCours;Mer;IMPORTATEUR_ANON_7528;NINEA_ANON_447;001-I
2651167;Importation;2021-11-29 09:03:54.690;EnCours;Mer;IMPORTATEUR_ANON_4510;NINEA_ANON_189;001-I
2345385;Transit;2020-01-14 11:01:53.577;Initialise;Mer;IMPORTATEUR_ANON_5066;NINEA_ANON_708;001-E
2540216;Importation;2021-03-22 11:07:55.770;EnCours;Mer;IMPORTATEUR_ANON_7464;NINEA_ANON_545;001-I
2576494;Transit;2021-06-09 13:03:49.357;Initialise;Mer;IMPORTATEUR_ANON_6468;NINEA_ANON_463;001-E
2448823;Importation;2020-08-25 11:33:35.817;Initialise;Mer;IMPORTATEUR_ANON_8624;NINEA_ANON_109;001-I
2358435;Importation;2020-02-07 06:10:02.940;Initialise;Mer;IMPORTATEUR_ANON_5599;NINEA_ANON_391;001-I
2615216;Importation;2021-09-08 10:57:55.673;EnCours;Mer;IMPORTATEUR_ANON_3660;NINEA_ANON_379;001-I
2361567;Importation;2020-02-12 15:33:31.743;EnCours;Mer;IMPORTATEUR_ANON_7839;NINEA_ANON_530;001-I
2533788;Importation;2021-03-09 12:37:35.673;EnCours;Mer;IMPORTATEUR_ANON_4060;NINEA_ANON_533;001-I
2357084;Réexportation;2020-02-05 10:01:35.797;EnCours;Mer;IMPORTATEUR_ANON_8488;NINEA_ANON_578;001-E
2568595;Exportation;2021-05-25 09:26:44.650;EnCours;Mer;IMPORTATEUR_ANON_4979;NINEA_ANON_181;001-E
2360470;Importation;2020-02-11 12:05:07.700;EnCours;Mer;IMPORTATEUR_ANON_4842;NINEA_ANON_121;001-I
2585914;Transit;2021-06-29 13:10:12.683;Initialise;Mer;IMPORTATEUR_ANON_3768;NINEA_ANON_664;001-E
2650011;Importation;2021-11-25 10:03:53.360;Initialise;Mer;IMPORTATEUR_ANON_1669;NINEA_ANON_107;001-I
2575701;Importation;2021-06-08 11:53:57.680;EnCours;Mer;IMPORTATEUR_ANON_8879;NINEA_ANON_744;001-I
2583194;Exportation;2021-06-23 11:47:08.883;Initialise;Mer;IMPORTATEUR_ANON_29;NINEA_ANON_562;001-E
2340702;Importation;2020-01-06 10:43:04.090;EnCours;Mer;IMPORTATEUR_ANON_6857;NINEA_ANON_43;001-I
2473405;Importation;2020-10-21 12:23:36.780;EnCours;Mer;IMPORTATEUR_ANON_8642;NINEA_ANON_887;001-I
2345025;Importation;2020-01-13 16:35:47.677;Initialise;Mer;IMPORTATEUR_ANON_1833;NINEA_ANON_544;001-I
2455689;Importation;2020-09-09 15:35:33.547;EnCours;Mer;IMPORTATEUR_ANON_8895;NINEA_ANON_135;001-I
2361175;Importation;2020-02-12 11:02:18.900;EnCours;Mer;IMPORTATEUR_ANON_5484;NINEA_ANON_42;001-I
2578732;Importation;2021-06-14 16:11:17.993;EnCours;Mer;IMPORTATEUR_ANON_8438;NINEA_ANON_699;
2671067;Exportation;2022-01-13 10:11:37.403;EnCours;Mer;IMPORTATEUR_ANON_4303;NINEA_ANON_514;001-E
2683072;Importation;2022-02-09 15:52:32.797;Initialise;Mer;IMPORTATEUR_ANON_6374;NINEA_ANON_274;001-I
2454609;Importation;2020-09-08 10:49:26.087;EnCours;Mer;IMPORTATEUR_ANON_9094;NINEA_ANON_854;001-I
2483989;Importation;2020-11-12 16:37:30.110;EnCours;Mer;IMPORTATEUR_ANON_8844;NINEA_ANON_475;001-I
2540934;Importation;2021-03-23 09:39:43.200;EnCours;Mer;IMPORTATEUR_ANON_1985;NINEA_ANON_841;001-I
2687439;Importation;2022-02-16 17:17:07.030;Initialise;Mer;IMPORTATEUR_ANON_5409;NINEA_ANON_85;001-I
2650310;Importation;2021-11-25 15:22:21.267;EnCours;Mer;IMPORTATEUR_ANON_8713;NINEA_ANON_398;001-I
2542551;Importation;2021-03-25 15:01:27.903;EnCours;Mer;IMPORTATEUR_ANON_3398;NINEA_ANON_659;
2469981;Importation;2020-10-14 09:06:37.673;Initialise;Mer;IMPORTATEUR_ANON_6681;NINEA_ANON_809;001-I
2398869;Importation;2020-04-30 15:22:06.410;EnCours;Mer;IMPORTATEUR_ANON_569;NINEA_ANON_299;001-I
2570763;Importation;2021-05-28 08:36:20.743;EnCours;Mer;IMPORTATEUR_ANON_1847;NINEA_ANON_175;001-I
2587121;Importation;2021-07-01 12:51:18.230;EnCours;Mer;IMPORTATEUR_ANON_5733;NINEA_ANON_814;001-I
2435316;Exportation;2020-07-23 13:53:46.327;EnCours;Mer;IMPORTATEUR_ANON_9779;NINEA_ANON_750;001-E
2482928;Importation;2020-11-11 08:51:05.477;EnCours;Mer;IMPORTATEUR_ANON_4432;NINEA_ANON_112;001-I
2518807;Exportation;2021-02-02 09:11:16.747;EnCours;Mer;IMPORTATEUR_ANON_1158;NINEA_ANON_597;001-E
2663555;Importation;2021-12-23 16:13:45.363;EnCours;Mer;IMPORTATEUR_ANON_2316;NINEA_ANON_422;001-I
2665060;Importation;2021-12-28 14:34:11.613;EnCours;Mer;IMPORTATEUR_ANON_5864;NINEA_ANON_371;001-I
2672193;Exportation;2022-01-17 09:20:21.673;EnCours;Mer;IMPORTATEUR_ANON_8329;NINEA_ANON_379;001-E
2361765;Importation;2020-02-13 08:46:17.363;EnCours;Mer;IMPORTATEUR_ANON_449;NINEA_ANON_542;001-I
2506820;Importation;2021-01-07 14:32:26.153;EnCours;Mer;IMPORTATEUR_ANON_1043;NINEA_ANON_811;001-I
2594712;Importation;2021-07-17 13:05:45.433;EnCours;Mer;IMPORTATEUR_ANON_8895;NINEA_ANON_135;001-I
2693020;Importation;2022-02-25 16:31:51.660;EnCours;Mer;IMPORTATEUR_ANON_7514;NINEA_ANON_521;001-I
2414016;Importation;2020-06-05 12:11:53.823;EnCours;Mer;IMPORTATEUR_ANON_8858;NINEA_ANON_389;001-I
2526258;Importation;2021-02-18 09:25:24.540;EnCours;Mer;IMPORTATEUR_ANON_6123;NINEA_ANON_784;
2447460;Transit;2020-08-21 09:46:56.803;Initialise;Mer;IMPORTATEUR_ANON_206;NINEA_ANON_394;001-E
2654282;Importation;2021-12-03 16:03:20.830;Initialise;Mer;IMPORTATEUR_ANON_4020;NINEA_ANON_485;001-I
2574271;Importation;2021-06-04 10:51:34.753;EnCours;Mer;IMPORTATEUR_ANON_5527;NINEA_ANON_166;001-I
2675720;Importation;2022-01-24 14:15:45.530;EnCours;Mer;IMPORTATEUR_ANON_3784;NINEA_ANON_511;001-I
2382995;Importation;2020-03-24 10:29:58.663;EnCours;Mer;IMPORTATEUR_ANON_9284;NINEA_ANON_956;001-I
2592038;Importation;2021-07-12 12:33:37.977;EnCours;Mer;IMPORTATEUR_ANON_7621;NINEA_ANON_694;
2573646;Importation;2021-06-03 10:28:57.610;EnCours;Mer;IMPORTATEUR_ANON_1366;NINEA_ANON_736;001-I
2546661;Exportation;2021-04-06 08:22:44.227;EnCours;Mer;IMPORTATEUR_ANON_5426;NINEA_ANON_530;001-E
2474506;Importation;2020-10-23 12:02:45.013;EnCours;Mer;IMPORTATEUR_ANON_134;NINEA_ANON_630;001-I
2619046;Importation;2021-09-16 10:27:23.103;EnCours;Mer;IMPORTATEUR_ANON_5682;NINEA_ANON_144;001-I
2616844;Importation;2021-09-10 15:07:15.160;EnCours;Mer;IMPORTATEUR_ANON_6676;NINEA_ANON_182;001-I
2620734;Importation;2021-09-20 16:18:31.003;EnCours;Mer;IMPORTATEUR_ANON_8494;NINEA_ANON_245;001-I
2545073;Importation;2021-03-31 12:42:01.677;Initialise;Mer;IMPORTATEUR_ANON_3384;NINEA_ANON_328;001-I
2658481;Importation;2021-12-14 08:51:48.967;EnCours;Mer;IMPORTATEUR_ANON_6109;NINEA_ANON_312;001-I
2634002;Importation;2021-10-21 14:59:34.900;EnCours;Mer;IMPORTATEUR_ANON_3726;NINEA_ANON_343;001-I
2509851;Exportation;2021-01-14 11:30:22.900;EnCours;Mer;IMPORTATEUR_ANON_4507;NINEA_ANON_900;001-E
2676829;Exportation;2022-01-26 12:16:19.447;EnCours;Mer;IMPORTATEUR_ANON_1827;NINEA_ANON_956;001-E
2643807;Importation;2021-11-12 12:22:47.433;EnCours;Mer;IMPORTATEUR_ANON_8958;NINEA_ANON_25;001-I
2348425;Importation;2020-01-20 11:48:22.943;Initialise;Mer;IMPORTATEUR_ANON_2048;NINEA_ANON_947;001-I
2542227;Importation;2021-03-25 10:09:30.067;EnCours;Mer;IMPORTATEUR_ANON_134;NINEA_ANON_630;
2544821;Importation;2021-03-31 09:53:56.390;EnCours;Mer;IMPORTATEUR_ANON_4510;NINEA_ANON_189;001-I
2598934;Importation;2021-07-30 11:00:55.150;EnCours;Mer;IMPORTATEUR_ANON_4424;NINEA_ANON_51;001-I
2627789;Importation;2021-10-07 10:05:27.377;EnCours;Mer;IMPORTATEUR_ANON_8315;NINEA_ANON_241;
2492510;Exportation;2020-12-02 11:22:42.120;EnCours;Mer;IMPORTATEUR_ANON_29;NINEA_ANON_446;001-E
2547762;Transit;2021-04-07 13:03:15.413;Initialise;Mer;IMPORTATEUR_ANON_3050;NINEA_ANON_158;001-E
2663390;Importation;2021-12-23 12:52:05.747;EnCours;Mer;IMPORTATEUR_ANON_4276;NINEA_ANON_421;001-I
2678438;Exportation;2022-01-31 10:40:52.760;EnCours;Mer;IMPORTATEUR_ANON_6196;NINEA_ANON_514;001-E
2618274;Importation;2021-09-14 16:55:06.710;EnCours;Mer;IMPORTATEUR_ANON_5527;NINEA_ANON_166;001-I
2532570;Importation;2021-03-04 10:15:22.440;EnCours;Mer;IMPORTATEUR_ANON_5606;NINEA_ANON_429;001-I
2613784;Importation;2021-09-04 12:16:02.650;EnCours;Mer;IMPORTATEUR_ANON_7333;NINEA_ANON_396;001-I
2379753;Importation;2020-03-17 11:51:47.460;Initialise;Mer;IMPORTATEUR_ANON_4303;NINEA_ANON_238;001-I
2450724;Importation;2020-08-28 15:37:38.743;Initialise;Mer;IMPORTATEUR_ANON_7533;NINEA_ANON_993;001-I
2500080;Importation;2020-12-18 13:04:56.633;EnCours;Mer;IMPORTATEUR_ANON_3863;NINEA_ANON_377;001-I
2456024;Importation;2020-09-10 10:29:24.153;EnCours;Mer;IMPORTATEUR_ANON_606;NINEA_ANON_274;001-I
2629406;Importation;2021-10-11 15:19:38.320;EnCours;Mer;IMPORTATEUR_ANON_9564;NINEA_ANON_214;001-I
2407493;Transit;2020-05-18 15:45:42.160;Initialise;Mer;IMPORTATEUR_ANON_2308;NINEA_ANON_237;001-E
2676849;Importation;2022-01-26 12:27:14.603;EnCours;Mer;IMPORTATEUR_ANON_3305;NINEA_ANON_971;001-I
2369343;Exportation;2020-02-27 09:31:02.677;EnCours;Mer;IMPORTATEUR_ANON_9433;NINEA_ANON_98;001-E
2398229;Importation;2020-04-29 14:01:33.513;EnCours;Mer;IMPORTATEUR_ANON_7166;NINEA_ANON_390;001-I
2576157;Importation;2021-06-09 09:09:09.147;EnCours;Mer;IMPORTATEUR_ANON_8895;NINEA_ANON_393;001-I
2589698;Importation;2021-07-07 09:48:03.853;EnCours;Mer;IMPORTATEUR_ANON_5405;NINEA_ANON_859;001-I
2670487;Importation;2022-01-12 10:47:10.130;EnCours;Mer;IMPORTATEUR_ANON_3660;NINEA_ANON_647;001-I
2453150;Importation;2020-09-03 15:33:36.067;EnCours;Mer;IMPORTATEUR_ANON_231;NINEA_ANON_86;001-I
2432788;Importation;2020-07-17 11:59:55.140;EnCours;Mer;IMPORTATEUR_ANON_7268;NINEA_ANON_173;001-I
2537475;Importation;2021-03-16 12:50:40.493;EnCours;Mer;IMPORTATEUR_ANON_7076;NINEA_ANON_662;001-I
2394075;Exportation;2020-04-20 14:47:55.920;EnCours;Mer;IMPORTATEUR_ANON_3450;NINEA_ANON_129;001-E
2398058;Importation;2020-04-29 11:21:53.910;EnCours;Mer;IMPORTATEUR_ANON_7900;NINEA_ANON_535;001-I
2432034;Importation;2020-07-16 10:05:18.240;EnCours;Mer;IMPORTATEUR_ANON_5439;NINEA_ANON_409;001-I
2594718;Importation;2021-07-17 13:32:07.917;EnCours;Mer;IMPORTATEUR_ANON_710;NINEA_ANON_311;001-I
2487634;Importation;2020-11-23 00:25:54.830;EnCours;Mer;IMPORTATEUR_ANON_9010;NINEA_ANON_236;001-I
2484504;Importation;2020-11-13 16:23:04.930;EnCours;Mer;IMPORTATEUR_ANON_5864;NINEA_ANON_371;001-I
2565129;Exportation;2021-05-17 10:40:52.073;EnCours;Mer;IMPORTATEUR_ANON_1853;NINEA_ANON_379;001-E
2608395;Importation;2021-08-23 19:04:14.537;EnCours;Mer;IMPORTATEUR_ANON_8271;NINEA_ANON_782;001-I
2347267;Importation;2020-01-16 15:45:18.833;Initialise;Mer;IMPORTATEUR_ANON_2475;NINEA_ANON_451;001-I
2508219;Importation;2021-01-11 16:43:37.777;Initialise;Mer;IMPORTATEUR_ANON_5409;NINEA_ANON_85;001-I
2447728;Importation;2020-08-21 13:32:56.420;EnCours;Mer;IMPORTATEUR_ANON_9252;NINEA_ANON_853;001-I
2487503;Importation;2020-11-20 16:14:45.943;EnCours;Mer;IMPORTATEUR_ANON_8488;NINEA_ANON_578;001-I
2584813;Importation;2021-06-28 09:47:54.930;Initialise;Mer;IMPORTATEUR_ANON_9942;NINEA_ANON_641;001-I
2473910;Importation;2020-10-22 11:45:32.233;EnCours;Mer;IMPORTATEUR_ANON_4510;NINEA_ANON_189;001-I
2485309;Importation;2020-11-17 09:19:24.880;EnCours;Mer;IMPORTATEUR_ANON_5369;NINEA_ANON_660;001-I
2547655;Importation;2021-04-07 12:07:10.870;EnCours;Mer;IMPORTATEUR_ANON_2771;NINEA_ANON_719;001-I
2473007;Importation;2020-10-20 16:19:17.303;EnCours;Mer;IMPORTATEUR_ANON_4730;NINEA_ANON_409;001-I
2449052;Exportation;2020-08-25 15:40:26.017;EnCours;Mer;IMPORTATEUR_ANON_6061;NINEA_ANON_514;001-E
2394270;Exportation;2020-04-21 09:20:25.387;EnCours;Mer;IMPORTATEUR_ANON_679;NINEA_ANON_221;001-E
2676974;Importation;2022-01-26 15:08:02.860;EnCours;Mer;IMPORTATEUR_ANON_2623;NINEA_ANON_14;001-I
2579278;Exportation;2021-06-15 13:31:59.610;EnCours;Mer;IMPORTATEUR_ANON_100;NINEA_ANON_379;001-E
2616611;Exportation;2021-09-10 10:59:05.387;EnCours;Mer;IMPORTATEUR_ANON_3343;NINEA_ANON_950;001-E
2466937;Importation;2020-10-07 13:10:32.367;EnCours;Mer;IMPORTATEUR_ANON_9628;NINEA_ANON_405;001-I
2517692;Importation;2021-01-29 15:13:28.890;Initialise;Mer;IMPORTATEUR_ANON_3768;NINEA_ANON_664;001-I
2354099;Importation;2020-01-29 16:13:28.280;EnCours;Mer;IMPORTATEUR_ANON_8060;NINEA_ANON_730;001-I
2472928;Exportation;2020-10-20 15:28:28.500;EnCours;Mer;IMPORTATEUR_ANON_134;NINEA_ANON_630;001-E
2409849;Transit;2020-05-26 15:19:53.370;Initialise;Mer;IMPORTATEUR_ANON_9287;NINEA_ANON_708;001-E
2601951;Importation;2021-08-06 11:29:34.280;EnCours;Mer;IMPORTATEUR_ANON_6709;NINEA_ANON_5;001-I
2543017;Importation;2021-03-26 12:18:56.097;EnCours;Mer;IMPORTATEUR_ANON_8230;NINEA_ANON_141;001-I
2601467;Importation;2021-08-05 11:59:06.350;EnCours;Mer;IMPORTATEUR_ANON_5804;NINEA_ANON_779;001-I
2673596;Exportation;2022-01-19 09:14:02.073;Initialise;Mer;IMPORTATEUR_ANON_569;NINEA_ANON_299;001-E
2341288;Importation;2020-01-06 18:33:08.163;EnCours;Mer;IMPORTATEUR_ANON_2108;NINEA_ANON_997;001-I
2530987;Importation;2021-03-01 12:37:26.717;Initialise;Mer;IMPORTATEUR_ANON_7464;NINEA_ANON_545;001-I
2624081;Importation;2021-09-29 11:11:53.007;EnCours;Mer;IMPORTATEUR_ANON_569;NINEA_ANON_299;001-I
2358058;Importation;2020-02-06 12:49:24.650;EnCours;Mer;IMPORTATEUR_ANON_5653;NINEA_ANON_803;001-I
2648048;Importation;2021-11-22 10:41:34.530;EnCours;Mer;IMPORTATEUR_ANON_1208;NINEA_ANON_506;
2495376;Importation;2020-12-09 08:46:43.280;EnCours;Mer;IMPORTATEUR_ANON_5978;NINEA_ANON_615;001-I
2549064;Exportation;2021-04-09 13:09:22.343;EnCours;Mer;IMPORTATEUR_ANON_9564;NINEA_ANON_214;001-E
2462531;Importation;2020-09-25 07:37:32.650;EnCours;Mer;IMPORTATEUR_ANON_5520;NINEA_ANON_462;001-I
2507152;Importation;2021-01-08 11:09:07.373;EnCours;Mer;IMPORTATEUR_ANON_3660;NINEA_ANON_379;001-I
2524953;Exportation;2021-02-16 09:08:23.213;EnCours;Mer;IMPORTATEUR_ANON_3858;NINEA_ANON_258;001-E
2558672;Importation;2021-04-29 12:26:36.683;EnCours;Mer;IMPORTATEUR_ANON_1985;NINEA_ANON_841;001-I
2577830;Importation;2021-06-11 13:37:15.450;EnCours;Mer;IMPORTATEUR_ANON_6149;NINEA_ANON_672;001-I
2654149;Importation;2021-12-03 12:56:46.020;EnCours;Mer;IMPORTATEUR_ANON_428;NINEA_ANON_244;001-I
2659057;Importation;2021-12-14 16:24:38.090;EnCours;Mer;IMPORTATEUR_ANON_7938;NINEA_ANON_50;001-I
2589462;Importation;2021-07-06 16:18:17.230;EnCours;Mer;IMPORTATEUR_ANON_8713;NINEA_ANON_398;001-I
2607887;Importation;2021-08-23 10:43:02.917;EnCours;Mer;IMPORTATEUR_ANON_8343;NINEA_ANON_744;001-I
2435443;Importation;2020-07-23 16:34:24.363;EnCours;Mer;IMPORTATEUR_ANON_7485;NINEA_ANON_82;001-I
2458666;Importation;2020-09-16 13:13:21.083;EnCours;Mer;IMPORTATEUR_ANON_2238;NINEA_ANON_82;001-I
2601247;Importation;2021-08-05 08:46:41.803;EnCours;Mer;IMPORTATEUR_ANON_2308;NINEA_ANON_475;001-I
2515097;Exportation;2021-01-25 13:46:34.350;EnCours;Mer;IMPORTATEUR_ANON_1552;NINEA_ANON_437;001-E
2372814;Importation;2020-03-04 11:48:39.297;EnCours;Mer;IMPORTATEUR_ANON_6908;NINEA_ANON_449;001-I
2659263;Importation;2021-12-15 09:53:39.647;EnCours;Mer;IMPORTATEUR_ANON_8713;NINEA_ANON_398;001-I
2406704;Exportation;2020-05-15 13:03:28.713;EnCours;Mer;IMPORTATEUR_ANON_6977;NINEA_ANON_848;001-E
2508394;Importation;2021-01-12 10:17:12.190;Initialise;Mer;IMPORTATEUR_ANON_6498;NINEA_ANON_513;001-I
2550514;Importation;2021-04-13 13:33:48.967;EnCours;Mer;IMPORTATEUR_ANON_1146;NINEA_ANON_676;001-I
2543966;Importation;2021-03-29 15:24:50.760;EnCours;Mer;IMPORTATEUR_ANON_8713;NINEA_ANON_398;001-I
2451941;Importation;2020-09-01 14:57:53.910;EnCours;Mer;IMPORTATEUR_ANON_428;NINEA_ANON_244;001-I
2373292;Transit;2020-03-04 18:02:15.240;Initialise;Mer;IMPORTATEUR_ANON_8563;NINEA_ANON_708;001-E
2354762;Réexportation;2020-01-30 15:55:24.297;Initialise;Mer;IMPORTATEUR_ANON_6336;NINEA_ANON_145;001-E
2566123;Importation;2021-05-18 13:04:50.823;EnCours;Mer;IMPORTATEUR_ANON_8438;NINEA_ANON_699;
2642921;Importation;2021-11-11 09:36:45.563;EnCours;Mer;IMPORTATEUR_ANON_5867;NINEA_ANON_46;001-I
2372966;Importation;2020-03-04 13:45:52.100;EnCours;Mer;IMPORTATEUR_ANON_1056;NINEA_ANON_957;001-I
2514001;Importation;2021-01-22 10:21:50.377;EnCours;Mer;IMPORTATEUR_ANON_5760;NINEA_ANON_572;001-I
2665003;Importation;2021-12-28 13:04:49.947;EnCours;Mer;IMPORTATEUR_ANON_5760;NINEA_ANON_572;001-I
2672180;Importation;2022-01-17 08:56:28.623;EnCours;Mer;IMPORTATEUR_ANON_134;NINEA_ANON_630;001-I
2359776;Exportation;2020-02-10 14:35:22.897;EnCours;Mer;IMPORTATEUR_ANON_2105;NINEA_ANON_316;001-E
2655162;Importation;2021-12-06 23:52:37.250;EnCours;Mer;IMPORTATEUR_ANON_1829;NINEA_ANON_75;001-I
2414248;Importation;2020-06-05 16:48:33.370;EnCours;Mer;IMPORTATEUR_ANON_4510;NINEA_ANON_189;001-I
2563527;Importation;2021-05-10 16:47:43.440;EnCours;Mer;IMPORTATEUR_ANON_605;NINEA_ANON_655;001-I
2688832;Exportation;2022-02-18 12:56:27.997;EnCours;Mer;IMPORTATEUR_ANON_2307;NINEA_ANON_823;001-E
2339419;Importation;2020-01-02 11:55:50.507;EnCours;Mer;IMPORTATEUR_ANON_8820;NINEA_ANON_651;001-I
2689494;Importation;2022-02-21 11:28:34.913;Initialise;Mer;IMPORTATEUR_ANON_3665;NINEA_ANON_598;001-I
2355827;Importation;2020-02-03 12:18:49.500;EnCours;Mer;IMPORTATEUR_ANON_5609;NINEA_ANON_550;001-I
2398746;Transit;2020-04-30 13:15:03.427;Initialise;Mer;IMPORTATEUR_ANON_3144;NINEA_ANON_548;001-E
2436543;Importation;2020-07-27 15:39:13.650;EnCours;Mer;IMPORTATEUR_ANON_7289;NINEA_ANON_748;001-I
2472490;Importation;2020-10-20 09:32:11.013;EnCours;Mer;IMPORTATEUR_ANON_134;NINEA_ANON_630;001-I
2621992;Importation;2021-09-22 16:12:18.167;EnCours;Mer;IMPORTATEUR_ANON_2097;NINEA_ANON_323;001-I
2565851;Exportation;2021-05-18 10:25:03.910;EnCours;Mer;IMPORTATEUR_ANON_292;NINEA_ANON_49;001-E
2388454;Importation;2020-04-06 11:29:37.150;Initialise;Mer;IMPORTATEUR_ANON_6813;NINEA_ANON_637;001-I
2396695;Transit;2020-04-27 09:54:29.203;Initialise;Mer;IMPORTATEUR_ANON_780;NINEA_ANON_1;001-E
2484435;Importation;2020-11-13 15:26:03.970;EnCours;Mer;IMPORTATEUR_ANON_5733;NINEA_ANON_814;001-I
2526008;Importation;2021-02-17 15:14:46.047;EnCours;Mer;IMPORTATEUR_ANON_6755;NINEA_ANON_455;001-I
2534160;Importation;2021-03-09 17:02:11.820;EnCours;Mer;IMPORTATEUR_ANON_6862;NINEA_ANON_9;001-I
2631643;Importation;2021-10-15 10:26:50.613;EnCours;Mer;IMPORTATEUR_ANON_2308;NINEA_ANON_475;001-I
2594257;Exportation;2021-07-16 09:57:55.453;EnCours;Mer;IMPORTATEUR_ANON_6681;NINEA_ANON_809;001-E
2637039;Importation;2021-10-28 10:44:01.003;EnCours;Mer;IMPORTATEUR_ANON_134;NINEA_ANON_630;001-I
2339299;Transit;2020-01-02 10:33:12.730;Initialise;Mer;IMPORTATEUR_ANON_6790;NINEA_ANON_566;001-E
2407469;Importation;2020-05-18 15:28:17.150;EnCours;Mer;IMPORTATEUR_ANON_939;NINEA_ANON_807;001-I
2525727;Importation;2021-02-17 11:02:31.300;EnCours;Mer;IMPORTATEUR_ANON_2506;NINEA_ANON_212;
2344861;Importation;2020-01-13 14:41:28.590;Initialise;Mer;IMPORTATEUR_ANON_8417;NINEA_ANON_349;001-I
2561837;Importation;2021-05-06 11:37:21.783;EnCours;Mer;IMPORTATEUR_ANON_5760;NINEA_ANON_572;001-I
2689647;Importation;2022-02-21 12:46:23.763;EnCours;Mer;IMPORTATEUR_ANON_8487;NINEA_ANON_489;001-I
2447352;Importation;2020-08-20 16:35:11.710;EnCours;Mer;IMPORTATEUR_ANON_7533;NINEA_ANON_993;001-I
2532853;Importation;2021-03-04 15:04:45.757;EnCours;Mer;IMPORTATEUR_ANON_9926;NINEA_ANON_575;001-I
2511157;Importation;2021-01-18 11:21:30.377;EnCours;Mer;IMPORTATEUR_ANON_134;NINEA_ANON_756;
2538971;Importation;2021-03-18 12:54:08.820;Initialise;Mer;IMPORTATEUR_ANON_5258;NINEA_ANON_491;001-I
2541017;Importation;2021-03-23 10:56:00.703;EnCours;Mer;IMPORTATEUR_ANON_3923;NINEA_ANON_709;001-I
2400229;Importation;2020-05-05 16:08:45.823;EnCours;Mer;IMPORTATEUR_ANON_5456;NINEA_ANON_511;001-I
2608614;Importation;2021-08-24 11:01:42.607;EnCours;Mer;IMPORTATEUR_ANON_8487;NINEA_ANON_489;001-I
2654317;Importation;2021-12-03 16:44:32.553;EnCours;Mer;IMPORTATEUR_ANON_2225;NINEA_ANON_662;001-I
2415139;Transit;2020-06-09 08:57:07.883;Initialise;Mer;IMPORTATEUR_ANON_6688;NINEA_ANON_50;001-E
2582822;Importation;2021-06-22 16:21:26.430;EnCours;Mer;IMPORTATEUR_ANON_9701;NINEA_ANON_214;001-I
2344024;Transit;2020-01-10 15:05:53.310;Initialise;Mer;IMPORTATEUR_ANON_9880;NINEA_ANON_669;001-E
2679623;Importation;2022-02-02 08:56:27.920;EnCours;Mer;IMPORTATEUR_ANON_3726;NINEA_ANON_343;001-I
2551506;Importation;2021-04-15 09:36:52.353;EnCours;Mer;IMPORTATEUR_ANON_8713;NINEA_ANON_398;001-I
2640276;Importation;2021-11-05 09:16:57.560;EnCours;Mer;IMPORTATEUR_ANON_6140;NINEA_ANON_138;001-I
2505975;Importation;2021-01-06 09:28:42.847;EnCours;Mer;IMPORTATEUR_ANON_1827;NINEA_ANON_956;001-I
2659724;Importation;2021-12-15 16:42:24.587;EnCours;Mer;IMPORTATEUR_ANON_7429;NINEA_ANON_61;001-I
2516721;Importation;2021-01-28 09:18:52.940;EnCours;Mer;IMPORTATEUR_ANON_7756;NINEA_ANON_10;001-I
2380660;Importation;2020-03-18 14:56:06.850;EnCours;Mer;IMPORTATEUR_ANON_6772;NINEA_ANON_514;001-I
2390236;Exportation;2020-04-09 16:21:16.990;EnCours;Mer;IMPORTATEUR_ANON_6574;NINEA_ANON_72;001-E
2429332;Importation;2020-07-09 16:10:48.397;Initialise;Mer;IMPORTATEUR_ANON_1656;NINEA_ANON_330;001-I
2640542;Importation;2021-11-05 13:01:04.203;EnCours;Mer;IMPORTATEUR_ANON_5542;NINEA_ANON_371;
2537972;Importation;2021-03-17 10:18:35.120;EnCours;Mer;IMPORTATEUR_ANON_3768;NINEA_ANON_664;001-I
2615814;Importation;2021-09-09 10:22:29.160;Initialise;Mer;IMPORTATEUR_ANON_3768;NINEA_ANON_664;001-I
2688879;Exportation;2022-02-18 13:34:14.280;EnCours;Mer;IMPORTATEUR_ANON_1226;NINEA_ANON_794;001-E
2575514;Importation;2021-06-08 10:12:23.267;EnCours;Mer;IMPORTATEUR_ANON_4073;NINEA_ANON_730;001-I
2415049;Importation;2020-06-08 16:50:10.650;EnCours;Mer;IMPORTATEUR_ANON_133;NINEA_ANON_473;001-I
2391377;Importation;2020-04-14 13:11:11.570;EnCours;Mer;IMPORTATEUR_ANON_9712;NINEA_ANON_868;001-I
2627434;Importation;2021-10-06 12:26:51.603;EnCours;Mer;IMPORTATEUR_ANON_7756;NINEA_ANON_10;001-I
2569556;Importation;2021-05-26 10:27:33.160;EnCours;Mer;IMPORTATEUR_ANON_5906;NINEA_ANON_645;001-I
2488794;Importation;2020-11-24 15:06:17.310;EnCours;Mer;IMPORTATEUR_ANON_1267;NINEA_ANON_775;001-I
2513010;Réexportation;2021-01-20 14:45:34.953;EnCours;Mer;IMPORTATEUR_ANON_5992;NINEA_ANON_265;001-E
2581657;Importation;2021-06-21 11:14:50.467;EnCours;Mer;IMPORTATEUR_ANON_3784;NINEA_ANON_511;001-I
2344903;Importation;2020-01-13 15:14:25.903;Initialise;Mer;IMPORTATEUR_ANON_990;NINEA_ANON_230;001-I
2469346;Importation;2020-10-13 10:13:05.260;EnCours;Mer;IMPORTATEUR_ANON_4834;NINEA_ANON_425;001-I
2509665;Importation;2021-01-14 09:41:58.000;EnCours;Mer;IMPORTATEUR_ANON_9564;NINEA_ANON_214;001-I
2611206;Importation;2021-08-30 13:02:15.920;EnCours;Mer;IMPORTATEUR_ANON_3622;NINEA_ANON_278;001-I
2371252;Importation;2020-03-02 12:00:03.830;Initialise;Mer;IMPORTATEUR_ANON_3486;NINEA_ANON_739;001-I
2380432;Importation;2020-03-18 11:09:07.663;Initialise;Mer;IMPORTATEUR_ANON_3765;NINEA_ANON_751;001-I
2482556;Importation;2020-11-10 12:07:09.527;Initialise;Mer;IMPORTATEUR_ANON_2892;NINEA_ANON_422;001-I
2547855;Importation;2021-04-07 14:38:38.797;EnCours;Mer;IMPORTATEUR_ANON_4060;NINEA_ANON_533;001-I
2648657;Importation;2021-11-23 09:01:28.543;EnCours;Mer;IMPORTATEUR_ANON_134;NINEA_ANON_630;001-I
2360531;Importation;2020-02-11 12:42:28.393;EnCours;Mer;IMPORTATEUR_ANON_8795;NINEA_ANON_16;001-I
2584002;Importation;2021-06-24 16:02:23.537;EnCours;Mer;IMPORTATEUR_ANON_5492;NINEA_ANON_780;001-I
2418928;Exportation;2020-06-16 17:55:26.547;EnCours;Mer;IMPORTATEUR_ANON_3617;NINEA_ANON_870;001-E
2535769;Importation;2021-03-12 11:01:33.117;EnCours;Mer;IMPORTATEUR_ANON_7929;NINEA_ANON_740;001-I
2498028;Importation;2020-12-15 10:18:29.130;Initialise;Mer;IMPORTATEUR_ANON_872;NINEA_ANON_352;001-I
2435048;Importation;2020-07-23 10:24:20.283;EnCours;Mer;IMPORTATEUR_ANON_4510;NINEA_ANON_189;001-I
2371858;Exportation;2020-03-03 09:35:54.157;EnCours;Mer;IMPORTATEUR_ANON_1146;NINEA_ANON_676;001-E
2540896;Réexportation;2021-03-23 09:20:30.690;EnCours;Mer;IMPORTATEUR_ANON_5682;NINEA_ANON_144;001-E
2633874;Exportation;2021-10-21 13:08:13.270;EnCours;Mer;IMPORTATEUR_ANON_6808;NINEA_ANON_514;001-E
2495323;Importation;2020-12-08 17:24:43.870;EnCours;Mer;IMPORTATEUR_ANON_5100;NINEA_ANON_270;001-I
2340618;Exportation;2020-01-06 09:29:47.900;EnCours;Mer;IMPORTATEUR_ANON_4877;NINEA_ANON_514;001-E
2665648;Importation;2021-12-29 13:54:03.527;EnCours;Mer;IMPORTATEUR_ANON_3665;NINEA_ANON_598;001-I
2685010;Importation;2022-02-14 11:53:09.917;Initialise;Mer;IMPORTATEUR_ANON_8305;NINEA_ANON_4;001-I
2454456;Exportation;2020-09-07 18:28:50.097;EnCours;Mer;IMPORTATEUR_ANON_4303;NINEA_ANON_514;001-E
2690588;Importation;2022-02-22 13:08:07.563;EnCours;Mer;IMPORTATEUR_ANON_8686;NINEA_ANON_624;001-I
2613986;Importation;2021-09-06 10:42:26.650;EnCours;Mer;IMPORTATEUR_ANON_7270;NINEA_ANON_428;001-I
2341251;Importation;2020-01-06 17:23:37.210;EnCours;Mer;IMPORTATEUR_ANON_8287;NINEA_ANON_511;001-I
2392702;Transit;2020-04-16 11:57:56.713;Initialise;Mer;IMPORTATEUR_ANON_3144;NINEA_ANON_548;001-E
2382859;Exportation;2020-03-24 08:54:46.870;EnCours;Mer;IMPORTATEUR_ANON_695;NINEA_ANON_485;001-E
2461193;Importation;2020-09-22 15:18:19.240;EnCours;Mer;IMPORTATEUR_ANON_8713;NINEA_ANON_398;001-I
2501391;Importation;2020-12-22 12:12:39.047;Initialise;Mer;IMPORTATEUR_ANON_569;NINEA_ANON_299;001-I
2570257;Importation;2021-05-27 10:46:12.293;EnCours;Mer;IMPORTATEUR_ANON_3575;NINEA_ANON_950;001-I
2493211;Importation;2020-12-03 11:52:51.733;EnCours;Mer;IMPORTATEUR_ANON_2108;NINEA_ANON_997;001-I
2616385;Importation;2021-09-09 17:50:31.610;EnCours;Mer;IMPORTATEUR_ANON_4510;NINEA_ANON_189;001-I
2683041;Importation;2022-02-09 15:38:17.563;EnCours;Mer;IMPORTATEUR_ANON_4175;NINEA_ANON_332;001-I
2400216;Exportation;2020-05-05 15:56:59.000;EnCours;Mer;IMPORTATEUR_ANON_7333;NINEA_ANON_396;001-E
2427047;Importation;2020-07-06 10:59:27.907;EnCours;Mer;IMPORTATEUR_ANON_2805;NINEA_ANON_531;001-I
2574470;Importation;2021-06-04 13:56:28.417;Initialise;Mer;IMPORTATEUR_ANON_2272;NINEA_ANON_435;001-I
2689053;Exportation;2022-02-18 16:40:20.100;EnCours;Mer;IMPORTATEUR_ANON_5007;NINEA_ANON_794;001-E
2453749;Importation;2020-09-04 16:12:28.007;EnCours;Mer;IMPORTATEUR_ANON_7464;NINEA_ANON_545;001-I
2621786;Importation;2021-09-22 12:42:23.190;Initialise;Mer;IMPORTATEUR_ANON_2596;NINEA_ANON_642;001-I
2595955;Importation;2021-07-23 12:24:53.433;EnCours;Mer;IMPORTATEUR_ANON_569;NINEA_ANON_299;001-I
2406620;Transit;2020-05-15 11:58:53.040;Initialise;Mer;IMPORTATEUR_ANON_8337;NINEA_ANON_708;001-E
2563288;Exportation;2021-05-10 13:08:03.037;EnCours;Mer;IMPORTATEUR_ANON_496;NINEA_ANON_514;001-E
2478122;Importation;2020-11-02 18:50:46.353;Initialise;Mer;IMPORTATEUR_ANON_9158;NINEA_ANON_556;001-I
2368622;Importation;2020-02-26 10:02:06.323;Initialise;Mer;IMPORTATEUR_ANON_7642;NINEA_ANON_718;001-I
2514692;Importation;2021-01-25 10:51:22.060;EnCours;Mer;IMPORTATEUR_ANON_2308;NINEA_ANON_475;001-I
2463609;Importation;2020-09-28 13:22:16.380;EnCours;Mer;IMPORTATEUR_ANON_134;NINEA_ANON_630;001-I
2423810;Importation;2020-06-29 09:11:58.977;EnCours;Mer;IMPORTATEUR_ANON_4510;NINEA_ANON_189;001-I
2552957;Exportation;2021-04-19 09:57:03.230;EnCours;Mer;IMPORTATEUR_ANON_5426;NINEA_ANON_530;001-E
2665255;Exportation;2021-12-29 08:37:57.527;EnCours;Mer;IMPORTATEUR_ANON_4979;NINEA_ANON_181;001-E
2384675;Importation;2020-03-26 16:54:19.040;EnCours;Mer;IMPORTATEUR_ANON_134;NINEA_ANON_630;001-I
2416349;Importation;2020-06-11 09:05:59.750;EnCours;Mer;IMPORTATEUR_ANON_5484;NINEA_ANON_42;001-I
2376136;Exportation;2020-03-10 14:33:48.343;EnCours;Mer;IMPORTATEUR_ANON_5426;NINEA_ANON_514;001-E
2663880;Importation;2021-12-24 12:41:27.920;EnCours;Mer;IMPORTATEUR_ANON_2303;NINEA_ANON_355;
2669492;Importation;2022-01-10 13:31:40.410;Initialise;Mer;IMPORTATEUR_ANON_589;NINEA_ANON_381;001-I
2685001;Exportation;2022-02-14 11:46:33.080;EnCours;Mer;IMPORTATEUR_ANON_1827;NINEA_ANON_956;001-E
2633713;Importation;2021-10-21 11:10:39.680;EnCours;Mer;IMPORTATEUR_ANON_2779;NINEA_ANON_26;
2580190;Importation;2021-06-16 17:06:04.550;Initialise;Mer;IMPORTATEUR_ANON_3923;NINEA_ANON_709;001-I
2364824;Importation;2020-02-19 09:08:09.153;EnCours;Mer;IMPORTATEUR_ANON_134;NINEA_ANON_630;001-I
2594180;Importation;2021-07-16 08:09:13.750;EnCours;Mer;IMPORTATEUR_ANON_8011;NINEA_ANON_7;001-I
2692641;Importation;2022-02-25 10:40:43.017;EnCours;Mer;IMPORTATEUR_ANON_1088;NINEA_ANON_607;001-I
2671010;Importation;2022-01-13 09:09:41.083;Initialise;Mer;IMPORTATEUR_ANON_8984;NINEA_ANON_757;001-I
2418844;Importation;2020-06-16 15:41:36.897;EnCours;Mer;IMPORTATEUR_ANON_5864;NINEA_ANON_371;001-I
2655166;Importation;2021-12-07 07:54:17.550;EnCours;Mer;IMPORTATEUR_ANON_6368;NINEA_ANON_526;
2347935;Importation;2020-01-17 15:28:48.243;EnCours;Mer;IMPORTATEUR_ANON_381;NINEA_ANON_508;001-I
2422745;Importation;2020-06-25 11:22:08.870;EnCours;Mer;IMPORTATEUR_ANON_1339;NINEA_ANON_772;001-I
2479889;Importation;2020-11-05 15:29:45.790;Initialise;Mer;IMPORTATEUR_ANON_7533;NINEA_ANON_993;001-I
2607771;Exportation;2021-08-23 09:32:20.850;EnCours;Mer;IMPORTATEUR_ANON_6672;NINEA_ANON_780;001-E
2361015;Importation;2020-02-12 09:36:41.547;EnCours;Mer;IMPORTATEUR_ANON_731;NINEA_ANON_494;001-I
2371698;Transit;2020-03-02 16:59:15.077;Initialise;Mer;IMPORTATEUR_ANON_9170;NINEA_ANON_650;001-E
2391182;Exportation;2020-04-14 11:25:41.210;EnCours;Mer;IMPORTATEUR_ANON_496;NINEA_ANON_514;001-E
2595291;Importation;2021-07-19 17:53:31.990;EnCours;Mer;IMPORTATEUR_ANON_3940;NINEA_ANON_897;001-I
2413628;Importation;2020-06-04 15:39:36.577;EnCours;Mer;IMPORTATEUR_ANON_4834;NINEA_ANON_425;001-I
2414617;Exportation;2020-06-08 11:16:52.167;EnCours;Mer;IMPORTATEUR_ANON_5174;NINEA_ANON_530;001-E
2617107;Importation;2021-09-13 09:42:38.813;EnCours;Mer;IMPORTATEUR_ANON_8932;NINEA_ANON_791;001-I
2591475;Importation;2021-07-09 14:44:20.307;EnCours;Mer;IMPORTATEUR_ANON_8059;NINEA_ANON_462;001-I
2645103;Importation;2021-11-16 10:53:46.580;EnCours;Mer;IMPORTATEUR_ANON_5760;NINEA_ANON_572;001-I
2485448;Importation;2020-11-17 10:56:08.250;EnCours;Mer;IMPORTATEUR_ANON_9202;NINEA_ANON_628;001-I
2561134;Importation;2021-05-05 11:00:35.250;Initialise;Mer;IMPORTATEUR_ANON_1426;NINEA_ANON_616;001-I
2392405;Exportation;2020-04-15 17:52:26.970;EnCours;Mer;IMPORTATEUR_ANON_7692;NINEA_ANON_804;001-E
2512783;Importation;2021-01-20 11:10:57.867;EnCours;Mer;IMPORTATEUR_ANON_8932;NINEA_ANON_348;001-I
2588623;Importation;2021-07-05 13:57:24.223;EnCours;Mer;IMPORTATEUR_ANON_5268;NINEA_ANON_662;001-I
2622496;Importation;2021-09-23 14:04:26.620;EnCours;Mer;IMPORTATEUR_ANON_169;NINEA_ANON_758;001-I
2612287;Importation;2021-09-01 12:45:03.423;EnCours;Mer;IMPORTATEUR_ANON_9124;NINEA_ANON_447;001-I
2642512;Importation;2021-11-10 12:41:23.707;Initialise;Mer;IMPORTATEUR_ANON_1453;NINEA_ANON_166;001-I
2468727;Importation;2020-10-12 11:40:09.150;EnCours;Mer;IMPORTATEUR_ANON_2251;NINEA_ANON_339;001-I
2639103;Importation;2021-11-03 10:18:57.203;EnCours;Mer;IMPORTATEUR_ANON_134;NINEA_ANON_630;001-I
2427316;Importation;2020-07-06 14:57:00.633;EnCours;Mer;IMPORTATEUR_ANON_6681;NINEA_ANON_809;001-I
2639195;Importation;2021-11-03 11:15:30.080;Initialise;Mer;IMPORTATEUR_ANON_6279;NINEA_ANON_129;001-I
2410050;Importation;2020-05-27 09:18:04.300;Initialise;Mer;IMPORTATEUR_ANON_8801;NINEA_ANON_413;001-I
2577197;Exportation;2021-06-10 15:29:23.907;EnCours;Mer;IMPORTATEUR_ANON_8292;NINEA_ANON_167;001-E
2585328;Importation;2021-06-28 15:40:17.150;EnCours;Mer;IMPORTATEUR_ANON_8008;NINEA_ANON_178;001-I
2644989;Importation;2021-11-16 09:30:28.300;EnCours;Mer;IMPORTATEUR_ANON_3665;NINEA_ANON_598;001-I
2572197;Importation;2021-06-01 09:25:26.483;EnCours;Mer;IMPORTATEUR_ANON_7533;NINEA_ANON_993;001-I
2384024;Importation;2020-03-25 13:59:45.637;EnCours;Mer;IMPORTATEUR_ANON_1164;NINEA_ANON_926;001-I
2442035;Importation;2020-08-10 10:05:29.557;EnCours;Mer;IMPORTATEUR_ANON_5639;NINEA_ANON_372;001-I
2552617;Importation;2021-04-16 14:54:00.537;Initialise;Mer;IMPORTATEUR_ANON_6574;NINEA_ANON_72;001-I
2379212;Importation;2020-03-16 15:31:10.877;EnCours;Mer;IMPORTATEUR_ANON_5992;NINEA_ANON_265;001-I
2635311;Importation;2021-10-25 13:56:32.297;EnCours;Mer;IMPORTATEUR_ANON_8037;NINEA_ANON_563;001-I
2560606;Importation;2021-05-04 12:16:00.883;EnCours;Mer;IMPORTATEUR_ANON_4424;NINEA_ANON_51;001-I
2387542;Importation;2020-04-02 14:15:25.890;EnCours;Mer;IMPORTATEUR_ANON_7495;NINEA_ANON_423;001-I
2342815;Importation;2020-01-09 08:50:14.560;EnCours;Mer;IMPORTATEUR_ANON_2815;NINEA_ANON_584;001-I
2644598;Importation;2021-11-15 13:23:14.043;EnCours;Mer;IMPORTATEUR_ANON_134;NINEA_ANON_630;001-I
2669661;Importation;2022-01-10 16:45:04.717;EnCours;Mer;IMPORTATEUR_ANON_134;NINEA_ANON_630;001-I
2347544;Importation;2020-01-17 09:54:06.820;EnCours;Mer;IMPORTATEUR_ANON_3903;NINEA_ANON_130;001-I
2499175;Importation;2020-12-17 08:27:25.997;EnCours;Mer;IMPORTATEUR_ANON_477;NINEA_ANON_240;
2432545;Importation;2020-07-16 18:17:58.873;Initialise;Mer;IMPORTATEUR_ANON_2721;NINEA_ANON_847;001-I
2397879;Importation;2020-04-29 08:18:05.340;EnCours;Mer;IMPORTATEUR_ANON_669;NINEA_ANON_776;001-I
2413027;Importation;2020-06-03 15:37:01.790;EnCours;Mer;IMPORTATEUR_ANON_1449;NINEA_ANON_551;001-I
2479271;Importation;2020-11-04 16:15:08.867;EnCours;Mer;IMPORTATEUR_ANON_9252;NINEA_ANON_669;001-I
2528810;Exportation;2021-02-23 17:07:16.540;EnCours;Mer;IMPORTATEUR_ANON_8624;NINEA_ANON_427;001-E
2527539;Importation;2021-02-22 09:14:15.650;EnCours;Mer;IMPORTATEUR_ANON_3863;NINEA_ANON_628;001-I
2689556;Importation;2022-02-21 12:00:30.017;EnCours;Mer;IMPORTATEUR_ANON_7564;NINEA_ANON_742;
2667025;Importation;2022-01-03 15:12:13.783;Initialise;Mer;IMPORTATEUR_ANON_4060;NINEA_ANON_533;001-I
2404087;Exportation;2020-05-11 09:57:05.333;EnCours;Mer;IMPORTATEUR_ANON_8895;NINEA_ANON_393;001-E
2597806;Importation;2021-07-28 11:58:27.567;EnCours;Mer;IMPORTATEUR_ANON_2236;NINEA_ANON_92;
2615095;Importation;2021-09-08 09:13:04.120;EnCours;Mer;IMPORTATEUR_ANON_8713;NINEA_ANON_398;001-I
2630590;Importation;2021-10-13 13:32:47.287;EnCours;Mer;IMPORTATEUR_ANON_9653;NINEA_ANON_334;001-I
2634108;Importation;2021-10-21 16:53:02.980;EnCours;Mer;IMPORTATEUR_ANON_8895;NINEA_ANON_135;001-I
2355661;Importation;2020-02-03 10:43:38.497;EnCours;Mer;IMPORTATEUR_ANON_5607;NINEA_ANON_741;001-I
2479618;Importation;2020-11-05 11:14:04.547;EnCours;Mer;IMPORTATEUR_ANON_5591;NINEA_ANON_223;001-I
2508552;Importation;2021-01-12 11:52:12.590;EnCours;Mer;IMPORTATEUR_ANON_861;NINEA_ANON_79;001-I
2383314;Importation;2020-03-24 14:30:35.720;EnCours;Mer;IMPORTATEUR_ANON_5484;NINEA_ANON_42;001-I
2383229;Importation;2020-03-24 12:53:29.453;EnCours;Mer;IMPORTATEUR_ANON_1088;NINEA_ANON_280;001-I
2578556;Importation;2021-06-14 13:19:06.243;EnCours;Mer;IMPORTATEUR_ANON_7983;NINEA_ANON_50;001-I
2362729;Importation;2020-02-14 11:22:01.160;Initialise;Mer;IMPORTATEUR_ANON_6351;NINEA_ANON_715;001-I
2619675;Importation;2021-09-17 10:24:17.067;EnCours;Mer;IMPORTATEUR_ANON_4393;NINEA_ANON_597;001-I
2608057;Exportation;2021-08-23 12:55:10.000;EnCours;Mer;IMPORTATEUR_ANON_1458;NINEA_ANON_324;001-E
2654556;Transit;2021-12-06 10:35:37.560;Initialise;Mer;IMPORTATEUR_ANON_8310;NINEA_ANON_903;001-E
2510051;Exportation;2021-01-14 14:04:19.083;EnCours;Mer;IMPORTATEUR_ANON_29;NINEA_ANON_562;001-E
2598813;Importation;2021-07-30 08:38:47.840;EnCours;Mer;IMPORTATEUR_ANON_278;NINEA_ANON_355;001-I
2565917;Importation;2021-05-18 10:58:21.927;EnCours;Mer;IMPORTATEUR_ANON_4493;NINEA_ANON_454;001-I
2572447;Importation;2021-06-01 12:03:25.457;EnCours;Mer;IMPORTATEUR_ANON_7279;NINEA_ANON_692;001-I
2456220;Importation;2020-09-10 12:52:32.627;EnCours;Mer;IMPORTATEUR_ANON_3407;NINEA_ANON_902;001-I
2630665;Importation;2021-10-13 15:20:11.900;EnCours;Mer;IMPORTATEUR_ANON_2738;NINEA_ANON_464;001-I
2635154;Importation;2021-10-25 12:16:17.107;EnCours;Mer;IMPORTATEUR_ANON_8984;NINEA_ANON_757;001-I
2693220;Importation;2022-02-28 09:02:43.400;EnCours;Mer;IMPORTATEUR_ANON_134;NINEA_ANON_630;001-I
2346214;Transit;2020-01-15 11:27:32.627;Initialise;Mer;IMPORTATEUR_ANON_7719;NINEA_ANON_292;001-E
2594674;Exportation;2021-07-17 06:20:01.233;EnCours;Mer;IMPORTATEUR_ANON_29;NINEA_ANON_562;001-E
2496551;Importation;2020-12-10 16:30:42.427;EnCours;Mer;IMPORTATEUR_ANON_5542;NINEA_ANON_371;
2347249;Importation;2020-01-16 15:34:32.960;EnCours;Mer;IMPORTATEUR_ANON_4974;NINEA_ANON_156;001-I
2537710;Importation;2021-03-16 16:02:12.663;EnCours;Mer;IMPORTATEUR_ANON_5760;NINEA_ANON_572;001-I
2521186;Importation;2021-02-08 09:29:20.400;EnCours;Mer;IMPORTATEUR_ANON_100;NINEA_ANON_253;001-I
2365355;Importation;2020-02-19 16:03:50.043;EnCours;Mer;IMPORTATEUR_ANON_1088;NINEA_ANON_607;001-I
2470980;Importation;2020-10-15 14:50:44.870;Initialise;Mer;IMPORTATEUR_ANON_569;NINEA_ANON_299;001-I
2342011;Importation;2020-01-07 17:35:30.090;EnCours;Mer;IMPORTATEUR_ANON_9106;NINEA_ANON_503;001-I
2635081;Exportation;2021-10-25 11:43:33.640;EnCours;Mer;IMPORTATEUR_ANON_496;NINEA_ANON_514;001-E
2654869;Exportation;2021-12-06 13:36:53.123;EnCours;Mer;IMPORTATEUR_ANON_8067;NINEA_ANON_459;001-E
2658060;Importation;2021-12-13 13:01:18.083;EnCours;Mer;IMPORTATEUR_ANON_6795;NINEA_ANON_651;
2582883;Importation;2021-06-22 17:28:18.600;EnCours;Mer;IMPORTATEUR_ANON_7903;NINEA_ANON_802;001-I
2370151;Importation;2020-02-28 09:41:58.743;EnCours;Mer;IMPORTATEUR_ANON_6885;NINEA_ANON_413;001-I
2631190;Réexportation;2021-10-14 14:27:05.577;Initialise;Mer;IMPORTATEUR_ANON_5484;NINEA_ANON_42;001-E
2423150;Importation;2020-06-26 08:24:09.813;EnCours;Mer;IMPORTATEUR_ANON_3660;NINEA_ANON_379;001-I
2443356;Importation;2020-08-12 10:17:02.597;EnCours;Mer;IMPORTATEUR_ANON_134;NINEA_ANON_630;001-I
2557148;Exportation;2021-04-27 10:38:18.190;EnCours;Mer;IMPORTATEUR_ANON_4459;NINEA_ANON_0;
2474972;Exportation;2020-10-26 10:17:43.270;EnCours;Mer;IMPORTATEUR_ANON_2308;NINEA_ANON_475;001-E
2556603;Importation;2021-04-26 12:37:39.970;EnCours;Mer;IMPORTATEUR_ANON_6409;NINEA_ANON_204;001-I
2416380;Importation;2020-06-11 09:39:23.323;Initialise;Mer;IMPORTATEUR_ANON_2108;NINEA_ANON_997;001-I
2624793;Importation;2021-09-30 11:18:25.903;Initialise;Mer;IMPORTATEUR_ANON_5864;NINEA_ANON_371;001-I
2606600;Importation;2021-08-17 16:59:28.930;Initialise;Mer;IMPORTATEUR_ANON_7031;NINEA_ANON_437;001-I
2428831;Transit;2020-07-09 07:50:50.833;Initialise;Mer;IMPORTATEUR_ANON_5682;NINEA_ANON_144;001-E
2392523;Importation;2020-04-16 09:45:03.477;EnCours;Mer;IMPORTATEUR_ANON_4510;NINEA_ANON_189;001-I
2371852;Importation;2020-03-03 09:31:08.870;EnCours;Mer;IMPORTATEUR_ANON_9218;NINEA_ANON_750;001-I
2415553;Importation;2020-06-09 15:09:59.780;EnCours;Mer;IMPORTATEUR_ANON_2738;NINEA_ANON_464;001-I
2429358;Importation;2020-07-09 16:34:16.983;EnCours;Mer;IMPORTATEUR_ANON_2205;NINEA_ANON_558;001-I
2355035;Importation;2020-01-31 10:17:37.590;EnCours;Mer;IMPORTATEUR_ANON_7198;NINEA_ANON_430;001-I
2354902;Importation;2020-01-30 21:10:39.360;EnCours;Mer;IMPORTATEUR_ANON_4907;NINEA_ANON_98;001-I
2674600;Importation;2022-01-20 13:53:31.403;EnCours;Mer;IMPORTATEUR_ANON_2271;NINEA_ANON_429;
2367580;Exportation;2020-02-24 17:22:22.270;EnCours;Mer;IMPORTATEUR_ANON_1987;NINEA_ANON_60;001-E
2527045;Importation;2021-02-19 11:58:31.830;EnCours;Mer;IMPORTATEUR_ANON_5542;NINEA_ANON_371;
2545033;Importation;2021-03-31 12:13:26.777;EnCours;Mer;IMPORTATEUR_ANON_3665;NINEA_ANON_598;001-I
2509963;Importation;2021-01-14 12:45:40.987;EnCours;Mer;IMPORTATEUR_ANON_7125;NINEA_ANON_595;001-I
2497664;Importation;2020-12-14 14:18:38.987;EnCours;Mer;IMPORTATEUR_ANON_6977;NINEA_ANON_848;001-I
2458758;Importation;2020-09-16 14:53:48.953;EnCours;Mer;IMPORTATEUR_ANON_180;NINEA_ANON_866;001-I
2556184;Importation;2021-04-24 14:51:08.757;EnCours;Mer;IMPORTATEUR_ANON_134;NINEA_ANON_630;
2681911;Importation;2022-02-08 14:04:45.880;Initialise;Mer;IMPORTATEUR_ANON_2415;NINEA_ANON_870;001-I
2363323;Transit;2020-02-17 10:59:15.233;Initialise;Mer;IMPORTATEUR_ANON_3144;NINEA_ANON_548;001-E
2582444;Exportation;2021-06-22 11:04:52.303;EnCours;Mer;IMPORTATEUR_ANON_6672;NINEA_ANON_780;001-E
2684843;Exportation;2022-02-14 10:06:55.843;EnCours;Mer;IMPORTATEUR_ANON_9750;NINEA_ANON_628;001-E
2678813;Importation;2022-01-31 14:49:03.927;EnCours;Mer;IMPORTATEUR_ANON_116;NINEA_ANON_792;001-I
2381190;Importation;2020-03-19 12:34:07.057;Initialise;Mer;IMPORTATEUR_ANON_2732;NINEA_ANON_32;001-I
2656045;Importation;2021-12-08 10:47:55.550;EnCours;Mer;IMPORTATEUR_ANON_5760;NINEA_ANON_572;001-I
2678517;Importation;2022-01-31 11:31:21.460;Initialise;Mer;IMPORTATEUR_ANON_5962;NINEA_ANON_535;001-I
2456421;Exportation;2020-09-10 16:27:42.733;EnCours;Mer;IMPORTATEUR_ANON_7333;NINEA_ANON_396;001-E
2394021;Importation;2020-04-20 13:51:16.910;Initialise;Mer;IMPORTATEUR_ANON_4004;NINEA_ANON_580;001-I
2427397;Importation;2020-07-06 15:45:40.943;EnCours;Mer;IMPORTATEUR_ANON_2506;NINEA_ANON_212;001-I
2569719;Importation;2021-05-26 12:25:33.953;EnCours;Mer;IMPORTATEUR_ANON_3421;NINEA_ANON_614;001-I
2406754;Importation;2020-05-15 13:55:22.073;Initialise;Mer;IMPORTATEUR_ANON_7736;NINEA_ANON_580;001-I
2545903;Importation;2021-04-01 16:23:51.907;EnCours;Mer;IMPORTATEUR_ANON_8487;NINEA_ANON_489;001-I
2576328;Importation;2021-06-09 11:18:09.533;EnCours;Mer;IMPORTATEUR_ANON_3660;NINEA_ANON_379;001-I
2602668;Importation;2021-08-09 12:09:04.623;Initialise;Mer;IMPORTATEUR_ANON_8138;NINEA_ANON_495;001-I
2617998;Importation;2021-09-14 12:02:16.100;EnCours;Mer;IMPORTATEUR_ANON_3728;NINEA_ANON_999;001-I
2630008;Importation;2021-10-12 14:44:15.663;EnCours;Mer;IMPORTATEUR_ANON_5409;NINEA_ANON_85;
2396406;Importation;2020-04-24 14:15:27.290;Initialise;Mer;IMPORTATEUR_ANON_2108;NINEA_ANON_997;001-I
2578659;Exportation;2021-06-14 15:15:16.333;EnCours;Mer;IMPORTATEUR_ANON_9750;NINEA_ANON_628;001-E
2654283;Exportation;2021-12-03 16:04:07.310;EnCours;Mer;IMPORTATEUR_ANON_19;NINEA_ANON_354;001-E
2469461;Importation;2020-10-13 11:31:09.630;EnCours;Mer;IMPORTATEUR_ANON_2738;NINEA_ANON_464;001-I
2605874;Importation;2021-08-16 15:03:46.920;EnCours;Mer;IMPORTATEUR_ANON_3639;NINEA_ANON_857;001-I
2607260;Importation;2021-08-20 10:37:25.067;EnCours;Mer;IMPORTATEUR_ANON_6935;NINEA_ANON_602;001-I
2590877;Importation;2021-07-08 16:14:29.210;EnCours;Mer;IMPORTATEUR_ANON_3223;NINEA_ANON_694;001-I
2445551;Importation;2020-08-17 16:34:36.537;EnCours;Mer;IMPORTATEUR_ANON_3784;NINEA_ANON_511;001-I
2545833;Importation;2021-04-01 15:20:54.817;Initialise;Mer;IMPORTATEUR_ANON_1208;NINEA_ANON_853;001-I
2562832;Importation;2021-05-10 08:58:06.970;EnCours;Mer;IMPORTATEUR_ANON_8922;NINEA_ANON_859;001-I
2614518;Importation;2021-09-07 09:50:14.127;EnCours;Mer;IMPORTATEUR_ANON_134;NINEA_ANON_630;001-I
2529265;Importation;2021-02-24 14:58:56.423;EnCours;Mer;IMPORTATEUR_ANON_2308;NINEA_ANON_475;001-I
2657308;Exportation;2021-12-10 11:10:03.357;EnCours;Mer;IMPORTATEUR_ANON_3657;NINEA_ANON_826;001-E
2581659;Exportation;2021-06-21 11:15:47.097;EnCours;Mer;IMPORTATEUR_ANON_1960;NINEA_ANON_164;001-E
2444558;Importation;2020-08-14 10:46:33.573;EnCours;Mer;IMPORTATEUR_ANON_2114;NINEA_ANON_58;001-I
2449282;Importation;2020-08-26 09:27:00.077;Initialise;Mer;IMPORTATEUR_ANON_2379;NINEA_ANON_91;001-I
2576284;Importation;2021-06-09 10:55:18.847;EnCours;Mer;IMPORTATEUR_ANON_9268;NINEA_ANON_506;001-I
2673115;Importation;2022-01-18 11:30:52.337;EnCours;Mer;IMPORTATEUR_ANON_2308;NINEA_ANON_475;001-I
2439663;Importation;2020-08-05 15:13:34.207;Initialise;Mer;IMPORTATEUR_ANON_23;NINEA_ANON_613;001-I
2659166;Exportation;2021-12-14 20:12:32.003;EnCours;Mer;IMPORTATEUR_ANON_3923;NINEA_ANON_709;001-E
2690393;Importation;2022-02-22 11:24:06.893;EnCours;Mer;IMPORTATEUR_ANON_5484;NINEA_ANON_42;001-I
2617669;Importation;2021-09-13 16:42:08.140;Initialise;Mer;IMPORTATEUR_ANON_2566;NINEA_ANON_245;001-I
2409506;Importation;2020-05-26 11:14:12.397;EnCours;Mer;IMPORTATEUR_ANON_9504;NINEA_ANON_403;001-I
2418256;Importation;2020-06-15 17:00:25.263;EnCours;Mer;IMPORTATEUR_ANON_1308;NINEA_ANON_693;001-I
2450373;Importation;2020-08-28 10:03:04.173;EnCours;Mer;IMPORTATEUR_ANON_4734;NINEA_ANON_866;001-I
2378177;Importation;2020-03-13 11:53:33.167;Initialise;Mer;IMPORTATEUR_ANON_9701;NINEA_ANON_214;001-I
2407725;Importation;2020-05-19 10:14:09.980;EnCours;Mer;IMPORTATEUR_ANON_5760;NINEA_ANON_572;001-I
2611982;Importation;2021-08-31 16:49:30.510;Initialise;Mer;IMPORTATEUR_ANON_638;NINEA_ANON_384;001-I
2506693;Importation;2021-01-07 12:22:36.217;EnCours;Mer;IMPORTATEUR_ANON_6791;NINEA_ANON_151;001-I
2612133;Importation;2021-09-01 10:32:28.660;Initialise;Mer;IMPORTATEUR_ANON_1847;NINEA_ANON_175;001-I
2457521;Importation;2020-09-14 14:48:00.750;EnCours;Mer;IMPORTATEUR_ANON_4478;NINEA_ANON_105;001-I
2636603;Importation;2021-10-27 12:23:26.640;EnCours;Mer;IMPORTATEUR_ANON_6742;NINEA_ANON_760;001-I
2663665;Importation;2021-12-24 09:19:25.960;EnCours;Mer;IMPORTATEUR_ANON_4581;NINEA_ANON_758;001-I
2352594;Importation;2020-01-27 16:06:12.057;Initialise;Mer;IMPORTATEUR_ANON_4044;NINEA_ANON_425;001-I
2505047;Importation;2021-01-04 11:47:02.710;EnCours;Mer;IMPORTATEUR_ANON_4979;NINEA_ANON_181;001-I
2393103;Exportation;2020-04-17 10:11:10.520;EnCours;Mer;IMPORTATEUR_ANON_1226;NINEA_ANON_336;001-E
2540777;Exportation;2021-03-22 17:07:23.300;EnCours;Mer;IMPORTATEUR_ANON_5458;NINEA_ANON_378;001-E
2542692;Importation;2021-03-25 16:57:02.147;Initialise;Mer;IMPORTATEUR_ANON_3665;NINEA_ANON_598;001-I
2627673;Importation;2021-10-06 17:12:39.697;EnCours;Mer;IMPORTATEUR_ANON_2919;NINEA_ANON_558;001-I
2672880;Exportation;2022-01-18 08:31:53.970;EnCours;Mer;IMPORTATEUR_ANON_5307;NINEA_ANON_26;001-E
2387129;Importation;2020-04-02 08:59:21.320;EnCours;Mer;IMPORTATEUR_ANON_3407;NINEA_ANON_902;001-I
2559453;Importation;2021-05-01 08:51:47.180;EnCours;Mer;IMPORTATEUR_ANON_134;NINEA_ANON_630;
2494978;Importation;2020-12-08 11:34:51.050;EnCours;Mer;IMPORTATEUR_ANON_7464;NINEA_ANON_545;001-I
2412417;Transit;2020-06-03 08:27:11.577;Initialise;Mer;IMPORTATEUR_ANON_9287;NINEA_ANON_708;001-E
2362024;Importation;2020-02-13 11:36:43.943;EnCours;Mer;IMPORTATEUR_ANON_5864;NINEA_ANON_371;001-I
2444428;Importation;2020-08-14 08:17:21.967;EnCours;Mer;IMPORTATEUR_ANON_1914;NINEA_ANON_93;001-I
2602368;Transit;2021-08-08 11:50:25.820;EnCours;Mer;IMPORTATEUR_ANON_8060;NINEA_ANON_730;
2396182;Importation;2020-04-24 10:42:13.520;EnCours;Mer;IMPORTATEUR_ANON_5804;NINEA_ANON_779;001-I
2553438;Importation;2021-04-19 14:50:18.950;EnCours;Mer;IMPORTATEUR_ANON_7669;NINEA_ANON_604;001-I
2581158;Importation;2021-06-18 12:36:27.003;EnCours;Mer;IMPORTATEUR_ANON_5;NINEA_ANON_654;001-I
2475074;Importation;2020-10-26 11:24:49.700;EnCours;Mer;IMPORTATEUR_ANON_2005;NINEA_ANON_226;001-I
2490269;Importation;2020-11-26 18:00:50.490;Initialise;Mer;IMPORTATEUR_ANON_1396;NINEA_ANON_535;001-I
2571131;Exportation;2021-05-28 13:49:38.857;EnCours;Mer;IMPORTATEUR_ANON_7084;NINEA_ANON_162;001-E
2410323;Exportation;2020-05-27 12:34:49.490;EnCours;Mer;IMPORTATEUR_ANON_4682;NINEA_ANON_407;001-E
2610473;Importation;2021-08-27 11:41:32.750;EnCours;Mer;IMPORTATEUR_ANON_8895;NINEA_ANON_135;001-I
2526512;Importation;2021-02-18 12:33:39.540;Initialise;Mer;IMPORTATEUR_ANON_4326;NINEA_ANON_887;001-I
2563147;Importation;2021-05-10 11:40:53.050;EnCours;Mer;IMPORTATEUR_ANON_7076;NINEA_ANON_662;001-I
2407942;Importation;2020-05-19 13:28:12.240;EnCours;Mer;IMPORTATEUR_ANON_4625;NINEA_ANON_485;001-I
2389723;Importation;2020-04-09 08:47:28.563;EnCours;Mer;IMPORTATEUR_ANON_6297;NINEA_ANON_550;001-I
2473807;Importation;2020-10-22 10:29:43.587;EnCours;Mer;IMPORTATEUR_ANON_8895;NINEA_ANON_393;001-I
2468666;Exportation;2020-10-12 11:13:09.707;EnCours;Mer;IMPORTATEUR_ANON_1146;NINEA_ANON_676;001-E
2347863;Importation;2020-01-17 13:11:12.277;EnCours;Mer;IMPORTATEUR_ANON_9249;NINEA_ANON_6;001-I
2357134;Importation;2020-02-05 10:31:58.367;EnCours;Mer;IMPORTATEUR_ANON_1827;NINEA_ANON_956;001-I
2593871;Importation;2021-07-15 12:54:06.553;EnCours;Mer;IMPORTATEUR_ANON_134;NINEA_ANON_630;001-I
2678851;Exportation;2022-01-31 15:13:32.930;EnCours;Mer;IMPORTATEUR_ANON_6041;NINEA_ANON_896;001-E
2427660;Importation;2020-07-07 09:44:08.203;Initialise;Mer;IMPORTATEUR_ANON_8958;NINEA_ANON_25;001-I
2625748;Importation;2021-10-02 09:38:06.630;EnCours;Mer;IMPORTATEUR_ANON_9750;NINEA_ANON_894;001-I
2683329;Importation;2022-02-10 09:10:20.370;EnCours;Mer;IMPORTATEUR_ANON_2308;NINEA_ANON_475;001-I
2683863;Importation;2022-02-10 15:27:43.037;EnCours;Mer;IMPORTATEUR_ANON_5864;NINEA_ANON_371;001-I
2375311;Importation;2020-03-09 16:10:43.457;Initialise;Mer;IMPORTATEUR_ANON_428;NINEA_ANON_515;001-I
2430164;Importation;2020-07-13 10:01:06.383;EnCours;Mer;IMPORTATEUR_ANON_4834;NINEA_ANON_425;001-I
2540315;Importation;2021-03-22 11:57:13.220;EnCours;Mer;IMPORTATEUR_ANON_1449;NINEA_ANON_551;001-I
2601339;Importation;2021-08-05 10:28:15.220;Initialise;Mer;IMPORTATEUR_ANON_5350;NINEA_ANON_626;001-I
2690567;Importation;2022-02-22 12:51:29.377;Initialise;Mer;IMPORTATEUR_ANON_4044;NINEA_ANON_56;001-I
2463724;Importation;2020-09-28 15:47:30.830;EnCours;Mer;IMPORTATEUR_ANON_3896;NINEA_ANON_624;001-I
2407107;Exportation;2020-05-18 10:35:05.580;EnCours;Mer;IMPORTATEUR_ANON_29;NINEA_ANON_514;001-E
2665009;Exportation;2021-12-28 13:15:13.500;EnCours;Mer;IMPORTATEUR_ANON_4390;NINEA_ANON_898;001-E
2430963;Importation;2020-07-14 12:09:43.477;EnCours;Mer;IMPORTATEUR_ANON_9145;NINEA_ANON_447;001-I
2469640;Importation;2020-10-13 13:35:26.090;EnCours;Mer;IMPORTATEUR_ANON_4120;NINEA_ANON_806;001-I
2592883;Importation;2021-07-13 16:18:49.417;EnCours;Mer;IMPORTATEUR_ANON_2623;NINEA_ANON_14;001-I
2691208;Exportation;2022-02-23 11:18:12.033;EnCours;Mer;IMPORTATEUR_ANON_2119;NINEA_ANON_376;001-E
2391701;Importation;2020-04-15 08:18:05.620;EnCours;Mer;IMPORTATEUR_ANON_1691;NINEA_ANON_69;001-I
2493047;Importation;2020-12-03 10:16:18.707;EnCours;Mer;IMPORTATEUR_ANON_4889;NINEA_ANON_460;001-I
2638129;Importation;2021-10-29 17:54:04.940;EnCours;Mer;IMPORTATEUR_ANON_1112;NINEA_ANON_859;001-I
2506338;Importation;2021-01-06 15:46:48.560;EnCours;Mer;IMPORTATEUR_ANON_7938;NINEA_ANON_450;001-I
2365065;Importation;2020-02-19 11:46:42.073;EnCours;Mer;IMPORTATEUR_ANON_134;NINEA_ANON_630;001-I
2449413;Importation;2020-08-26 11:36:34.600;EnCours;Mer;IMPORTATEUR_ANON_9284;NINEA_ANON_956;001-I
2632030;Importation;2021-10-15 17:03:11.893;EnCours;Mer;IMPORTATEUR_ANON_7333;NINEA_ANON_396;001-I
2559626;Importation;2021-05-03 10:08:50.373;EnCours;Mer;IMPORTATEUR_ANON_9854;NINEA_ANON_457;001-I
2534827;Importation;2021-03-10 16:10:33.190;EnCours;Mer;IMPORTATEUR_ANON_7850;NINEA_ANON_231;001-I
2608928;Importation;2021-08-24 15:24:14.087;EnCours;Mer;IMPORTATEUR_ANON_6062;NINEA_ANON_576;001-I
2346281;Importation;2020-01-15 12:15:14.223;Initialise;Mer;IMPORTATEUR_ANON_3592;NINEA_ANON_485;001-I
2368679;Exportation;2020-02-26 10:40:51.820;EnCours;Mer;IMPORTATEUR_ANON_9564;NINEA_ANON_214;001-E
2381454;Exportation;2020-03-19 17:00:44.067;EnCours;Mer;IMPORTATEUR_ANON_5232;NINEA_ANON_514;001-E
2451947;Importation;2020-09-01 15:03:57.047;EnCours;Mer;IMPORTATEUR_ANON_3923;NINEA_ANON_709;001-I
2494618;Importation;2020-12-07 15:48:51.240;EnCours;Mer;IMPORTATEUR_ANON_2308;NINEA_ANON_475;001-I
2397767;Transit;2020-04-28 15:55:38.420;Initialise;Mer;IMPORTATEUR_ANON_8563;NINEA_ANON_50;001-E
2560047;Importation;2021-05-03 14:11:29.467;EnCours;Mer;IMPORTATEUR_ANON_5592;NINEA_ANON_681;001-I
2680099;Exportation;2022-02-02 15:57:41.317;EnCours;Mer;IMPORTATEUR_ANON_7798;NINEA_ANON_258;001-E
2560587;Importation;2021-05-04 12:08:28.670;Initialise;Mer;IMPORTATEUR_ANON_8438;NINEA_ANON_699;001-I
2622152;Importation;2021-09-23 09:46:03.927;EnCours;Mer;IMPORTATEUR_ANON_7220;NINEA_ANON_193;001-I
2479137;Importation;2020-11-04 14:07:10.663;EnCours;Mer;IMPORTATEUR_ANON_5257;NINEA_ANON_485;001-I
2639004;Transit;2021-11-03 08:42:52.260;Initialise;Mer;IMPORTATEUR_ANON_3144;NINEA_ANON_548;001-E
2510398;Importation;2021-01-15 10:25:25.893;EnCours;Mer;IMPORTATEUR_ANON_2490;NINEA_ANON_330;001-I
2609916;Importation;2021-08-26 12:45:59.653;EnCours;Mer;IMPORTATEUR_ANON_2429;NINEA_ANON_703;001-I
2619848;Transit;2021-09-17 12:29:42.680;EnCours;Mer;IMPORTATEUR_ANON_8060;NINEA_ANON_730;
2639922;Exportation;2021-11-04 13:09:19.580;EnCours;Mer;IMPORTATEUR_ANON_5100;NINEA_ANON_717;001-E
2370665;Importation;2020-02-28 16:40:12.950;EnCours;Mer;IMPORTATEUR_ANON_4712;NINEA_ANON_269;001-I
2563091;Importation;2021-05-10 11:13:54.203;EnCours;Mer;IMPORTATEUR_ANON_3951;NINEA_ANON_125;001-I
2635938;Importation;2021-10-26 12:56:34.143;EnCours;Mer;IMPORTATEUR_ANON_4949;NINEA_ANON_875;001-I
2347617;Importation;2020-01-17 10:34:44.637;Initialise;Mer;IMPORTATEUR_ANON_1418;NINEA_ANON_544;001-I
2387538;Importation;2020-04-02 14:11:50.260;EnCours;Mer;IMPORTATEUR_ANON_5978;NINEA_ANON_615;001-I
2490845;Importation;2020-11-27 17:00:48.200;EnCours;Mer;IMPORTATEUR_ANON_9284;NINEA_ANON_956;001-I
2509364;Importation;2021-01-13 14:01:02.607;EnCours;Mer;IMPORTATEUR_ANON_1552;NINEA_ANON_151;001-I
2473757;Importation;2020-10-22 09:52:37.020;EnCours;Mer;IMPORTATEUR_ANON_7259;NINEA_ANON_949;001-I
2353603;Importation;2020-01-29 09:45:33.207;EnCours;Mer;IMPORTATEUR_ANON_8011;NINEA_ANON_856;001-I
2383055;Importation;2020-03-24 11:04:04.820;EnCours;Mer;IMPORTATEUR_ANON_5682;NINEA_ANON_144;001-I
2671119;Importation;2022-01-13 10:54:38.603;EnCours;Mer;IMPORTATEUR_ANON_3660;NINEA_ANON_647;001-I
2412649;Importation;2020-06-03 11:05:30.097;Initialise;Mer;IMPORTATEUR_ANON_5906;NINEA_ANON_645;001-I
2428014;Exportation;2020-07-07 13:40:35.520;EnCours;Mer;IMPORTATEUR_ANON_292;NINEA_ANON_49;001-E
2434840;Importation;2020-07-22 16:04:12.540;EnCours;Mer;IMPORTATEUR_ANON_3434;NINEA_ANON_396;001-I
2692743;Importation;2022-02-25 11:50:36.590;EnCours;Mer;IMPORTATEUR_ANON_9322;NINEA_ANON_87;001-I
2356628;Importation;2020-02-04 14:23:25.363;EnCours;Mer;IMPORTATEUR_ANON_4002;NINEA_ANON_44;001-I
2668343;Exportation;2022-01-06 10:39:32.163;EnCours;Mer;IMPORTATEUR_ANON_2693;NINEA_ANON_973;001-E
2425016;Importation;2020-06-30 17:18:21.787;EnCours;Mer;IMPORTATEUR_ANON_5661;NINEA_ANON_252;001-I
2413464;Importation;2020-06-04 12:44:46.893;EnCours;Mer;IMPORTATEUR_ANON_2398;NINEA_ANON_734;001-I
2339160;Importation;2020-01-02 09:00:21.213;Initialise;Mer;IMPORTATEUR_ANON_816;NINEA_ANON_548;001-I
2657300;Importation;2021-12-10 11:05:07.270;EnCours;Mer;IMPORTATEUR_ANON_9857;NINEA_ANON_307;001-I
2537196;Importation;2021-03-16 10:03:47.370;EnCours;Mer;IMPORTATEUR_ANON_9628;NINEA_ANON_405;001-I
2415006;Importation;2020-06-08 16:15:37.130;EnCours;Mer;IMPORTATEUR_ANON_2641;NINEA_ANON_527;001-I
2571884;Importation;2021-05-31 13:47:33.003;EnCours;Mer;IMPORTATEUR_ANON_3213;NINEA_ANON_35;001-I
2521877;Exportation;2021-02-09 09:23:02.990;EnCours;Mer;IMPORTATEUR_ANON_779;NINEA_ANON_673;001-E
2567734;Importation;2021-05-20 17:06:12.400;EnCours;Mer;IMPORTATEUR_ANON_8678;NINEA_ANON_571;001-I
2616870;Importation;2021-09-10 15:21:02.620;EnCours;Mer;IMPORTATEUR_ANON_5864;NINEA_ANON_371;001-I
2658545;Importation;2021-12-14 10:05:41.487;EnCours;Mer;IMPORTATEUR_ANON_6439;NINEA_ANON_732;
2593288;Importation;2021-07-14 12:38:28.020;EnCours;Mer;IMPORTATEUR_ANON_278;NINEA_ANON_59;001-I
2453510;Importation;2020-09-04 11:35:49.807;EnCours;Mer;IMPORTATEUR_ANON_4428;NINEA_ANON_802;001-I
2393722;Exportation;2020-04-20 10:46:07.600;EnCours;Mer;IMPORTATEUR_ANON_134;NINEA_ANON_630;001-E
2602074;Exportation;2021-08-06 13:10:43.097;EnCours;Mer;IMPORTATEUR_ANON_3923;NINEA_ANON_709;001-E
2546162;Importation;2021-04-02 10:24:52.060;Initialise;Mer;IMPORTATEUR_ANON_4244;NINEA_ANON_250;001-I
2477814;Importation;2020-11-02 13:13:55.327;EnCours;Mer;IMPORTATEUR_ANON_7464;NINEA_ANON_545;001-I
2426029;Importation;2020-07-02 14:17:29.760;EnCours;Mer;IMPORTATEUR_ANON_9110;NINEA_ANON_511;001-I
2427617;Importation;2020-07-07 09:23:02.887;EnCours;Mer;IMPORTATEUR_ANON_8488;NINEA_ANON_578;001-I
2358186;Importation;2020-02-06 14:23:17.053;EnCours;Mer;IMPORTATEUR_ANON_1026;NINEA_ANON_774;001-I
2388272;Importation;2020-04-05 12:34:13.313;EnCours;Mer;IMPORTATEUR_ANON_5978;NINEA_ANON_615;001-I
2582641;Exportation;2021-06-22 13:49:04.107;EnCours;Mer;IMPORTATEUR_ANON_7379;NINEA_ANON_391;001-E
2341987;Importation;2020-01-07 16:51:14.447;EnCours;Mer;IMPORTATEUR_ANON_3768;NINEA_ANON_664;001-I
2375145;Exportation;2020-03-09 13:58:25.980;EnCours;Mer;IMPORTATEUR_ANON_7249;NINEA_ANON_972;001-E
2497961;Importation;2020-12-15 09:20:04.170;EnCours;Mer;IMPORTATEUR_ANON_569;NINEA_ANON_299;001-I
2564242;Exportation;2021-05-12 08:40:58.587;EnCours;Mer;IMPORTATEUR_ANON_29;NINEA_ANON_446;001-E
2523154;Importation;2021-02-11 09:31:59.637;EnCours;Mer;IMPORTATEUR_ANON_6466;NINEA_ANON_70;
2456366;Exportation;2020-09-10 15:36:12.587;Initialise;Mer;IMPORTATEUR_ANON_5992;NINEA_ANON_319;001-E
2637664;Exportation;2021-10-29 10:28:34.270;EnCours;Mer;IMPORTATEUR_ANON_4979;NINEA_ANON_181;001-E
2420180;Exportation;2020-06-19 10:11:30.447;EnCours;Mer;IMPORTATEUR_ANON_29;NINEA_ANON_446;001-E
2499771;Transit;2020-12-18 09:12:58.643;Initialise;Mer;IMPORTATEUR_ANON_6297;NINEA_ANON_818;001-E
2555684;Importation;2021-04-23 10:11:48.117;EnCours;Mer;IMPORTATEUR_ANON_1088;NINEA_ANON_280;001-I
2428683;Importation;2020-07-08 15:07:41.460;EnCours;Mer;IMPORTATEUR_ANON_4424;NINEA_ANON_51;001-I
2439843;Importation;2020-08-06 08:46:36.863;Initialise;Mer;IMPORTATEUR_ANON_6863;NINEA_ANON_240;001-I
2584600;Importation;2021-06-25 16:13:32.350;EnCours;Mer;IMPORTATEUR_ANON_428;NINEA_ANON_244;001-I
2568832;Importation;2021-05-25 11:40:43.370;EnCours;Mer;IMPORTATEUR_ANON_5760;NINEA_ANON_572;001-I
2689942;Importation;2022-02-21 15:28:00.117;EnCours;Mer;IMPORTATEUR_ANON_9628;NINEA_ANON_405;001-I
2476303;Importation;2020-10-28 10:23:00.797;Initialise;Mer;IMPORTATEUR_ANON_9284;NINEA_ANON_956;001-I
2575092;Importation;2021-06-07 13:04:10.007;EnCours;Mer;IMPORTATEUR_ANON_1380;NINEA_ANON_312;
2353973;Importation;2020-01-29 14:06:15.543;EnCours;Mer;IMPORTATEUR_ANON_4424;NINEA_ANON_51;001-I
2532109;Importation;2021-03-03 12:06:08.273;Initialise;Mer;IMPORTATEUR_ANON_5350;NINEA_ANON_626;001-I
2679706;Importation;2022-02-02 10:15:45.583;EnCours;Mer;IMPORTATEUR_ANON_134;NINEA_ANON_630;001-I
2649344;Importation;2021-11-24 09:17:53.493;Initialise;Mer;IMPORTATEUR_ANON_4224;NINEA_ANON_333;001-I
2649673;Exportation;2021-11-24 13:35:05.870;EnCours;Mer;IMPORTATEUR_ANON_9395;NINEA_ANON_952;001-E
2593460;Importation;2021-07-14 16:12:40.353;EnCours;Mer;IMPORTATEUR_ANON_8969;NINEA_ANON_35;001-I
2686371;Importation;2022-02-15 16:31:54.050;Initialise;Mer;IMPORTATEUR_ANON_6766;NINEA_ANON_420;001-I
2440543;Importation;2020-08-07 10:58:27.083;EnCours;Mer;IMPORTATEUR_ANON_7778;NINEA_ANON_618;001-I
2630464;Importation;2021-10-13 11:45:39.003;EnCours;Mer;IMPORTATEUR_ANON_5405;NINEA_ANON_859;001-I
2630852;Importation;2021-10-14 07:53:19.120;EnCours;Mer;IMPORTATEUR_ANON_5409;NINEA_ANON_85;
2460897;Importation;2020-09-22 11:09:56.590;EnCours;Mer;IMPORTATEUR_ANON_134;NINEA_ANON_630;001-I
2444414;Importation;2020-08-13 19:23:22.643;EnCours;Mer;IMPORTATEUR_ANON_4504;NINEA_ANON_521;001-I
2427832;Importation;2020-07-07 11:23:08.413;EnCours;Mer;IMPORTATEUR_ANON_7203;NINEA_ANON_645;001-I
2585338;Importation;2021-06-28 15:47:21.573;EnCours;Mer;IMPORTATEUR_ANON_6742;NINEA_ANON_760;001-I
2434717;Importation;2020-07-22 13:47:36.547;Initialise;Mer;IMPORTATEUR_ANON_2097;NINEA_ANON_323;001-I
2555077;Importation;2021-04-22 10:50:19.443;EnCours;Mer;IMPORTATEUR_ANON_5760;NINEA_ANON_572;001-I
2631477;Importation;2021-10-14 20:34:18.880;EnCours;Mer;IMPORTATEUR_ANON_4406;NINEA_ANON_855;001-I
2501150;Transit;2020-12-22 09:11:10.393;Initialise;Mer;IMPORTATEUR_ANON_3144;NINEA_ANON_548;001-E
2391348;Importation;2020-04-14 12:53:27.480;EnCours;Mer;IMPORTATEUR_ANON_3768;NINEA_ANON_664;001-I
2559379;Importation;2021-04-30 15:48:51.073;EnCours;Mer;IMPORTATEUR_ANON_278;NINEA_ANON_59;001-I
2470195;Importation;2020-10-14 11:48:33.837;Initialise;Mer;IMPORTATEUR_ANON_5170;NINEA_ANON_889;001-I
2499933;Importation;2020-12-18 11:09:08.077;Initialise;Mer;IMPORTATEUR_ANON_2833;NINEA_ANON_450;001-I
2647991;Importation;2021-11-22 10:11:03.483;EnCours;Mer;IMPORTATEUR_ANON_3784;NINEA_ANON_511;001-I
2647378;Importation;2021-11-19 11:41:28.793;EnCours;Mer;IMPORTATEUR_ANON_462;NINEA_ANON_744;001-I
2418433;Exportation;2020-06-16 09:59:13.477;EnCours;Mer;IMPORTATEUR_ANON_679;NINEA_ANON_221;001-E
2657897;Importation;2021-12-13 11:25:58.110;EnCours;Mer;IMPORTATEUR_ANON_1383;NINEA_ANON_586;001-I
2388609;Importation;2020-04-06 13:27:21.367;EnCours;Mer;IMPORTATEUR_ANON_2102;NINEA_ANON_874;001-I
2464565;Transit;2020-09-30 09:25:52.980;EnCours;Mer;IMPORTATEUR_ANON_1203;NINEA_ANON_669;001-E
2525373;Exportation;2021-02-16 15:23:06.017;EnCours;Mer;IMPORTATEUR_ANON_6574;NINEA_ANON_72;001-E
2502102;Exportation;2020-12-23 14:03:43.143;EnCours;Mer;IMPORTATEUR_ANON_29;NINEA_ANON_514;001-E
2674176;Importation;2022-01-20 07:30:25.953;EnCours;Mer;IMPORTATEUR_ANON_1614;NINEA_ANON_86;
2544886;Exportation;2021-03-31 10:38:40.223;EnCours;Mer;IMPORTATEUR_ANON_1226;NINEA_ANON_514;001-E
2582670;Importation;2021-06-22 14:18:26.447;EnCours;Mer;IMPORTATEUR_ANON_5653;NINEA_ANON_803;001-I
2392734;Importation;2020-04-16 12:18:19.663;EnCours;Mer;IMPORTATEUR_ANON_6420;NINEA_ANON_222;001-I
2593541;Importation;2021-07-14 18:30:22.310;EnCours;Mer;IMPORTATEUR_ANON_6273;NINEA_ANON_291;001-I
2339367;Importation;2020-01-02 11:25:18.690;EnCours;Mer;IMPORTATEUR_ANON_7289;NINEA_ANON_748;001-I
2592367;Importation;2021-07-12 20:13:02.800;EnCours;Mer;IMPORTATEUR_ANON_6109;NINEA_ANON_312;001-I
2434997;Importation;2020-07-23 09:46:30.730;EnCours;Mer;IMPORTATEUR_ANON_8535;NINEA_ANON_313;001-I
2436177;Importation;2020-07-27 09:50:09.827;Initialise;Mer;IMPORTATEUR_ANON_2456;NINEA_ANON_717;001-I
2409336;Exportation;2020-05-26 09:26:31.747;EnCours;Mer;IMPORTATEUR_ANON_5174;NINEA_ANON_530;001-E
2462023;Importation;2020-09-24 10:18:37.240;EnCours;Mer;IMPORTATEUR_ANON_7464;NINEA_ANON_545;001-I
2465910;Importation;2020-10-02 12:23:59.573;EnCours;Mer;IMPORTATEUR_ANON_6171;NINEA_ANON_147;001-I
2475093;Transit;2020-10-26 11:34:59.260;Initialise;Mer;IMPORTATEUR_ANON_3144;NINEA_ANON_548;001-E
2523963;Importation;2021-02-12 13:15:50.330;EnCours;Mer;IMPORTATEUR_ANON_7464;NINEA_ANON_545;001-I
2543595;Importation;2021-03-29 10:53:06.450;EnCours;Mer;IMPORTATEUR_ANON_9924;NINEA_ANON_543;001-I
2550347;Importation;2021-04-13 11:28:26.613;Initialise;Mer;IMPORTATEUR_ANON_4187;NINEA_ANON_818;001-I
2510670;Importation;2021-01-15 13:59:42.103;EnCours;Mer;IMPORTATEUR_ANON_8198;NINEA_ANON_48;001-I
2514192;Exportation;2021-01-22 12:13:17.843;EnCours;Mer;IMPORTATEUR_ANON_1146;NINEA_ANON_755;001-E
2509957;Importation;2021-01-14 12:39:28.643;EnCours;Mer;IMPORTATEUR_ANON_4510;NINEA_ANON_189;001-I
2349119;Importation;2020-01-21 10:16:18.870;EnCours;Mer;IMPORTATEUR_ANON_4510;NINEA_ANON_189;001-I
2352964;Importation;2020-01-28 10:38:48.410;EnCours;Mer;IMPORTATEUR_ANON_9899;NINEA_ANON_845;001-I
2552759;Exportation;2021-04-17 09:15:28.233;EnCours;Mer;IMPORTATEUR_ANON_1088;NINEA_ANON_280;001-E
2592926;Importation;2021-07-13 16:55:14.063;EnCours;Mer;IMPORTATEUR_ANON_3768;NINEA_ANON_664;001-I
2540706;Importation;2021-03-22 16:21:19.880;EnCours;Mer;IMPORTATEUR_ANON_2308;NINEA_ANON_475;001-I
2620410;Importation;2021-09-20 11:48:02.483;EnCours;Mer;IMPORTATEUR_ANON_2251;NINEA_ANON_339;001-I
2637984;Importation;2021-10-29 14:40:51.657;EnCours;Mer;IMPORTATEUR_ANON_1124;NINEA_ANON_111;001-I
2350271;Exportation;2020-01-22 14:07:49.993;EnCours;Mer;IMPORTATEUR_ANON_6574;NINEA_ANON_72;001-E
2616926;Importation;2021-09-10 16:08:35.797;EnCours;Mer;IMPORTATEUR_ANON_1096;NINEA_ANON_301;001-I
2349380;Exportation;2020-01-21 12:20:50.320;EnCours;Mer;IMPORTATEUR_ANON_7333;NINEA_ANON_396;001-E
2497117;Importation;2020-12-11 17:38:04.367;EnCours;Mer;IMPORTATEUR_ANON_6895;NINEA_ANON_268;001-I
2560200;Importation;2021-05-03 15:56:14.020;EnCours;Mer;IMPORTATEUR_ANON_7446;NINEA_ANON_806;001-I
2454873;Importation;2020-09-08 14:30:37.137;EnCours;Mer;IMPORTATEUR_ANON_5224;NINEA_ANON_559;001-I
2427105;Importation;2020-07-06 11:46:13.613;EnCours;Mer;IMPORTATEUR_ANON_9750;NINEA_ANON_894;001-I
2593161;Importation;2021-07-14 10:51:23.457;EnCours;Mer;IMPORTATEUR_ANON_4510;NINEA_ANON_189;001-I
2375492;Importation;2020-03-10 08:36:05.870;EnCours;Mer;IMPORTATEUR_ANON_4510;NINEA_ANON_189;001-I
2608115;Exportation;2021-08-23 13:23:39.350;EnCours;Mer;IMPORTATEUR_ANON_3515;NINEA_ANON_514;001-E
2605936;Exportation;2021-08-16 16:08:35.177;EnCours;Mer;IMPORTATEUR_ANON_1827;NINEA_ANON_956;001-E
2464892;Importation;2020-09-30 15:24:09.167;EnCours;Mer;IMPORTATEUR_ANON_583;NINEA_ANON_230;001-I
2339901;Exportation;2020-01-02 18:45:27.727;EnCours;Mer;IMPORTATEUR_ANON_278;NINEA_ANON_355;001-E
2382606;Importation;2020-03-23 12:45:59.790;EnCours;Mer;IMPORTATEUR_ANON_8018;NINEA_ANON_870;001-I
2463301;Importation;2020-09-28 10:14:00.100;EnCours;Mer;IMPORTATEUR_ANON_9681;NINEA_ANON_946;001-I
2606214;Importation;2021-08-17 10:48:10.183;EnCours;Mer;IMPORTATEUR_ANON_7938;NINEA_ANON_450;001-I
2558244;Transit;2021-04-28 16:36:29.557;Initialise;Mer;IMPORTATEUR_ANON_5932;NINEA_ANON_719;001-E
2616371;Importation;2021-09-09 17:39:12.587;EnCours;Mer;IMPORTATEUR_ANON_5743;NINEA_ANON_242;001-I
2348049;Transit;2020-01-17 17:08:51.400;Initialise;Mer;IMPORTATEUR_ANON_195;NINEA_ANON_708;001-E
2358966;Importation;2020-02-07 15:35:38.633;Initialise;Mer;IMPORTATEUR_ANON_1893;NINEA_ANON_616;001-I
2435915;Importation;2020-07-24 15:57:30.553;EnCours;Mer;IMPORTATEUR_ANON_7333;NINEA_ANON_396;001-I
2432806;Importation;2020-07-17 12:15:34.343;Initialise;Mer;IMPORTATEUR_ANON_4773;NINEA_ANON_977;001-I
2545654;Importation;2021-04-01 12:05:48.327;EnCours;Mer;IMPORTATEUR_ANON_9172;NINEA_ANON_4;
2503615;Importation;2020-12-29 11:25:18.353;EnCours;Mer;IMPORTATEUR_ANON_6862;NINEA_ANON_9;001-I
2354811;Importation;2020-01-30 16:24:47.330;EnCours;Mer;IMPORTATEUR_ANON_7248;NINEA_ANON_430;001-I
2533229;Importation;2021-03-07 23:33:08.390;EnCours;Mer;IMPORTATEUR_ANON_3784;NINEA_ANON_511;001-I
2419835;Importation;2020-06-18 13:16:58.673;Initialise;Mer;IMPORTATEUR_ANON_2052;NINEA_ANON_782;001-I
2517434;Transit;2021-01-29 11:03:25.040;EnCours;Mer;IMPORTATEUR_ANON_8060;NINEA_ANON_730;
2390883;Transit;2020-04-14 07:45:08.067;Initialise;Mer;IMPORTATEUR_ANON_8563;NINEA_ANON_50;001-E
2442648;Importation;2020-08-11 09:24:16.487;EnCours;Mer;IMPORTATEUR_ANON_3657;NINEA_ANON_826;001-I
2554717;Importation;2021-04-21 13:24:17.240;Initialise;Mer;IMPORTATEUR_ANON_5543;NINEA_ANON_1;001-I
2564090;Importation;2021-05-11 15:28:54.553;EnCours;Mer;IMPORTATEUR_ANON_4103;NINEA_ANON_475;001-I
2569076;Exportation;2021-05-25 14:27:24.470;Initialise;Mer;IMPORTATEUR_ANON_278;NINEA_ANON_355;001-E
2405482;Importation;2020-05-13 11:30:59.270;Initialise;Mer;IMPORTATEUR_ANON_6112;NINEA_ANON_496;001-I
2571407;Importation;2021-05-31 08:46:50.877;EnCours;Mer;IMPORTATEUR_ANON_1124;NINEA_ANON_111;001-I
2499533;Transit;2020-12-17 14:12:39.910;EnCours;Mer;IMPORTATEUR_ANON_8453;NINEA_ANON_993;001-E
2590559;Importation;2021-07-08 11:49:02.467;EnCours;Mer;IMPORTATEUR_ANON_9296;NINEA_ANON_840;001-I
2412328;Importation;2020-06-02 16:37:35.953;EnCours;Mer;IMPORTATEUR_ANON_7880;NINEA_ANON_172;001-I
2637980;Importation;2021-10-29 14:29:31.450;EnCours;Mer;IMPORTATEUR_ANON_7382;NINEA_ANON_534;001-I
2644275;Importation;2021-11-15 10:46:24.390;EnCours;Mer;IMPORTATEUR_ANON_569;NINEA_ANON_299;001-I
2694023;Exportation;2022-02-28 17:19:46.300;EnCours;Mer;IMPORTATEUR_ANON_1061;NINEA_ANON_800;001-E
2504961;Importation;2021-01-04 10:47:26.510;EnCours;Mer;IMPORTATEUR_ANON_4428;NINEA_ANON_802;001-I
2438199;Importation;2020-08-03 08:26:10.110;EnCours;Mer;IMPORTATEUR_ANON_8958;NINEA_ANON_25;001-I
2394542;Importation;2020-04-21 12:22:54.233;Initialise;Mer;IMPORTATEUR_ANON_5303;NINEA_ANON_356;001-I
2609934;Importation;2021-08-26 12:59:38.263;EnCours;Mer;IMPORTATEUR_ANON_5864;NINEA_ANON_371;001-I
2507893;Importation;2021-01-11 12:32:07.397;Initialise;Mer;IMPORTATEUR_ANON_9440;NINEA_ANON_897;001-I
2492171;Importation;2020-12-01 15:09:42.730;Initialise;Mer;IMPORTATEUR_ANON_4060;NINEA_ANON_533;001-I
2511083;Importation;2021-01-18 10:41:05.683;Initialise;Mer;IMPORTATEUR_ANON_5966;NINEA_ANON_310;001-I
2580493;Importation;2021-06-17 12:34:38.473;EnCours;Mer;IMPORTATEUR_ANON_7153;NINEA_ANON_918;001-I
2393730;Importation;2020-04-20 10:48:59.130;EnCours;Mer;IMPORTATEUR_ANON_5760;NINEA_ANON_572;001-I
2511784;Importation;2021-01-19 08:28:07.597;EnCours;Mer;IMPORTATEUR_ANON_8403;NINEA_ANON_383;001-I
2591928;Réexportation;2021-07-12 11:23:13.827;EnCours;Mer;IMPORTATEUR_ANON_3407;NINEA_ANON_467;001-E
2640684;Importation;2021-11-05 15:57:50.580;EnCours;Mer;IMPORTATEUR_ANON_5362;NINEA_ANON_534;001-I
2659720;Importation;2021-12-15 16:36:48.733;EnCours;Mer;IMPORTATEUR_ANON_4744;NINEA_ANON_222;001-I
2523959;Importation;2021-02-12 13:13:34.113;Initialise;Mer;IMPORTATEUR_ANON_7572;NINEA_ANON_574;001-I
2414074;Importation;2020-06-05 12:49:32.257;EnCours;Mer;IMPORTATEUR_ANON_2814;NINEA_ANON_668;001-I
2523228;Réexportation;2021-02-11 10:36:00.937;EnCours;Mer;IMPORTATEUR_ANON_5682;NINEA_ANON_144;001-E
2388533;Exportation;2020-04-06 12:31:03.017;EnCours;Mer;IMPORTATEUR_ANON_8895;NINEA_ANON_393;001-E
2532897;Exportation;2021-03-04 15:39:25.870;EnCours;Mer;IMPORTATEUR_ANON_1552;NINEA_ANON_437;001-E
2605301;Importation;2021-08-13 16:38:13.770;EnCours;Mer;IMPORTATEUR_ANON_8958;NINEA_ANON_25;001-I
2428874;Exportation;2020-07-09 09:26:39.963;EnCours;Mer;IMPORTATEUR_ANON_679;NINEA_ANON_221;001-E
2492887;Importation;2020-12-02 16:39:57.967;EnCours;Mer;IMPORTATEUR_ANON_5369;NINEA_ANON_90;001-I
2645478;Importation;2021-11-16 15:50:43.257;EnCours;Mer;IMPORTATEUR_ANON_819;NINEA_ANON_349;001-I
2460216;Importation;2020-09-21 10:44:16.957;Initialise;Mer;IMPORTATEUR_ANON_8656;NINEA_ANON_695;001-I
2566285;Importation;2021-05-18 15:14:28.633;EnCours;Mer;IMPORTATEUR_ANON_7289;NINEA_ANON_748;
2522291;Importation;2021-02-09 15:03:41.223;EnCours;Mer;IMPORTATEUR_ANON_1124;NINEA_ANON_111;
2523947;Importation;2021-02-12 13:07:04.247;EnCours;Mer;IMPORTATEUR_ANON_1124;NINEA_ANON_111;
2562716;Exportation;2021-05-07 17:20:49.433;EnCours;Mer;IMPORTATEUR_ANON_7333;NINEA_ANON_396;001-E
2345124;Importation;2020-01-13 18:41:14.733;EnCours;Mer;IMPORTATEUR_ANON_569;NINEA_ANON_299;001-I
2395863;Importation;2020-04-23 13:40:01.457;EnCours;Mer;IMPORTATEUR_ANON_638;NINEA_ANON_384;001-I
2434289;Importation;2020-07-21 17:08:45.277;EnCours;Mer;IMPORTATEUR_ANON_6882;NINEA_ANON_14;001-I
2572585;Exportation;2021-06-01 14:19:00.753;EnCours;Mer;IMPORTATEUR_ANON_29;NINEA_ANON_562;001-E
2580830;Importation;2021-06-18 08:17:47.150;EnCours;Mer;IMPORTATEUR_ANON_134;NINEA_ANON_630;001-I
2340272;Transit;2020-01-03 12:47:51.543;Initialise;Mer;IMPORTATEUR_ANON_638;NINEA_ANON_950;001-E
2592379;Importation;2021-07-13 07:58:49.067;EnCours;Mer;IMPORTATEUR_ANON_32;NINEA_ANON_0;
2433511;Importation;2020-07-20 13:01:02.260;EnCours;Mer;IMPORTATEUR_ANON_6983;NINEA_ANON_770;001-I
2607011;Importation;2021-08-18 14:43:19.017;EnCours;Mer;IMPORTATEUR_ANON_2223;NINEA_ANON_102;001-I
2651969;Importation;2021-11-29 17:17:24.060;Initialise;Mer;IMPORTATEUR_ANON_9684;NINEA_ANON_294;001-I
2369610;Importation;2020-02-27 11:58:48.487;EnCours;Mer;IMPORTATEUR_ANON_3195;NINEA_ANON_59;001-I
2499481;Importation;2020-12-17 13:04:34.100;EnCours;Mer;IMPORTATEUR_ANON_2602;NINEA_ANON_256;
2557221;Importation;2021-04-27 11:16:19.270;EnCours;Mer;IMPORTATEUR_ANON_9977;NINEA_ANON_548;
2569660;Exportation;2021-05-26 11:44:36.370;EnCours;Mer;IMPORTATEUR_ANON_9750;NINEA_ANON_628;001-E
2356830;Importation;2020-02-04 17:01:05.450;Initialise;Mer;IMPORTATEUR_ANON_5309;NINEA_ANON_254;001-I
2407995;Importation;2020-05-19 14:52:37.530;Initialise;Mer;IMPORTATEUR_ANON_7987;NINEA_ANON_839;001-I
2559690;Transit;2021-05-03 10:31:25.260;Initialise;Mer;IMPORTATEUR_ANON_638;NINEA_ANON_950;001-E
2376609;Exportation;2020-03-11 11:19:17.187;EnCours;Mer;IMPORTATEUR_ANON_7692;NINEA_ANON_804;001-E
2557099;Importation;2021-04-27 10:09:59.083;EnCours;Mer;IMPORTATEUR_ANON_4424;NINEA_ANON_51;001-I
2577048;Importation;2021-06-10 12:42:28.200;EnCours;Mer;IMPORTATEUR_ANON_1515;NINEA_ANON_613;001-I
2542975;Exportation;2021-03-26 11:53:40.603;EnCours;Mer;IMPORTATEUR_ANON_991;NINEA_ANON_486;001-E
2449554;Importation;2020-08-26 14:18:51.547;EnCours;Mer;IMPORTATEUR_ANON_2456;NINEA_ANON_717;001-I
2427310;Importation;2020-07-06 14:51:10.620;EnCours;Mer;IMPORTATEUR_ANON_3863;NINEA_ANON_628;001-I
2557090;Importation;2021-04-27 10:07:08.350;EnCours;Mer;IMPORTATEUR_ANON_4670;NINEA_ANON_48;001-I
2415262;Importation;2020-06-09 10:39:58.813;Initialise;Mer;IMPORTATEUR_ANON_6576;NINEA_ANON_369;001-I
2440189;Importation;2020-08-06 13:29:36.647;Initialise;Mer;IMPORTATEUR_ANON_7803;NINEA_ANON_345;001-I
2522855;Importation;2021-02-10 13:29:36.137;EnCours;Mer;IMPORTATEUR_ANON_8911;NINEA_ANON_958;001-I
2370632;Importation;2020-02-28 16:19:37.453;EnCours;Mer;IMPORTATEUR_ANON_599;NINEA_ANON_916;001-I
2516752;Importation;2021-01-28 09:50:01.497;EnCours;Mer;IMPORTATEUR_ANON_134;NINEA_ANON_756;
2538706;Importation;2021-03-18 10:25:36.617;EnCours;Mer;IMPORTATEUR_ANON_8642;NINEA_ANON_230;001-I
2483611;Exportation;2020-11-12 10:52:15.720;EnCours;Mer;IMPORTATEUR_ANON_9282;NINEA_ANON_376;001-E
2655992;Importation;2021-12-08 10:14:04.877;EnCours;Mer;IMPORTATEUR_ANON_4432;NINEA_ANON_112;
2664247;Importation;2021-12-27 10:54:07.763;Initialise;Mer;IMPORTATEUR_ANON_3407;NINEA_ANON_467;001-I
2432215;Importation;2020-07-16 12:06:51.207;EnCours;Mer;IMPORTATEUR_ANON_688;NINEA_ANON_569;001-I
2442020;Importation;2020-08-10 09:56:33.940;EnCours;Mer;IMPORTATEUR_ANON_1748;NINEA_ANON_78;001-I
2502140;Importation;2020-12-23 14:56:05.217;EnCours;Mer;IMPORTATEUR_ANON_477;NINEA_ANON_240;
2450225;Importation;2020-08-27 16:30:49.630;Initialise;Mer;IMPORTATEUR_ANON_8040;NINEA_ANON_523;001-I
2508963;Importation;2021-01-13 08:22:19.610;EnCours;Mer;IMPORTATEUR_ANON_2935;NINEA_ANON_639;001-I
2659334;Importation;2021-12-15 10:48:57.313;EnCours;Mer;IMPORTATEUR_ANON_3330;NINEA_ANON_645;
2572988;Importation;2021-06-02 10:21:11.800;EnCours;Mer;IMPORTATEUR_ANON_5362;NINEA_ANON_120;001-I
2550535;Importation;2021-04-13 14:05:48.977;EnCours;Mer;IMPORTATEUR_ANON_1146;NINEA_ANON_676;001-I
2441935;Importation;2020-08-10 08:38:46.667;EnCours;Mer;IMPORTATEUR_ANON_4475;NINEA_ANON_694;001-I
2549997;Importation;2021-04-12 16:23:18.443;EnCours;Mer;IMPORTATEUR_ANON_7153;NINEA_ANON_918;001-I
2415708;Exportation;2020-06-09 22:01:38.530;EnCours;Mer;IMPORTATEUR_ANON_7692;NINEA_ANON_804;001-E
2540653;Importation;2021-03-22 15:45:46.787;EnCours;Mer;IMPORTATEUR_ANON_7569;NINEA_ANON_834;001-I
2443218;Importation;2020-08-11 18:13:35.770;Initialise;Mer;IMPORTATEUR_ANON_1039;NINEA_ANON_47;001-I
2570353;Importation;2021-05-27 11:52:54.013;EnCours;Mer;IMPORTATEUR_ANON_6983;NINEA_ANON_770;001-I
2550297;Importation;2021-04-13 11:02:13.787;EnCours;Mer;IMPORTATEUR_ANON_6125;NINEA_ANON_61;001-I
2592694;Importation;2021-07-13 13:09:20.643;EnCours;Mer;IMPORTATEUR_ANON_1833;NINEA_ANON_514;001-I
2433738;Importation;2020-07-20 17:51:33.353;EnCours;Mer;IMPORTATEUR_ANON_5864;NINEA_ANON_371;001-I
2501017;Exportation;2020-12-21 16:50:57.903;EnCours;Mer;IMPORTATEUR_ANON_9659;NINEA_ANON_549;001-E
2561510;Importation;2021-05-05 15:53:54.090;Initialise;Mer;IMPORTATEUR_ANON_4191;NINEA_ANON_38;001-I
2578493;Exportation;2021-06-14 12:33:59.030;EnCours;Mer;IMPORTATEUR_ANON_6119;NINEA_ANON_519;001-E
2386259;Importation;2020-03-31 12:47:46.123;Initialise;Mer;IMPORTATEUR_ANON_251;NINEA_ANON_736;001-I
2471187;Importation;2020-10-16 08:44:33.713;EnCours;Mer;IMPORTATEUR_ANON_3438;NINEA_ANON_590;001-I
2479503;Importation;2020-11-05 10:09:40.810;EnCours;Mer;IMPORTATEUR_ANON_6403;NINEA_ANON_783;001-I
2445445;Importation;2020-08-17 14:52:41.140;Initialise;Mer;IMPORTATEUR_ANON_2858;NINEA_ANON_40;001-I
2606790;Importation;2021-08-18 11:31:50.777;EnCours;Mer;IMPORTATEUR_ANON_1146;NINEA_ANON_317;001-I
2644023;Importation;2021-11-12 17:07:32.613;Initialise;Mer;IMPORTATEUR_ANON_6935;NINEA_ANON_602;001-I
2368669;Importation;2020-02-26 10:34:29.560;EnCours;Mer;IMPORTATEUR_ANON_4744;NINEA_ANON_747;001-I
2518177;Exportation;2021-02-01 10:57:15.507;EnCours;Mer;IMPORTATEUR_ANON_1088;NINEA_ANON_280;001-E
2352010;Exportation;2020-01-27 09:26:27.657;EnCours;Mer;IMPORTATEUR_ANON_9641;NINEA_ANON_320;001-E
2524113;Exportation;2021-02-12 16:38:36.210;EnCours;Mer;IMPORTATEUR_ANON_6772;NINEA_ANON_514;001-E
2584568;Importation;2021-06-25 15:36:34.817;EnCours;Mer;IMPORTATEUR_ANON_1091;NINEA_ANON_387;001-I
2421637;Exportation;2020-06-23 13:42:29.637;EnCours;Mer;IMPORTATEUR_ANON_8646;NINEA_ANON_375;001-E
2508058;Importation;2021-01-11 14:52:43.663;EnCours;Mer;IMPORTATEUR_ANON_4390;NINEA_ANON_898;001-I
2406986;Transit;2020-05-18 09:19:40.007;Initialise;Mer;IMPORTATEUR_ANON_3144;NINEA_ANON_548;001-E
2426932;Importation;2020-07-06 09:51:09.717;EnCours;Mer;IMPORTATEUR_ANON_4834;NINEA_ANON_425;001-I
2465894;Importation;2020-10-02 12:07:37.627;EnCours;Mer;IMPORTATEUR_ANON_1026;NINEA_ANON_774;001-I
2382784;Importation;2020-03-23 16:35:18.893;EnCours;Mer;IMPORTATEUR_ANON_134;NINEA_ANON_630;001-I
2528812;Exportation;2021-02-23 17:07:54.123;EnCours;Mer;IMPORTATEUR_ANON_8624;NINEA_ANON_427;001-E
2376008;Importation;2020-03-10 12:53:58.037;EnCours;Mer;IMPORTATEUR_ANON_134;NINEA_ANON_630;001-I
2511630;Importation;2021-01-18 15:48:19.030;EnCours;Mer;IMPORTATEUR_ANON_9537;NINEA_ANON_903;001-I
2547580;Importation;2021-04-07 11:25:49.507;Initialise;Mer;IMPORTATEUR_ANON_8743;NINEA_ANON_760;001-I
2387372;Exportation;2020-04-02 11:49:52.883;EnCours;Mer;IMPORTATEUR_ANON_6574;NINEA_ANON_72;001-E
2381385;Importation;2020-03-19 15:50:32.560;EnCours;Mer;IMPORTATEUR_ANON_2308;NINEA_ANON_475;001-I
2690122;Importation;2022-02-21 17:40:03.923;EnCours;Mer;IMPORTATEUR_ANON_4432;NINEA_ANON_112;
2379361;Transit;2020-03-16 17:42:39.510;Initialise;Mer;IMPORTATEUR_ANON_8563;NINEA_ANON_50;001-E
2435136;Importation;2020-07-23 11:21:10.533;EnCours;Mer;IMPORTATEUR_ANON_8958;NINEA_ANON_25;001-I
2612994;Importation;2021-09-02 15:08:31.930;EnCours;Mer;IMPORTATEUR_ANON_7533;NINEA_ANON_993;001-I
2685681;Exportation;2022-02-15 10:49:25.453;EnCours;Mer;IMPORTATEUR_ANON_3317;NINEA_ANON_574;001-E
2374751;Importation;2020-03-09 09:57:31.533;EnCours;Mer;IMPORTATEUR_ANON_5992;NINEA_ANON_314;001-I
2630765;Importation;2021-10-13 16:20:05.620;EnCours;Mer;IMPORTATEUR_ANON_1783;NINEA_ANON_849;001-I
2445504;Importation;2020-08-17 16:02:10.940;Initialise;Mer;IMPORTATEUR_ANON_7464;NINEA_ANON_545;001-I
2556976;Importation;2021-04-27 08:39:13.157;EnCours;Mer;IMPORTATEUR_ANON_5484;NINEA_ANON_42;001-I
2359588;Exportation;2020-02-10 12:46:10.367;Initialise;Mer;IMPORTATEUR_ANON_7694;NINEA_ANON_897;001-E
2644024;Importation;2021-11-12 17:08:06.647;EnCours;Mer;IMPORTATEUR_ANON_2507;NINEA_ANON_198;001-I
2377096;Exportation;2020-03-11 17:26:11.540;EnCours;Mer;IMPORTATEUR_ANON_8685;NINEA_ANON_680;001-E
2453994;Exportation;2020-09-07 10:23:33.123;EnCours;Mer;IMPORTATEUR_ANON_278;NINEA_ANON_355;001-E
2572470;Exportation;2021-06-01 12:15:25.077;EnCours;Mer;IMPORTATEUR_ANON_9875;NINEA_ANON_221;001-E
2552119;Importation;2021-04-16 08:50:39.163;EnCours;Mer;IMPORTATEUR_ANON_3398;NINEA_ANON_659;
2669766;Exportation;2022-01-11 09:39:36.443;EnCours;Mer;IMPORTATEUR_ANON_7333;NINEA_ANON_396;001-E
2672070;Importation;2022-01-14 16:55:26.397;EnCours;Mer;IMPORTATEUR_ANON_2108;NINEA_ANON_997;001-I
2460171;Exportation;2020-09-21 10:17:09.993;EnCours;Mer;IMPORTATEUR_ANON_1146;NINEA_ANON_676;001-E
2534971;Exportation;2021-03-11 08:28:08.120;Initialise;Mer;IMPORTATEUR_ANON_4979;NINEA_ANON_181;001-E
2604964;Importation;2021-08-13 10:36:17.357;EnCours;Mer;IMPORTATEUR_ANON_2442;NINEA_ANON_548;
2343169;Importation;2020-01-09 13:11:14.077;Initialise;Mer;IMPORTATEUR_ANON_9802;NINEA_ANON_527;001-I
2414381;Importation;2020-06-07 22:24:40.487;EnCours;Mer;IMPORTATEUR_ANON_4390;NINEA_ANON_898;001-I
2416246;Importation;2020-06-10 16:21:48.350;EnCours;Mer;IMPORTATEUR_ANON_5760;NINEA_ANON_572;001-I
2417342;Importation;2020-06-12 14:47:39.040;EnCours;Mer;IMPORTATEUR_ANON_2718;NINEA_ANON_662;001-I
2587711;Importation;2021-07-02 12:48:31.293;EnCours;Mer;IMPORTATEUR_ANON_9322;NINEA_ANON_87;001-I
2524040;Importation;2021-02-12 15:19:10.797;EnCours;Mer;IMPORTATEUR_ANON_1614;NINEA_ANON_766;001-I
2540772;Exportation;2021-03-22 17:06:22.420;EnCours;Mer;IMPORTATEUR_ANON_1827;NINEA_ANON_956;001-E
2423851;Importation;2020-06-29 09:55:32.980;EnCours;Mer;IMPORTATEUR_ANON_5599;NINEA_ANON_391;001-I
2641445;Importation;2021-11-08 14:58:37.323;EnCours;Mer;IMPORTATEUR_ANON_9640;NINEA_ANON_943;001-I
2460855;Importation;2020-09-22 10:40:52.273;Initialise;Mer;IMPORTATEUR_ANON_3294;NINEA_ANON_676;001-I
2603218;Importation;2021-08-10 11:06:44.680;EnCours;Mer;IMPORTATEUR_ANON_5484;NINEA_ANON_42;001-I
2506865;Exportation;2021-01-07 15:19:43.233;EnCours;Mer;IMPORTATEUR_ANON_6755;NINEA_ANON_439;001-E
2345249;Exportation;2020-01-14 10:05:46.270;Initialise;Mer;IMPORTATEUR_ANON_3863;NINEA_ANON_628;001-E
2447556;Importation;2020-08-21 11:12:10.803;EnCours;Mer;IMPORTATEUR_ANON_5867;NINEA_ANON_46;001-I
2454914;Importation;2020-09-08 15:10:45.777;EnCours;Mer;IMPORTATEUR_ANON_9284;NINEA_ANON_956;001-I
2593520;Exportation;2021-07-14 17:58:27.960;EnCours;Mer;IMPORTATEUR_ANON_4940;NINEA_ANON_597;001-E
2624341;Importation;2021-09-29 14:14:44.020;EnCours;Mer;IMPORTATEUR_ANON_3951;NINEA_ANON_125;001-I
2480297;Importation;2020-11-06 12:01:02.360;EnCours;Mer;IMPORTATEUR_ANON_9453;NINEA_ANON_636;001-I
2675683;Importation;2022-01-24 13:42:00.313;EnCours;Mer;IMPORTATEUR_ANON_9258;NINEA_ANON_735;001-I
2452893;Importation;2020-09-03 11:33:25.950;EnCours;Mer;IMPORTATEUR_ANON_1666;NINEA_ANON_22;001-I
2684277;Importation;2022-02-11 11:21:13.397;EnCours;Mer;IMPORTATEUR_ANON_9202;NINEA_ANON_628;001-I
2677662;Importation;2022-01-27 16:26:06.007;EnCours;Mer;IMPORTATEUR_ANON_819;NINEA_ANON_349;001-I
2428860;Importation;2020-07-09 09:14:04.803;EnCours;Mer;IMPORTATEUR_ANON_6877;NINEA_ANON_983;001-I
2653487;Importation;2021-12-02 11:31:37.633;EnCours;Mer;IMPORTATEUR_ANON_134;NINEA_ANON_630;001-I
2357262;Importation;2020-02-05 11:46:37.440;EnCours;Mer;IMPORTATEUR_ANON_5484;NINEA_ANON_42;001-I
2461318;Importation;2020-09-22 16:47:40.223;EnCours;Mer;IMPORTATEUR_ANON_3790;NINEA_ANON_633;001-I
2478425;Importation;2020-11-03 12:10:48.460;EnCours;Mer;IMPORTATEUR_ANON_5882;NINEA_ANON_350;001-I
2489940;Importation;2020-11-26 12:15:05.607;EnCours;Mer;IMPORTATEUR_ANON_2982;NINEA_ANON_457;001-I
2579148;Importation;2021-06-15 11:58:37.877;EnCours;Mer;IMPORTATEUR_ANON_2550;NINEA_ANON_45;001-I
2623967;Importation;2021-09-29 09:34:30.847;EnCours;Mer;IMPORTATEUR_ANON_7107;NINEA_ANON_725;
2517781;Exportation;2021-01-29 16:38:51.137;EnCours;Mer;IMPORTATEUR_ANON_4723;NINEA_ANON_514;001-E
2684670;Importation;2022-02-11 17:11:04.157;EnCours;Mer;IMPORTATEUR_ANON_7561;NINEA_ANON_835;001-I
2457826;Importation;2020-09-15 10:18:15.667;EnCours;Mer;IMPORTATEUR_ANON_7153;NINEA_ANON_453;001-I
2655068;Exportation;2021-12-06 16:46:18.087;EnCours;Mer;IMPORTATEUR_ANON_4979;NINEA_ANON_181;001-E
2386364;Importation;2020-03-31 14:58:21.790;Initialise;Mer;IMPORTATEUR_ANON_7640;NINEA_ANON_288;001-I
2435629;Importation;2020-07-24 10:50:39.053;Initialise;Mer;IMPORTATEUR_ANON_9943;NINEA_ANON_591;001-I
2392431;Importation;2020-04-16 07:53:41.023;EnCours;Mer;IMPORTATEUR_ANON_5369;NINEA_ANON_415;001-I
2614587;Importation;2021-09-07 10:50:52.220;EnCours;Mer;IMPORTATEUR_ANON_1124;NINEA_ANON_111;001-I
2685540;Transit;2022-02-15 09:49:30.840;Initialise;Mer;IMPORTATEUR_ANON_2072;NINEA_ANON_797;001-E
2444650;Importation;2020-08-14 12:02:11.720;EnCours;Mer;IMPORTATEUR_ANON_3350;NINEA_ANON_668;001-I
2459544;Importation;2020-09-18 09:11:01.343;EnCours;Mer;IMPORTATEUR_ANON_5203;NINEA_ANON_724;001-I
2384611;Importation;2020-03-26 15:31:48.037;EnCours;Mer;IMPORTATEUR_ANON_7464;NINEA_ANON_545;001-I
2372766;Importation;2020-03-04 11:28:17.710;EnCours;Mer;IMPORTATEUR_ANON_134;NINEA_ANON_630;001-I
2586430;Exportation;2021-06-30 11:58:34.917;EnCours;Mer;IMPORTATEUR_ANON_4303;NINEA_ANON_514;001-E
2662913;Importation;2021-12-22 15:38:33.990;EnCours;Mer;IMPORTATEUR_ANON_9284;NINEA_ANON_956;001-I
2347413;Importation;2020-01-16 17:32:24.890;Initialise;Mer;IMPORTATEUR_ANON_4586;NINEA_ANON_335;001-I
2406625;Importation;2020-05-15 12:00:54.160;EnCours;Mer;IMPORTATEUR_ANON_1321;NINEA_ANON_721;001-I
2654179;Importation;2021-12-03 13:21:28.747;EnCours;Mer;IMPORTATEUR_ANON_8620;NINEA_ANON_361;001-I
2558785;Importation;2021-04-29 13:44:23.487;EnCours;Mer;IMPORTATEUR_ANON_134;NINEA_ANON_630;
2438849;Réexportation;2020-08-04 10:54:40.597;EnCours;Mer;IMPORTATEUR_ANON_4424;NINEA_ANON_51;001-E
2676259;Importation;2022-01-25 12:13:56.173;EnCours;Mer;IMPORTATEUR_ANON_6067;NINEA_ANON_846;001-I
2505883;Importation;2021-01-05 16:53:08.300;EnCours;Mer;IMPORTATEUR_ANON_4060;NINEA_ANON_533;001-I
2543398;Importation;2021-03-27 17:11:15.553;EnCours;Mer;IMPORTATEUR_ANON_7153;NINEA_ANON_918;001-I
2412220;Exportation;2020-06-02 15:07:11.233;EnCours;Mer;IMPORTATEUR_ANON_9433;NINEA_ANON_98;001-E
2569712;Importation;2021-05-26 12:16:02.620;EnCours;Mer;IMPORTATEUR_ANON_3161;NINEA_ANON_274;001-I
2358461;Réexportation;2020-02-07 08:54:09.727;Initialise;Mer;IMPORTATEUR_ANON_3144;NINEA_ANON_548;001-E
2560899;Importation;2021-05-04 17:06:04.283;Initialise;Mer;IMPORTATEUR_ANON_3953;NINEA_ANON_895;001-I
2365697;Importation;2020-02-20 10:49:44.810;EnCours;Mer;IMPORTATEUR_ANON_7850;NINEA_ANON_231;001-I
2477635;Importation;2020-11-02 11:32:35.413;EnCours;Mer;IMPORTATEUR_ANON_5520;NINEA_ANON_462;001-I
2539975;Importation;2021-03-22 08:48:24.963;EnCours;Mer;IMPORTATEUR_ANON_134;NINEA_ANON_630;
2577849;Importation;2021-06-11 13:55:32.880;EnCours;Mer;IMPORTATEUR_ANON_7076;NINEA_ANON_662;001-I
2484009;Exportation;2020-11-12 17:01:20.727;Initialise;Mer;IMPORTATEUR_ANON_7333;NINEA_ANON_231;001-E
2446217;Importation;2020-08-19 09:23:52.727;EnCours;Mer;IMPORTATEUR_ANON_8310;NINEA_ANON_604;001-I
2450510;Importation;2020-08-28 11:33:35.993;EnCours;Mer;IMPORTATEUR_ANON_9942;NINEA_ANON_641;001-I
2432878;Importation;2020-07-17 13:04:03.780;EnCours;Mer;IMPORTATEUR_ANON_5492;NINEA_ANON_565;001-I
2613077;Importation;2021-09-02 16:18:05.083;Initialise;Mer;IMPORTATEUR_ANON_3923;NINEA_ANON_709;001-I
2418538;Importation;2020-06-16 10:52:43.060;EnCours;Mer;IMPORTATEUR_ANON_1417;NINEA_ANON_981;001-I
2418814;Importation;2020-06-16 15:24:30.840;EnCours;Mer;IMPORTATEUR_ANON_5597;NINEA_ANON_742;001-I
2474333;Importation;2020-10-23 09:42:35.883;Initialise;Mer;IMPORTATEUR_ANON_5864;NINEA_ANON_371;001-I
2666684;Exportation;2021-12-31 16:29:58.397;EnCours;Mer;IMPORTATEUR_ANON_8067;NINEA_ANON_459;001-E
2354944;Importation;2020-01-31 09:04:29.103;EnCours;Mer;IMPORTATEUR_ANON_3090;NINEA_ANON_653;001-I
2599958;Importation;2021-08-02 16:17:47.980;EnCours;Mer;IMPORTATEUR_ANON_8895;NINEA_ANON_135;001-I
2424686;Importation;2020-06-30 11:16:00.990;EnCours;Mer;IMPORTATEUR_ANON_2002;NINEA_ANON_746;001-I
2500746;Importation;2020-12-21 12:53:04.190;EnCours;Mer;IMPORTATEUR_ANON_428;NINEA_ANON_244;001-I
2431632;Importation;2020-07-15 12:41:04.603;EnCours;Mer;IMPORTATEUR_ANON_8059;NINEA_ANON_530;001-I
2463593;Exportation;2020-09-28 13:13:27.513;EnCours;Mer;IMPORTATEUR_ANON_6574;NINEA_ANON_72;001-E
2397514;Exportation;2020-04-28 11:51:49.523;EnCours;Mer;IMPORTATEUR_ANON_1226;NINEA_ANON_336;001-E
2653030;Importation;2021-12-01 14:29:23.463;EnCours;Mer;IMPORTATEUR_ANON_9564;NINEA_ANON_214;001-I
2510650;Importation;2021-01-15 13:15:21.800;EnCours;Mer;IMPORTATEUR_ANON_3784;NINEA_ANON_511;001-I
2463420;Importation;2020-09-28 11:15:10.120;Initialise;Mer;IMPORTATEUR_ANON_1078;NINEA_ANON_199;001-I
2570193;Importation;2021-05-27 10:06:40.687;EnCours;Mer;IMPORTATEUR_ANON_3768;NINEA_ANON_664;001-I
2686193;Importation;2022-02-15 15:02:24.743;EnCours;Mer;IMPORTATEUR_ANON_819;NINEA_ANON_349;001-I
2432999;Importation;2020-07-17 15:59:38.253;EnCours;Mer;IMPORTATEUR_ANON_9252;NINEA_ANON_853;001-I
2667480;Importation;2022-01-04 13:07:48.317;EnCours;Mer;IMPORTATEUR_ANON_3487;NINEA_ANON_999;001-I
2451634;Importation;2020-09-01 10:15:05.217;EnCours;Mer;IMPORTATEUR_ANON_5760;NINEA_ANON_572;001-I
2563326;Importation;2021-05-10 13:35:14.477;EnCours;Mer;IMPORTATEUR_ANON_3768;NINEA_ANON_664;001-I
2570570;Importation;2021-05-27 14:54:42.020;EnCours;Mer;IMPORTATEUR_ANON_4452;NINEA_ANON_260;001-I
2382582;Importation;2020-03-23 12:29:23.553;Initialise;Mer;IMPORTATEUR_ANON_9063;NINEA_ANON_838;001-I
2343413;Importation;2020-01-09 16:53:34.930;EnCours;Mer;IMPORTATEUR_ANON_2743;NINEA_ANON_105;001-I
2570656;Importation;2021-05-27 16:19:36.913;EnCours;Mer;IMPORTATEUR_ANON_6067;NINEA_ANON_846;001-I
2394372;Importation;2020-04-21 10:28:34.667;Initialise;Mer;IMPORTATEUR_ANON_8958;NINEA_ANON_25;001-I
2459697;Importation;2020-09-18 11:28:25.900;EnCours;Mer;IMPORTATEUR_ANON_134;NINEA_ANON_630;001-I
2581729;Importation;2021-06-21 11:58:42.407;Initialise;Mer;IMPORTATEUR_ANON_819;NINEA_ANON_349;001-I
2651188;Importation;2021-11-29 09:19:33.233;EnCours;Mer;IMPORTATEUR_ANON_8292;NINEA_ANON_167;001-I
2692143;Importation;2022-02-24 12:43:47.660;Initialise;Mer;IMPORTATEUR_ANON_5599;NINEA_ANON_391;001-I
2451347;Importation;2020-08-31 14:42:07.050;EnCours;Mer;IMPORTATEUR_ANON_923;NINEA_ANON_817;001-I
2572156;Exportation;2021-06-01 08:42:35.813;EnCours;Mer;IMPORTATEUR_ANON_3858;NINEA_ANON_258;001-E
2471804;Exportation;2020-10-19 10:18:10.143;EnCours;Mer;IMPORTATEUR_ANON_679;NINEA_ANON_221;001-E
2445230;Importation;2020-08-17 11:21:31.120;EnCours;Mer;IMPORTATEUR_ANON_1146;NINEA_ANON_676;001-I
2558468;Importation;2021-04-29 10:32:36.023;EnCours;Mer;IMPORTATEUR_ANON_9677;NINEA_ANON_435;001-I
2442542;Importation;2020-08-10 17:04:57.087;Initialise;Mer;IMPORTATEUR_ANON_6611;NINEA_ANON_450;001-I
2384627;Importation;2020-03-26 15:48:18.950;EnCours;Mer;IMPORTATEUR_ANON_829;NINEA_ANON_234;001-I
2661258;Exportation;2021-12-20 10:55:25.257;EnCours;Mer;IMPORTATEUR_ANON_1146;NINEA_ANON_317;001-E
2559175;Exportation;2021-04-30 11:50:12.910;EnCours;Mer;IMPORTATEUR_ANON_4979;NINEA_ANON_181;001-E
2390370;Exportation;2020-04-10 10:05:33.930;EnCours;Mer;IMPORTATEUR_ANON_1552;NINEA_ANON_437;001-E
2345067;Transit;2020-01-13 16:57:05.063;Initialise;Mer;IMPORTATEUR_ANON_9490;NINEA_ANON_363;001-E
2446985;Exportation;2020-08-20 10:57:15.577;Initialise;Mer;IMPORTATEUR_ANON_1226;NINEA_ANON_336;001-E
2618459;Exportation;2021-09-15 10:49:52.360;EnCours;Mer;IMPORTATEUR_ANON_6574;NINEA_ANON_72;001-E
2443106;Exportation;2020-08-11 15:47:57.170;EnCours;Mer;IMPORTATEUR_ANON_4207;NINEA_ANON_485;001-E
2352958;Importation;2020-01-28 10:33:56.060;Initialise;Mer;IMPORTATEUR_ANON_9249;NINEA_ANON_435;001-I
2489924;Exportation;2020-11-26 11:58:04.627;EnCours;Mer;IMPORTATEUR_ANON_1666;NINEA_ANON_553;001-E
2636450;Importation;2021-10-27 10:29:13.417;EnCours;Mer;IMPORTATEUR_ANON_5804;NINEA_ANON_779;001-I
2637789;Importation;2021-10-29 11:48:54.540;EnCours;Mer;IMPORTATEUR_ANON_9284;NINEA_ANON_956;001-I
2467086;Importation;2020-10-07 16:04:29.537;EnCours;Mer;IMPORTATEUR_ANON_8645;NINEA_ANON_219;001-I
2516435;Importation;2021-01-27 13:26:04.580;EnCours;Mer;IMPORTATEUR_ANON_7533;NINEA_ANON_993;001-I
2535416;Importation;2021-03-11 14:23:14.860;EnCours;Mer;IMPORTATEUR_ANON_2308;NINEA_ANON_475;001-I
2577941;Exportation;2021-06-11 15:58:39.097;EnCours;Mer;IMPORTATEUR_ANON_7983;NINEA_ANON_619;001-E
2647792;Exportation;2021-11-19 20:05:17.173;EnCours;Mer;IMPORTATEUR_ANON_3923;NINEA_ANON_709;001-E
2623086;Importation;2021-09-24 15:20:56.640;EnCours;Mer;IMPORTATEUR_ANON_7846;NINEA_ANON_442;001-I
2641651;Importation;2021-11-08 17:44:41.723;EnCours;Mer;IMPORTATEUR_ANON_4493;NINEA_ANON_454;001-I
2395208;Exportation;2020-04-22 12:56:02.753;EnCours;Mer;IMPORTATEUR_ANON_8297;NINEA_ANON_450;001-E
2380809;Importation;2020-03-18 16:52:52.200;EnCours;Mer;IMPORTATEUR_ANON_134;NINEA_ANON_630;001-I
2601137;Importation;2021-08-04 16:15:12.640;Initialise;Mer;IMPORTATEUR_ANON_7583;NINEA_ANON_505;001-I
2398054;Importation;2020-04-29 11:19:16.053;EnCours;Mer;IMPORTATEUR_ANON_1308;NINEA_ANON_693;001-I
2442854;Importation;2020-08-11 12:03:42.453;EnCours;Mer;IMPORTATEUR_ANON_6824;NINEA_ANON_125;001-I
2351661;Importation;2020-01-24 13:46:18.133;Initialise;Mer;IMPORTATEUR_ANON_7710;NINEA_ANON_594;001-I
2452247;Importation;2020-09-02 10:31:34.310;EnCours;Mer;IMPORTATEUR_ANON_2623;NINEA_ANON_939;001-I
2383375;Exportation;2020-03-24 15:15:18.253;EnCours;Mer;IMPORTATEUR_ANON_6574;NINEA_ANON_72;001-E
2488646;Importation;2020-11-24 12:17:29.810;Initialise;Mer;IMPORTATEUR_ANON_2224;NINEA_ANON_436;001-I
2516274;Importation;2021-01-27 11:43:47.413;EnCours;Mer;IMPORTATEUR_ANON_8060;NINEA_ANON_730;
2628777;Importation;2021-10-08 16:42:38.033;EnCours;Mer;IMPORTATEUR_ANON_3357;NINEA_ANON_111;001-I
2447425;Importation;2020-08-20 19:27:36.530;Initialise;Mer;IMPORTATEUR_ANON_4060;NINEA_ANON_533;001-I
2665890;Importation;2021-12-30 09:47:23.937;EnCours;Mer;IMPORTATEUR_ANON_7241;NINEA_ANON_11;001-I
2685070;Importation;2022-02-14 12:41:09.493;EnCours;Mer;IMPORTATEUR_ANON_4834;NINEA_ANON_568;001-I
2648696;Réexportation;2021-11-23 09:27:01.633;Initialise;Mer;IMPORTATEUR_ANON_5484;NINEA_ANON_42;001-E
2484381;Exportation;2020-11-13 13:08:14.600;EnCours;Mer;IMPORTATEUR_ANON_5174;NINEA_ANON_242;001-E
2530764;Importation;2021-03-01 10:19:32.647;EnCours;Mer;IMPORTATEUR_ANON_8932;NINEA_ANON_791;001-I
2407052;Exportation;2020-05-18 10:02:20.397;EnCours;Mer;IMPORTATEUR_ANON_9564;NINEA_ANON_214;001-E
2495758;Importation;2020-12-09 13:37:34.377;EnCours;Mer;IMPORTATEUR_ANON_7846;NINEA_ANON_442;001-I
2558782;Importation;2021-04-29 13:43:28.400;Initialise;Mer;IMPORTATEUR_ANON_8865;NINEA_ANON_399;001-I
2356616;Importation;2020-02-04 14:07:12.857;Initialise;Mer;IMPORTATEUR_ANON_7075;NINEA_ANON_369;001-I
2560620;Importation;2021-05-04 12:27:30.770;EnCours;Mer;IMPORTATEUR_ANON_6768;NINEA_ANON_702;001-I
2640543;Importation;2021-11-05 13:03:00.120;EnCours;Mer;IMPORTATEUR_ANON_8011;NINEA_ANON_7;001-I
2652996;Importation;2021-12-01 13:43:52.140;Initialise;Mer;IMPORTATEUR_ANON_6407;NINEA_ANON_57;001-I
2422797;Importation;2020-06-25 12:02:58.390;EnCours;Mer;IMPORTATEUR_ANON_5484;NINEA_ANON_42;001-I
2354759;Importation;2020-01-30 15:54:11.730;Initialise;Mer;IMPORTATEUR_ANON_2108;NINEA_ANON_997;001-I
2443153;Importation;2020-08-11 16:17:48.707;Initialise;Mer;IMPORTATEUR_ANON_8310;NINEA_ANON_903;001-I
2458026;Importation;2020-09-15 12:45:37.213;EnCours;Mer;IMPORTATEUR_ANON_3923;NINEA_ANON_709;001-I
2502154;Réexportation;2020-12-23 15:06:26.313;EnCours;Mer;IMPORTATEUR_ANON_8488;NINEA_ANON_578;001-E
2424229;Exportation;2020-06-29 14:20:26.670;EnCours;Mer;IMPORTATEUR_ANON_4877;NINEA_ANON_456;001-E
2390280;Importation;2020-04-09 18:03:53.670;EnCours;Mer;IMPORTATEUR_ANON_8011;NINEA_ANON_856;001-I
2539592;Importation;2021-03-19 12:26:35.360;Initialise;Mer;IMPORTATEUR_ANON_8060;NINEA_ANON_730;001-I
2348995;Importation;2020-01-21 08:52:23.357;EnCours;Mer;IMPORTATEUR_ANON_4057;NINEA_ANON_377;001-I
2562795;Importation;2021-05-10 07:45:14.267;EnCours;Mer;IMPORTATEUR_ANON_4744;NINEA_ANON_222;001-I
2585956;Importation;2021-06-29 13:57:51.860;Initialise;Mer;IMPORTATEUR_ANON_727;NINEA_ANON_4;001-I
2517998;Exportation;2021-02-01 08:51:49.527;EnCours;Mer;IMPORTATEUR_ANON_4843;NINEA_ANON_317;001-E
2612344;Importation;2021-09-01 13:31:41.190;EnCours;Mer;IMPORTATEUR_ANON_134;NINEA_ANON_630;001-I
2383725;Importation;2020-03-25 10:42:37.870;EnCours;Mer;IMPORTATEUR_ANON_7153;NINEA_ANON_453;001-I
2623444;Importation;2021-09-28 10:39:55.547;EnCours;Mer;IMPORTATEUR_ANON_5823;NINEA_ANON_673;001-I
2417222;Importation;2020-06-12 12:22:19.080;EnCours;Mer;IMPORTATEUR_ANON_896;NINEA_ANON_511;001-I
2685090;Importation;2022-02-14 12:52:13.747;EnCours;Mer;IMPORTATEUR_ANON_1380;NINEA_ANON_312;
2458937;Importation;2020-09-16 17:51:01.560;Initialise;Mer;IMPORTATEUR_ANON_8975;NINEA_ANON_65;001-I
2577605;Exportation;2021-06-11 10:45:08.897;EnCours;Mer;IMPORTATEUR_ANON_6681;NINEA_ANON_809;001-E
2674084;Exportation;2022-01-19 16:20:07.820;EnCours;Mer;IMPORTATEUR_ANON_8297;NINEA_ANON_450;001-E
2444108;Importation;2020-08-13 12:08:31.410;EnCours;Mer;IMPORTATEUR_ANON_134;NINEA_ANON_630;001-I
2629059;Importation;2021-10-11 11:16:40.553;Initialise;Mer;IMPORTATEUR_ANON_6572;NINEA_ANON_429;001-I
2444208;Importation;2020-08-13 13:39:50.107;EnCours;Mer;IMPORTATEUR_ANON_4819;NINEA_ANON_319;001-I
2419790;Importation;2020-06-18 12:29:41.213;EnCours;Mer;IMPORTATEUR_ANON_2957;NINEA_ANON_513;001-I
2561523;Importation;2021-05-05 16:03:31.293;EnCours;Mer;IMPORTATEUR_ANON_3768;NINEA_ANON_664;001-I
2568124;Importation;2021-05-21 12:39:11.040;Initialise;Mer;IMPORTATEUR_ANON_9172;NINEA_ANON_4;001-I
2585024;Importation;2021-06-28 11:47:27.223;EnCours;Mer;IMPORTATEUR_ANON_5613;NINEA_ANON_29;001-I
2415299;Exportation;2020-06-09 11:04:41.753;EnCours;Mer;IMPORTATEUR_ANON_4682;NINEA_ANON_407;001-E
2471472;Transit;2020-10-16 13:49:56.687;EnCours;Mer;IMPORTATEUR_ANON_6754;NINEA_ANON_971;001-E
2657061;Importation;2021-12-09 16:20:18.300;EnCours;Mer;IMPORTATEUR_ANON_7106;NINEA_ANON_436;001-I
2395960;Importation;2020-04-23 15:45:09.960;EnCours;Mer;IMPORTATEUR_ANON_5804;NINEA_ANON_779;001-I
2474266;Transit;2020-10-23 08:13:37.220;Initialise;Mer;IMPORTATEUR_ANON_3359;NINEA_ANON_708;001-E
2637161;Exportation;2021-10-28 12:04:08.990;EnCours;Mer;IMPORTATEUR_ANON_6359;NINEA_ANON_99;001-E
2463553;Importation;2020-09-28 12:42:00.453;EnCours;Mer;IMPORTATEUR_ANON_134;NINEA_ANON_630;001-I
2393060;Exportation;2020-04-17 09:35:59.200;EnCours;Mer;IMPORTATEUR_ANON_6574;NINEA_ANON_72;001-E
2661300;Importation;2021-12-20 11:25:44.117;EnCours;Mer;IMPORTATEUR_ANON_2935;NINEA_ANON_309;001-I
2489936;Importation;2020-11-26 12:13:09.053;EnCours;Mer;IMPORTATEUR_ANON_428;NINEA_ANON_244;001-I
2469902;Importation;2020-10-13 17:59:39.517;EnCours;Mer;IMPORTATEUR_ANON_3144;NINEA_ANON_548;001-I
2643084;Importation;2021-11-11 11:22:04.027;EnCours;Mer;IMPORTATEUR_ANON_7533;NINEA_ANON_993;001-I
2343818;Importation;2020-01-10 12:09:05.467;EnCours;Mer;IMPORTATEUR_ANON_1248;NINEA_ANON_599;
2350713;Importation;2020-01-23 10:52:03.870;Initialise;Mer;IMPORTATEUR_ANON_7789;NINEA_ANON_514;001-I
2453841;Importation;2020-09-05 13:28:43.860;EnCours;Mer;IMPORTATEUR_ANON_134;NINEA_ANON_630;001-I
2477345;Importation;2020-10-30 16:12:53.887;EnCours;Mer;IMPORTATEUR_ANON_278;NINEA_ANON_59;001-I
2390291;Exportation;2020-04-10 07:28:51.370;EnCours;Mer;IMPORTATEUR_ANON_8985;NINEA_ANON_796;001-E
2654400;Exportation;2021-12-04 15:04:23.277;EnCours;Mer;IMPORTATEUR_ANON_3923;NINEA_ANON_709;001-E
2379471;Importation;2020-03-17 09:09:21.480;EnCours;Mer;IMPORTATEUR_ANON_2247;NINEA_ANON_267;001-I
2682110;Importation;2022-02-08 15:51:44.703;EnCours;Mer;IMPORTATEUR_ANON_4393;NINEA_ANON_597;001-I
2342932;Importation;2020-01-09 10:18:52.317;EnCours;Mer;IMPORTATEUR_ANON_829;NINEA_ANON_234;001-I
2600812;Exportation;2021-08-04 11:24:20.363;EnCours;Mer;IMPORTATEUR_ANON_9231;NINEA_ANON_482;001-E
2605248;Importation;2021-08-13 15:38:55.473;Initialise;Mer;IMPORTATEUR_ANON_3610;NINEA_ANON_526;001-I
2688305;Importation;2022-02-17 16:56:24.150;Initialise;Mer;IMPORTATEUR_ANON_4121;NINEA_ANON_244;001-I
2391176;Importation;2020-04-14 11:25:02.610;EnCours;Mer;IMPORTATEUR_ANON_7939;NINEA_ANON_589;001-I
2346099;Exportation;2020-01-15 10:26:02.313;EnCours;Mer;IMPORTATEUR_ANON_8211;NINEA_ANON_430;001-E
2587721;Exportation;2021-07-02 12:57:40.913;EnCours;Mer;IMPORTATEUR_ANON_5174;NINEA_ANON_530;001-E
2366759;Exportation;2020-02-21 16:56:42.357;EnCours;Mer;IMPORTATEUR_ANON_991;NINEA_ANON_456;001-E
2380187;Importation;2020-03-17 18:14:37.583;EnCours;Mer;IMPORTATEUR_ANON_569;NINEA_ANON_299;001-I
2532201;Exportation;2021-03-03 13:40:10.713;EnCours;Mer;IMPORTATEUR_ANON_5978;NINEA_ANON_615;001-E
2548686;Importation;2021-04-08 17:13:34.010;Initialise;Mer;IMPORTATEUR_ANON_679;NINEA_ANON_983;001-I
2344109;Importation;2020-01-10 16:10:50.433;EnCours;Mer;IMPORTATEUR_ANON_1177;NINEA_ANON_302;001-I
2643267;Importation;2021-11-11 13:28:12.997;EnCours;Mer;IMPORTATEUR_ANON_9549;NINEA_ANON_951;
2367043;Importation;2020-02-24 10:38:43.260;Initialise;Mer;IMPORTATEUR_ANON_7289;NINEA_ANON_748;001-I
2662964;Importation;2021-12-22 16:23:31.967;EnCours;Mer;IMPORTATEUR_ANON_9284;NINEA_ANON_956;001-I
2470549;Importation;2020-10-14 16:54:57.003;EnCours;Mer;IMPORTATEUR_ANON_5362;NINEA_ANON_120;001-I
2407906;Importation;2020-05-19 12:49:33.340;EnCours;Mer;IMPORTATEUR_ANON_1691;NINEA_ANON_766;001-I
2379189;Transit;2020-03-16 15:16:52.380;Initialise;Mer;IMPORTATEUR_ANON_3144;NINEA_ANON_548;001-E
2565616;Importation;2021-05-17 16:30:39.683;EnCours;Mer;IMPORTATEUR_ANON_139;NINEA_ANON_24;001-I
2684502;Importation;2022-02-11 14:43:07.717;EnCours;Mer;IMPORTATEUR_ANON_5760;NINEA_ANON_572;001-I
2552751;Exportation;2021-04-16 17:36:45.957;EnCours;Mer;IMPORTATEUR_ANON_496;NINEA_ANON_514;001-E
2365398;Importation;2020-02-19 16:39:32.040;Initialise;Mer;IMPORTATEUR_ANON_6688;NINEA_ANON_630;001-I
2399764;Exportation;2020-05-05 08:50:43.317;EnCours;Mer;IMPORTATEUR_ANON_9875;NINEA_ANON_221;001-E
2426868;Importation;2020-07-06 08:21:32.100;EnCours;Mer;IMPORTATEUR_ANON_4057;NINEA_ANON_377;001-I
2625616;Importation;2021-10-01 15:18:57.817;EnCours;Mer;IMPORTATEUR_ANON_7382;NINEA_ANON_705;
2636812;Importation;2021-10-27 16:00:48.350;EnCours;Mer;IMPORTATEUR_ANON_4949;NINEA_ANON_875;001-I
2669855;Exportation;2022-01-11 10:40:37.120;EnCours;Mer;IMPORTATEUR_ANON_5839;NINEA_ANON_731;001-E
2480147;Importation;2020-11-06 10:01:57.157;EnCours;Mer;IMPORTATEUR_ANON_2771;NINEA_ANON_719;001-I
2644861;Importation;2021-11-15 17:29:27.790;EnCours;Mer;IMPORTATEUR_ANON_6205;NINEA_ANON_875;001-I
2533350;Importation;2021-03-08 12:12:38.797;EnCours;Mer;IMPORTATEUR_ANON_1985;NINEA_ANON_841;001-I
2443536;Importation;2020-08-12 12:32:18.063;EnCours;Mer;IMPORTATEUR_ANON_9415;NINEA_ANON_201;001-I
2668210;Importation;2022-01-06 08:27:58.233;EnCours;Mer;IMPORTATEUR_ANON_2303;NINEA_ANON_355;
2399871;Importation;2020-05-05 10:18:04.797;EnCours;Mer;IMPORTATEUR_ANON_449;NINEA_ANON_787;001-I
2438424;Importation;2020-08-03 12:18:48.460;EnCours;Mer;IMPORTATEUR_ANON_9284;NINEA_ANON_956;001-I
2461103;Importation;2020-09-22 13:28:11.930;EnCours;Mer;IMPORTATEUR_ANON_4510;NINEA_ANON_189;001-I
2472960;Importation;2020-10-20 15:48:00.307;EnCours;Mer;IMPORTATEUR_ANON_7464;NINEA_ANON_545;001-I
2531626;Importation;2021-03-02 13:04:44.240;Initialise;Mer;IMPORTATEUR_ANON_2077;NINEA_ANON_33;001-I
2533761;Importation;2021-03-09 12:26:29.357;EnCours;Mer;IMPORTATEUR_ANON_477;NINEA_ANON_190;001-I
2415244;Importation;2020-06-09 10:24:47.813;EnCours;Mer;IMPORTATEUR_ANON_2783;NINEA_ANON_422;001-I
2408793;Importation;2020-05-22 10:19:12.273;Initialise;Mer;IMPORTATEUR_ANON_4020;NINEA_ANON_449;001-I
2359837;Transit;2020-02-10 15:21:26.140;Initialise;Mer;IMPORTATEUR_ANON_780;NINEA_ANON_1;001-E
2602442;Exportation;2021-08-09 09:28:57.890;EnCours;Mer;IMPORTATEUR_ANON_9750;NINEA_ANON_628;001-E
2444949;Importation;2020-08-14 17:48:26.857;EnCours;Mer;IMPORTATEUR_ANON_9972;NINEA_ANON_25;001-I
2373240;Importation;2020-03-04 16:53:56.363;EnCours;Mer;IMPORTATEUR_ANON_9857;NINEA_ANON_307;001-I
2505435;Importation;2021-01-05 09:14:31.727;EnCours;Mer;IMPORTATEUR_ANON_4695;NINEA_ANON_514;001-I
2498484;Importation;2020-12-15 16:11:55.000;EnCours;Mer;IMPORTATEUR_ANON_3177;NINEA_ANON_513;001-I
2576292;Exportation;2021-06-09 11:00:06.947;EnCours;Mer;IMPORTATEUR_ANON_7388;NINEA_ANON_843;001-E
2466081;Importation;2020-10-02 16:45:38.657;EnCours;Mer;IMPORTATEUR_ANON_8494;NINEA_ANON_245;001-I
2583573;Importation;2021-06-24 09:34:43.923;EnCours;Mer;IMPORTATEUR_ANON_7426;NINEA_ANON_338;001-I
2413333;Importation;2020-06-04 10:57:20.987;EnCours;Mer;IMPORTATEUR_ANON_1614;NINEA_ANON_766;001-I
2627033;Importation;2021-10-05 16:25:28.610;Initialise;Mer;IMPORTATEUR_ANON_1539;NINEA_ANON_390;001-I
2381659;Importation;2020-03-20 10:18:01.783;EnCours;Mer;IMPORTATEUR_ANON_9284;NINEA_ANON_956;001-I
2392624;Importation;2020-04-16 10:59:32.313;EnCours;Mer;IMPORTATEUR_ANON_3768;NINEA_ANON_664;001-I
2560590;Importation;2021-05-04 12:09:47.050;Initialise;Mer;IMPORTATEUR_ANON_3092;NINEA_ANON_280;001-I
2506418;Importation;2021-01-06 18:19:02.720;EnCours;Mer;IMPORTATEUR_ANON_6716;NINEA_ANON_163;001-I
2590526;Importation;2021-07-08 11:31:36.620;EnCours;Mer;IMPORTATEUR_ANON_3923;NINEA_ANON_709;001-I
2552761;Importation;2021-04-17 09:37:16.397;EnCours;Mer;IMPORTATEUR_ANON_7464;NINEA_ANON_545;001-I
2641575;Importation;2021-11-08 16:22:19.370;EnCours;Mer;IMPORTATEUR_ANON_2595;NINEA_ANON_386;001-I
2527542;Exportation;2021-02-22 09:15:32.487;EnCours;Mer;IMPORTATEUR_ANON_5426;NINEA_ANON_514;001-E
2532778;Transit;2021-03-04 13:10:17.903;Initialise;Mer;IMPORTATEUR_ANON_6742;NINEA_ANON_760;001-E
2511210;Transit;2021-01-18 11:42:00.000;EnCours;Mer;IMPORTATEUR_ANON_5174;NINEA_ANON_242;001-E
2488299;Importation;2020-11-23 17:26:09.607;EnCours;Mer;IMPORTATEUR_ANON_5873;NINEA_ANON_295;001-I
2641695;Importation;2021-11-09 11:58:29.270;EnCours;Mer;IMPORTATEUR_ANON_8296;NINEA_ANON_876;
2681605;Importation;2022-02-08 11:36:31.210;EnCours;Mer;IMPORTATEUR_ANON_5014;NINEA_ANON_20;
2379243;Importation;2020-03-16 15:56:28.440;Initialise;Mer;IMPORTATEUR_ANON_2486;NINEA_ANON_451;001-I
2376737;Importation;2020-03-11 12:21:25.860;EnCours;Mer;IMPORTATEUR_ANON_9436;NINEA_ANON_670;001-I
2424953;Exportation;2020-06-30 16:17:14.657;EnCours;Mer;IMPORTATEUR_ANON_7692;NINEA_ANON_804;001-E
2425406;Importation;2020-07-01 13:09:41.570;Initialise;Mer;IMPORTATEUR_ANON_5184;NINEA_ANON_614;001-I
2351199;Exportation;2020-01-23 18:46:58.163;EnCours;Mer;IMPORTATEUR_ANON_2324;NINEA_ANON_897;001-E
2497883;Exportation;2020-12-14 18:24:45.807;EnCours;Mer;IMPORTATEUR_ANON_7333;NINEA_ANON_396;001-E
2490779;Importation;2020-11-27 16:07:57.880;Initialise;Mer;IMPORTATEUR_ANON_7533;NINEA_ANON_993;001-I
2577883;Exportation;2021-06-11 14:56:46.383;EnCours;Mer;IMPORTATEUR_ANON_7798;NINEA_ANON_258;001-E
2608626;Importation;2021-08-24 11:08:22.857;EnCours;Mer;IMPORTATEUR_ANON_9327;NINEA_ANON_937;001-I
2379309;Exportation;2020-03-16 16:42:03.480;EnCours;Mer;IMPORTATEUR_ANON_4843;NINEA_ANON_317;001-E
2681834;Importation;2022-02-08 13:23:42.200;EnCours;Mer;IMPORTATEUR_ANON_7464;NINEA_ANON_545;001-I
2349174;Importation;2020-01-21 10:46:18.310;Initialise;Mer;IMPORTATEUR_ANON_2907;NINEA_ANON_785;001-I
2443363;Importation;2020-08-12 10:20:23.500;EnCours;Mer;IMPORTATEUR_ANON_9970;NINEA_ANON_949;001-I
2496276;Importation;2020-12-10 11:41:11.350;Initialise;Mer;IMPORTATEUR_ANON_8980;NINEA_ANON_838;001-I
2521703;Importation;2021-02-08 15:24:08.133;EnCours;Mer;IMPORTATEUR_ANON_428;NINEA_ANON_244;001-I
2545480;Importation;2021-04-01 09:45:52.400;EnCours;Mer;IMPORTATEUR_ANON_8658;NINEA_ANON_24;001-I
2599294;Importation;2021-07-30 18:07:57.880;Initialise;Mer;IMPORTATEUR_ANON_3841;NINEA_ANON_592;001-I
2339272;Exportation;2020-01-02 10:15:27.027;EnCours;Mer;IMPORTATEUR_ANON_2324;NINEA_ANON_897;001-E
2411175;Importation;2020-05-29 09:50:59.633;EnCours;Mer;IMPORTATEUR_ANON_2433;NINEA_ANON_563;001-I
2511982;Importation;2021-01-19 10:37:30.580;EnCours;Mer;IMPORTATEUR_ANON_3863;NINEA_ANON_628;001-I
2609127;Importation;2021-08-25 09:27:29.447;EnCours;Mer;IMPORTATEUR_ANON_8895;NINEA_ANON_393;001-I
2617111;Importation;2021-09-13 09:45:42.390;EnCours;Mer;IMPORTATEUR_ANON_4496;NINEA_ANON_88;001-I
2485747;Importation;2020-11-17 16:09:40.200;EnCours;Mer;IMPORTATEUR_ANON_7533;NINEA_ANON_993;001-I
2568084;Exportation;2021-05-21 12:12:59.900;EnCours;Mer;IMPORTATEUR_ANON_843;NINEA_ANON_514;001-E
2480531;Importation;2020-11-06 16:39:20.360;EnCours;Mer;IMPORTATEUR_ANON_3768;NINEA_ANON_664;001-I
2666422;Importation;2021-12-31 09:53:41.890;EnCours;Mer;IMPORTATEUR_ANON_1146;NINEA_ANON_317;001-I
2433024;Réexportation;2020-07-17 16:24:31.787;EnCours;Mer;IMPORTATEUR_ANON_7153;NINEA_ANON_453;001-E
2434608;Importation;2020-07-22 12:09:06.950;EnCours;Mer;IMPORTATEUR_ANON_5760;NINEA_ANON_572;001-I
2463145;Importation;2020-09-27 18:04:15.390;EnCours;Mer;IMPORTATEUR_ANON_846;NINEA_ANON_48;001-I
2397519;Importation;2020-04-28 11:55:34.717;EnCours;Mer;IMPORTATEUR_ANON_7533;NINEA_ANON_993;001-I
2528486;Exportation;2021-02-23 12:06:05.793;EnCours;Mer;IMPORTATEUR_ANON_6061;NINEA_ANON_816;001-E
2612518;Importation;2021-09-01 16:12:22.647;EnCours;Mer;IMPORTATEUR_ANON_8396;NINEA_ANON_357;001-I
2422375;Importation;2020-06-24 15:10:08.367;EnCours;Mer;IMPORTATEUR_ANON_3694;NINEA_ANON_28;001-I
2689686;Importation;2022-02-21 13:05:00.080;EnCours;Mer;IMPORTATEUR_ANON_1614;NINEA_ANON_86;
2660079;Transit;2021-12-16 12:09:19.187;Initialise;Mer;IMPORTATEUR_ANON_2082;NINEA_ANON_132;001-E
2399218;Exportation;2020-05-04 10:14:13.157;EnCours;Mer;IMPORTATEUR_ANON_6672;NINEA_ANON_780;001-E
2504527;Importation;2020-12-31 10:42:01.740;EnCours;Mer;IMPORTATEUR_ANON_2204;NINEA_ANON_878;
2524518;Importation;2021-02-15 12:11:34.130;Initialise;Mer;IMPORTATEUR_ANON_7241;NINEA_ANON_415;001-I
2621961;Importation;2021-09-22 15:43:17.420;Initialise;Mer;IMPORTATEUR_ANON_8488;NINEA_ANON_583;001-I
2564301;Réexportation;2021-05-12 09:41:50.890;EnCours;Mer;IMPORTATEUR_ANON_8393;NINEA_ANON_585;001-E
2606400;Importation;2021-08-17 13:08:19.950;EnCours;Mer;IMPORTATEUR_ANON_134;NINEA_ANON_630;001-I
2662631;Importation;2021-12-22 11:14:18.730;EnCours;Mer;IMPORTATEUR_ANON_9284;NINEA_ANON_956;001-I
2631629;Importation;2021-10-15 10:12:21.170;EnCours;Mer;IMPORTATEUR_ANON_5864;NINEA_ANON_371;001-I
2653353;Importation;2021-12-02 09:45:27.917;EnCours;Mer;IMPORTATEUR_ANON_1026;NINEA_ANON_774;001-I
2420277;Importation;2020-06-19 11:17:18.923;Initialise;Mer;IMPORTATEUR_ANON_1895;NINEA_ANON_649;001-I
2541566;Importation;2021-03-24 09:53:19.917;EnCours;Mer;IMPORTATEUR_ANON_5760;NINEA_ANON_572;001-I
2506634;Importation;2021-01-07 11:50:53.910;Initialise;Mer;IMPORTATEUR_ANON_6791;NINEA_ANON_151;001-I
2477238;Transit;2020-10-29 15:08:39.767;Initialise;Mer;IMPORTATEUR_ANON_8563;NINEA_ANON_50;001-E
2420417;Exportation;2020-06-19 13:23:17.833;EnCours;Mer;IMPORTATEUR_ANON_9564;NINEA_ANON_214;001-E
2585984;Importation;2021-06-29 14:35:43.303;EnCours;Mer;IMPORTATEUR_ANON_278;NINEA_ANON_355;001-I
2675739;Importation;2022-01-24 14:46:16.730;EnCours;Mer;IMPORTATEUR_ANON_2223;NINEA_ANON_102;001-I
2398455;Importation;2020-04-30 09:19:27.637;EnCours;Mer;IMPORTATEUR_ANON_7464;NINEA_ANON_545;001-I
2456739;Importation;2020-09-11 12:19:51.313;EnCours;Mer;IMPORTATEUR_ANON_2575;NINEA_ANON_985;001-I
2528551;Exportation;2021-02-23 12:47:12.940;EnCours;Mer;IMPORTATEUR_ANON_465;NINEA_ANON_38;001-E
2443333;Importation;2020-08-12 10:00:43.620;EnCours;Mer;IMPORTATEUR_ANON_9008;NINEA_ANON_224;001-I
2647815;Importation;2021-11-20 10:28:38.957;EnCours;Mer;IMPORTATEUR_ANON_278;NINEA_ANON_59;001-I
2649909;Transit;2021-11-24 18:29:02.693;EnCours;Mer;IMPORTATEUR_ANON_8060;NINEA_ANON_730;
2660871;Importation;2021-12-17 15:01:26.783;EnCours;Mer;IMPORTATEUR_ANON_8269;NINEA_ANON_745;001-I
2364054;Exportation;2020-02-18 10:03:50.417;EnCours;Mer;IMPORTATEUR_ANON_7333;NINEA_ANON_396;001-E
2444638;Importation;2020-08-14 11:52:56.850;EnCours;Mer;IMPORTATEUR_ANON_5622;NINEA_ANON_143;001-I
2388562;Exportation;2020-04-06 12:51:15.560;EnCours;Mer;IMPORTATEUR_ANON_3106;NINEA_ANON_614;001-E
2440845;Importation;2020-08-07 16:23:49.773;EnCours;Mer;IMPORTATEUR_ANON_7778;NINEA_ANON_618;001-I
2491726;Importation;2020-12-01 08:47:15.830;EnCours;Mer;IMPORTATEUR_ANON_134;NINEA_ANON_630;001-I
2382963;Importation;2020-03-24 10:06:18.537;EnCours;Mer;IMPORTATEUR_ANON_819;NINEA_ANON_349;001-I
2384327;Importation;2020-03-26 11:10:41.873;Initialise;Mer;IMPORTATEUR_ANON_7289;NINEA_ANON_748;001-I
2481734;Importation;2020-11-09 09:52:15.567;EnCours;Mer;IMPORTATEUR_ANON_8169;NINEA_ANON_149;001-I
2448958;Importation;2020-08-25 13:32:56.810;EnCours;Mer;IMPORTATEUR_ANON_4426;NINEA_ANON_93;001-I
2452508;Importation;2020-09-02 14:45:11.377;Initialise;Mer;IMPORTATEUR_ANON_7382;NINEA_ANON_705;001-I
2499760;Importation;2020-12-18 09:02:30.727;EnCours;Mer;IMPORTATEUR_ANON_4426;NINEA_ANON_93;001-I
2380852;Importation;2020-03-18 18:53:12.207;EnCours;Mer;IMPORTATEUR_ANON_4390;NINEA_ANON_898;001-I
2347484;Importation;2020-01-17 08:34:45.947;Initialise;Mer;IMPORTATEUR_ANON_2346;NINEA_ANON_772;001-I
2372547;Importation;2020-03-04 08:31:11.570;EnCours;Mer;IMPORTATEUR_ANON_3660;NINEA_ANON_308;001-I
2447420;Importation;2020-08-20 18:44:56.890;EnCours;Mer;IMPORTATEUR_ANON_6824;NINEA_ANON_125;001-I
2518235;Exportation;2021-02-01 11:17:22.070;EnCours;Mer;IMPORTATEUR_ANON_8329;NINEA_ANON_379;001-E
2533989;Importation;2021-03-09 15:05:39.197;EnCours;Mer;IMPORTATEUR_ANON_3287;NINEA_ANON_511;001-I
2628522;Importation;2021-10-08 12:13:49.920;EnCours;Mer;IMPORTATEUR_ANON_5978;NINEA_ANON_615;001-I
2633504;Importation;2021-10-21 07:48:50.380;EnCours;Mer;IMPORTATEUR_ANON_9851;NINEA_ANON_142;001-I
2651251;Importation;2021-11-29 10:01:50.790;EnCours;Mer;IMPORTATEUR_ANON_5716;NINEA_ANON_129;001-I
2411716;Exportation;2020-06-02 09:05:29.603;EnCours;Mer;IMPORTATEUR_ANON_695;NINEA_ANON_485;001-E
2432871;Importation;2020-07-17 12:59:07.847;Initialise;Mer;IMPORTATEUR_ANON_5992;NINEA_ANON_314;001-I
2458979;Importation;2020-09-17 07:53:16.717;EnCours;Mer;IMPORTATEUR_ANON_6244;NINEA_ANON_255;001-I
2648796;Importation;2021-11-23 10:46:08.450;EnCours;Mer;IMPORTATEUR_ANON_347;NINEA_ANON_745;001-I
2658492;Importation;2021-12-14 09:11:37.287;EnCours;Mer;IMPORTATEUR_ANON_2743;NINEA_ANON_120;
2607914;Importation;2021-08-23 11:00:49.837;EnCours;Mer;IMPORTATEUR_ANON_4424;NINEA_ANON_51;001-I
2379913;Importation;2020-03-17 13:45:31.857;EnCours;Mer;IMPORTATEUR_ANON_8797;NINEA_ANON_946;001-I
2618856;Importation;2021-09-15 16:29:21.937;EnCours;Mer;IMPORTATEUR_ANON_7929;NINEA_ANON_740;001-I
2665726;Exportation;2021-12-29 15:54:34.857;EnCours;Mer;IMPORTATEUR_ANON_7333;NINEA_ANON_396;001-E
2667440;Importation;2022-01-04 12:22:50.730;EnCours;Mer;IMPORTATEUR_ANON_4493;NINEA_ANON_454;001-I
2564812;Importation;2021-05-14 13:16:56.100;EnCours;Mer;IMPORTATEUR_ANON_9750;NINEA_ANON_894;001-I
2429029;Importation;2020-07-09 11:18:36.437;EnCours;Mer;IMPORTATEUR_ANON_9640;NINEA_ANON_571;001-I
2508080;Importation;2021-01-11 15:13:00.097;EnCours;Mer;IMPORTATEUR_ANON_134;NINEA_ANON_756;
2608118;Importation;2021-08-23 13:24:55.967;EnCours;Mer;IMPORTATEUR_ANON_512;NINEA_ANON_698;001-I
2681060;Importation;2022-02-04 13:17:41.073;EnCours;Mer;IMPORTATEUR_ANON_4372;NINEA_ANON_859;001-I
2399473;Importation;2020-05-04 12:53:23.520;EnCours;Mer;IMPORTATEUR_ANON_7464;NINEA_ANON_545;001-I
2495163;Importation;2020-12-08 14:51:07.707;EnCours;Mer;IMPORTATEUR_ANON_2308;NINEA_ANON_475;001-I
2509910;Exportation;2021-01-14 12:04:32.280;EnCours;Mer;IMPORTATEUR_ANON_465;NINEA_ANON_38;001-E
2529106;Importation;2021-02-24 11:54:57.960;EnCours;Mer;IMPORTATEUR_ANON_8309;NINEA_ANON_129;
2548030;Importation;2021-04-07 17:02:02.843;EnCours;Mer;IMPORTATEUR_ANON_2771;NINEA_ANON_719;001-I
2634262;Importation;2021-10-22 10:06:23.950;EnCours;Mer;IMPORTATEUR_ANON_5622;NINEA_ANON_143;001-I
2642959;Importation;2021-11-11 10:06:04.903;EnCours;Mer;IMPORTATEUR_ANON_4060;NINEA_ANON_533;001-I
2659789;Exportation;2021-12-15 18:32:18.460;EnCours;Mer;IMPORTATEUR_ANON_3923;NINEA_ANON_709;001-E
2497321;Importation;2020-12-14 10:01:13.710;EnCours;Mer;IMPORTATEUR_ANON_6488;NINEA_ANON_101;001-I
2666649;Importation;2021-12-31 13:56:47.860;EnCours;Mer;IMPORTATEUR_ANON_4949;NINEA_ANON_559;001-I
2651854;Exportation;2021-11-29 16:07:31.860;Initialise;Mer;IMPORTATEUR_ANON_2565;NINEA_ANON_131;001-E
2360022;Transit;2020-02-10 17:32:38.380;Initialise;Mer;IMPORTATEUR_ANON_7788;NINEA_ANON_174;001-E
2443501;Importation;2020-08-12 11:59:33.343;Initialise;Mer;IMPORTATEUR_ANON_428;NINEA_ANON_244;001-I
2579521;Importation;2021-06-15 17:29:24.373;Initialise;Mer;IMPORTATEUR_ANON_5906;NINEA_ANON_645;001-I
2592752;Importation;2021-07-13 14:10:16.977;EnCours;Mer;IMPORTATEUR_ANON_4424;NINEA_ANON_51;001-I
2457755;Importation;2020-09-15 09:29:59.893;EnCours;Mer;IMPORTATEUR_ANON_4246;NINEA_ANON_809;001-I
2693744;Importation;2022-02-28 14:19:27.400;Initialise;Mer;IMPORTATEUR_ANON_8659;NINEA_ANON_874;001-I
2339552;Importation;2020-01-02 13:21:51.407;Initialise;Mer;IMPORTATEUR_ANON_6714;NINEA_ANON_151;001-I
2540897;Importation;2021-03-23 09:20:39.080;Initialise;Mer;IMPORTATEUR_ANON_7464;NINEA_ANON_545;001-I
2622589;Importation;2021-09-23 16:23:41.853;EnCours;Mer;IMPORTATEUR_ANON_9754;NINEA_ANON_103;001-I
2397693;Importation;2020-04-28 14:50:01.287;Initialise;Mer;IMPORTATEUR_ANON_7166;NINEA_ANON_450;001-I
2687585;Importation;2022-02-17 08:47:09.277;EnCours;Mer;IMPORTATEUR_ANON_4510;NINEA_ANON_189;001-I
2510841;Importation;2021-01-16 11:21:14.330;Initialise;Mer;IMPORTATEUR_ANON_6067;NINEA_ANON_676;001-I
2340814;Importation;2020-01-06 11:43:37.167;EnCours;Mer;IMPORTATEUR_ANON_5439;NINEA_ANON_409;001-I
2536673;Exportation;2021-03-15 12:17:26.833;EnCours;Mer;IMPORTATEUR_ANON_3768;NINEA_ANON_664;001-E
2530318;Importation;2021-02-26 12:15:30.110;Initialise;Mer;IMPORTATEUR_ANON_3153;NINEA_ANON_237;001-I
2687962;Importation;2022-02-17 12:34:57.487;Initialise;Mer;IMPORTATEUR_ANON_7166;NINEA_ANON_390;001-I
2680654;Importation;2022-02-03 16:29:02.970;EnCours;Mer;IMPORTATEUR_ANON_3923;NINEA_ANON_709;001-I
2378303;Importation;2020-03-13 14:12:58.830;EnCours;Mer;IMPORTATEUR_ANON_4335;NINEA_ANON_530;001-I
2471912;Importation;2020-10-19 11:34:40.807;Initialise;Mer;IMPORTATEUR_ANON_2498;NINEA_ANON_57;001-I
2382526;Exportation;2020-03-23 11:46:12.310;EnCours;Mer;IMPORTATEUR_ANON_8941;NINEA_ANON_777;001-E
2604889;Importation;2021-08-13 09:57:59.377;EnCours;Mer;IMPORTATEUR_ANON_1146;NINEA_ANON_317;001-I
2646519;Importation;2021-11-18 11:16:49.120;EnCours;Mer;IMPORTATEUR_ANON_5804;NINEA_ANON_779;001-I
2685680;Importation;2022-02-15 10:48:46.310;Initialise;Mer;IMPORTATEUR_ANON_7274;NINEA_ANON_689;001-I
2385332;Importation;2020-03-30 09:00:01.140;EnCours;Mer;IMPORTATEUR_ANON_9750;NINEA_ANON_894;001-I
2368233;Importation;2020-02-25 14:33:24.217;Initialise;Mer;IMPORTATEUR_ANON_8040;NINEA_ANON_523;001-I
2382658;Exportation;2020-03-23 13:29:42.880;EnCours;Mer;IMPORTATEUR_ANON_3153;NINEA_ANON_514;001-E
2466441;Importation;2020-10-05 13:16:06.880;EnCours;Mer;IMPORTATEUR_ANON_2002;NINEA_ANON_746;001-I
2514037;Importation;2021-01-22 10:39:45.837;EnCours;Mer;IMPORTATEUR_ANON_2506;NINEA_ANON_212;
2579326;Importation;2021-06-15 14:39:11.937;EnCours;Mer;IMPORTATEUR_ANON_7480;NINEA_ANON_504;001-I
2426739;Importation;2020-07-03 16:44:56.700;EnCours;Mer;IMPORTATEUR_ANON_4834;NINEA_ANON_425;001-I
2345699;Importation;2020-01-14 15:13:11.817;EnCours;Mer;IMPORTATEUR_ANON_5599;NINEA_ANON_391;001-I
2447549;Importation;2020-08-21 11:07:53.240;Initialise;Mer;IMPORTATEUR_ANON_1133;NINEA_ANON_602;001-I
2500388;Exportation;2020-12-21 09:25:12.510;EnCours;Mer;IMPORTATEUR_ANON_8895;NINEA_ANON_393;001-E
2560982;Importation;2021-05-05 09:04:34.187;EnCours;Mer;IMPORTATEUR_ANON_9628;NINEA_ANON_405;001-I
2486245;Importation;2020-11-18 14:14:17.547;EnCours;Mer;IMPORTATEUR_ANON_8932;NINEA_ANON_791;001-I
2509815;Importation;2021-01-14 11:09:27.940;EnCours;Mer;IMPORTATEUR_ANON_5484;NINEA_ANON_42;001-I
2529027;Importation;2021-02-24 11:10:25.897;EnCours;Mer;IMPORTATEUR_ANON_2822;NINEA_ANON_142;001-I
2359598;Importation;2020-02-10 12:51:20.013;EnCours;Mer;IMPORTATEUR_ANON_7528;NINEA_ANON_447;001-I
2430284;Importation;2020-07-13 11:16:35.580;Initialise;Mer;IMPORTATEUR_ANON_3488;NINEA_ANON_34;001-I
2516334;Importation;2021-01-27 12:16:19.750;Initialise;Mer;IMPORTATEUR_ANON_2892;NINEA_ANON_109;001-I
2379203;Importation;2020-03-16 15:23:24.140;EnCours;Mer;IMPORTATEUR_ANON_2298;NINEA_ANON_511;001-I
2652140;Importation;2021-11-30 10:10:22.360;EnCours;Mer;IMPORTATEUR_ANON_7343;NINEA_ANON_939;001-I
2361161;Exportation;2020-02-12 10:55:11.993;EnCours;Mer;IMPORTATEUR_ANON_6061;NINEA_ANON_638;001-E
2504574;Importation;2020-12-31 11:16:15.857;EnCours;Mer;IMPORTATEUR_ANON_9564;NINEA_ANON_214;001-I
2466681;Importation;2020-10-07 09:51:40.640;Initialise;Mer;IMPORTATEUR_ANON_9817;NINEA_ANON_825;001-I
2602069;Importation;2021-08-06 13:05:37.057;EnCours;Mer;IMPORTATEUR_ANON_5122;NINEA_ANON_613;001-I
2693900;Exportation;2022-02-28 16:12:17.833;EnCours;Mer;IMPORTATEUR_ANON_1827;NINEA_ANON_956;001-E
2464011;Importation;2020-09-29 10:34:53.913;EnCours;Mer;IMPORTATEUR_ANON_134;NINEA_ANON_630;001-I
2347443;Réexportation;2020-01-16 19:03:39.037;Initialise;Mer;IMPORTATEUR_ANON_6574;NINEA_ANON_72;001-E
2615006;Importation;2021-09-07 17:13:24.687;EnCours;Mer;IMPORTATEUR_ANON_2803;NINEA_ANON_478;001-I
2618223;Exportation;2021-09-14 15:48:39.523;EnCours;Mer;IMPORTATEUR_ANON_9433;NINEA_ANON_98;001-E
2523596;Importation;2021-02-11 18:04:10.470;EnCours;Mer;IMPORTATEUR_ANON_3899;NINEA_ANON_122;001-I
2571197;Importation;2021-05-28 15:47:34.783;EnCours;Mer;IMPORTATEUR_ANON_1621;NINEA_ANON_658;001-I
2651079;Importation;2021-11-26 18:40:32.333;EnCours;Mer;IMPORTATEUR_ANON_5606;NINEA_ANON_899;001-I
2490324;Importation;2020-11-27 08:38:24.297;EnCours;Mer;IMPORTATEUR_ANON_3417;NINEA_ANON_21;001-I
2681229;Exportation;2022-02-04 16:49:54.993;EnCours;Mer;IMPORTATEUR_ANON_6196;NINEA_ANON_514;001-E
2437978;Importation;2020-07-30 10:51:22.230;EnCours;Mer;IMPORTATEUR_ANON_9750;NINEA_ANON_894;001-I
2476083;Importation;2020-10-27 16:19:01.227;EnCours;Mer;IMPORTATEUR_ANON_2506;NINEA_ANON_212;001-I
2481956;Exportation;2020-11-09 12:19:56.550;EnCours;Mer;IMPORTATEUR_ANON_4979;NINEA_ANON_181;001-E
2494876;Importation;2020-12-08 10:25:21.203;EnCours;Mer;IMPORTATEUR_ANON_7153;NINEA_ANON_453;001-I
2483982;Importation;2020-11-12 16:28:05.443;EnCours;Mer;IMPORTATEUR_ANON_825;NINEA_ANON_51;001-I
2503819;Exportation;2020-12-29 15:26:22.040;EnCours;Mer;IMPORTATEUR_ANON_9436;NINEA_ANON_758;001-E
2499097;Exportation;2020-12-16 16:32:27.343;EnCours;Mer;IMPORTATEUR_ANON_9779;NINEA_ANON_750;001-E
2346836;Exportation;2020-01-16 10:55:26.067;EnCours;Mer;IMPORTATEUR_ANON_4979;NINEA_ANON_181;001-E
2414412;Importation;2020-06-08 08:39:06.580;EnCours;Mer;IMPORTATEUR_ANON_3326;NINEA_ANON_963;001-I
2412281;Importation;2020-06-02 15:57:01.683;EnCours;Mer;IMPORTATEUR_ANON_9606;NINEA_ANON_922;001-I
2420311;Exportation;2020-06-19 11:44:54.173;Initialise;Mer;IMPORTATEUR_ANON_3956;NINEA_ANON_971;001-E
2502082;Importation;2020-12-23 13:33:44.020;Initialise;Mer;IMPORTATEUR_ANON_9874;NINEA_ANON_569;001-I
2434091;Importation;2020-07-21 13:38:28.350;EnCours;Mer;IMPORTATEUR_ANON_4424;NINEA_ANON_51;001-I
2377962;Importation;2020-03-13 09:43:31.463;EnCours;Mer;IMPORTATEUR_ANON_3075;NINEA_ANON_331;001-I
2452343;Importation;2020-09-02 11:35:39.090;EnCours;Mer;IMPORTATEUR_ANON_898;NINEA_ANON_665;001-I
2467093;Importation;2020-10-07 16:10:37.813;EnCours;Mer;IMPORTATEUR_ANON_9628;NINEA_ANON_405;001-I
2468351;Exportation;2020-10-09 17:24:58.000;EnCours;Mer;IMPORTATEUR_ANON_9564;NINEA_ANON_214;001-E
2482786;Exportation;2020-11-10 16:11:23.550;EnCours;Mer;IMPORTATEUR_ANON_5978;NINEA_ANON_615;001-E
2397293;Importation;2020-04-28 09:29:53.973;EnCours;Mer;IMPORTATEUR_ANON_1614;NINEA_ANON_766;001-I
2500424;Exportation;2020-12-21 09:55:52.150;EnCours;Mer;IMPORTATEUR_ANON_5638;NINEA_ANON_701;
2681417;Importation;2022-02-08 10:15:12.670;EnCours;Mer;IMPORTATEUR_ANON_9590;NINEA_ANON_438;
2565054;Importation;2021-05-17 10:01:58.633;EnCours;Mer;IMPORTATEUR_ANON_3863;NINEA_ANON_628;001-I
2436531;Importation;2020-07-27 15:29:19.457;Initialise;Mer;IMPORTATEUR_ANON_7166;NINEA_ANON_450;001-I
2497427;Importation;2020-12-14 11:14:35.870;EnCours;Mer;IMPORTATEUR_ANON_7289;NINEA_ANON_748;001-I
2584754;Importation;2021-06-27 23:42:32.983;EnCours;Mer;IMPORTATEUR_ANON_4390;NINEA_ANON_898;001-I
2573355;Transit;2021-06-02 15:36:10.497;Initialise;Mer;IMPORTATEUR_ANON_3144;NINEA_ANON_548;001-E
2396699;Exportation;2020-04-27 09:58:24.910;EnCours;Mer;IMPORTATEUR_ANON_8895;NINEA_ANON_393;001-E
2513650;Exportation;2021-01-21 14:17:34.237;Initialise;Mer;IMPORTATEUR_ANON_3768;NINEA_ANON_664;001-E
2625035;Importation;2021-09-30 14:37:48.243;EnCours;Mer;IMPORTATEUR_ANON_4834;NINEA_ANON_568;001-I
2552104;Importation;2021-04-16 08:30:00.297;EnCours;Mer;IMPORTATEUR_ANON_347;NINEA_ANON_745;001-I
2558731;Exportation;2021-04-29 13:01:36.563;EnCours;Mer;IMPORTATEUR_ANON_1146;NINEA_ANON_676;001-E
2358591;Importation;2020-02-07 10:25:35.293;EnCours;Mer;IMPORTATEUR_ANON_134;NINEA_ANON_630;001-I
2577527;Exportation;2021-06-11 09:43:07.160;Initialise;Mer;IMPORTATEUR_ANON_54;NINEA_ANON_980;001-E
2646031;Importation;2021-11-17 13:27:49.570;EnCours;Mer;IMPORTATEUR_ANON_4424;NINEA_ANON_51;001-I
2342837;Transit;2020-01-09 09:13:15.690;Initialise;Mer;IMPORTATEUR_ANON_206;NINEA_ANON_394;001-E
2547273;Importation;2021-04-06 16:18:37.900;EnCours;Mer;IMPORTATEUR_ANON_3407;NINEA_ANON_902;001-I
2427884;Importation;2020-07-07 11:56:56.320;EnCours;Mer;IMPORTATEUR_ANON_5484;NINEA_ANON_42;001-I
2461537;Importation;2020-09-23 10:50:36.777;EnCours;Mer;IMPORTATEUR_ANON_4510;NINEA_ANON_189;001-I
2542787;Importation;2021-03-26 09:33:10.680;EnCours;Mer;IMPORTATEUR_ANON_134;NINEA_ANON_630;
2572866;Importation;2021-06-02 08:39:13.433;EnCours;Mer;IMPORTATEUR_ANON_5409;NINEA_ANON_85;
2509230;Importation;2021-01-13 12:03:14.150;EnCours;Mer;IMPORTATEUR_ANON_3450;NINEA_ANON_129;001-I
2395272;Importation;2020-04-22 14:11:50.910;Initialise;Mer;IMPORTATEUR_ANON_580;NINEA_ANON_694;001-I
2462388;Importation;2020-09-24 16:05:16.707;EnCours;Mer;IMPORTATEUR_ANON_8856;NINEA_ANON_791;001-I
2523009;Exportation;2021-02-10 16:24:45.477;EnCours;Mer;IMPORTATEUR_ANON_5226;NINEA_ANON_735;001-E
2367571;Exportation;2020-02-24 17:14:33.750;EnCours;Mer;IMPORTATEUR_ANON_29;NINEA_ANON_562;001-E
2688987;Exportation;2022-02-18 15:49:09.973;EnCours;Mer;IMPORTATEUR_ANON_991;NINEA_ANON_486;001-E
2447717;Importation;2020-08-21 13:21:40.857;EnCours;Mer;IMPORTATEUR_ANON_8060;NINEA_ANON_730;001-I
2604012;Transit;2021-08-11 13:05:25.873;EnCours;Mer;IMPORTATEUR_ANON_8060;NINEA_ANON_730;
2499991;Transit;2020-12-18 11:49:51.213;EnCours;Mer;IMPORTATEUR_ANON_8546;NINEA_ANON_323;
2383893;Importation;2020-03-25 12:08:08.663;EnCours;Mer;IMPORTATEUR_ANON_3177;NINEA_ANON_513;001-I
2659590;Exportation;2021-12-15 14:36:18.137;EnCours;Mer;IMPORTATEUR_ANON_3923;NINEA_ANON_709;001-E
2606216;Importation;2021-08-17 10:49:26.113;EnCours;Mer;IMPORTATEUR_ANON_3438;NINEA_ANON_590;
2665819;Exportation;2021-12-29 17:59:16.050;Initialise;Mer;IMPORTATEUR_ANON_9779;NINEA_ANON_750;001-E
2627836;Importation;2021-10-07 10:39:18.670;EnCours;Mer;IMPORTATEUR_ANON_9218;NINEA_ANON_750;
2379435;Exportation;2020-03-17 08:32:17.757;EnCours;Mer;IMPORTATEUR_ANON_8297;NINEA_ANON_450;001-E
2415389;Importation;2020-06-09 12:15:50.907;EnCours;Mer;IMPORTATEUR_ANON_2308;NINEA_ANON_475;001-I
2577345;Importation;2021-06-10 16:58:13.010;Initialise;Mer;IMPORTATEUR_ANON_7166;NINEA_ANON_450;001-I
2627971;Importation;2021-10-07 12:34:18.333;EnCours;Mer;IMPORTATEUR_ANON_51;NINEA_ANON_44;001-I
2527857;Exportation;2021-02-22 12:21:43.347;EnCours;Mer;IMPORTATEUR_ANON_5881;NINEA_ANON_839;001-E
2351246;Importation;2020-01-24 08:44:42.127;EnCours;Mer;IMPORTATEUR_ANON_3438;NINEA_ANON_590;001-I
2418861;Importation;2020-06-16 16:03:04.460;Initialise;Mer;IMPORTATEUR_ANON_8857;NINEA_ANON_74;001-I
2621345;Importation;2021-09-21 16:07:02.760;EnCours;Mer;IMPORTATEUR_ANON_3578;NINEA_ANON_142;001-I
2460635;Importation;2020-09-21 18:38:42.973;EnCours;Mer;IMPORTATEUR_ANON_1034;NINEA_ANON_103;001-I
2575549;Réexportation;2021-06-08 10:29:35.737;Initialise;Mer;IMPORTATEUR_ANON_4424;NINEA_ANON_51;001-E
2530636;Importation;2021-02-27 15:57:03.703;EnCours;Mer;IMPORTATEUR_ANON_134;NINEA_ANON_630;
2411989;Importation;2020-06-02 11:58:40.013;Initialise;Mer;IMPORTATEUR_ANON_6336;NINEA_ANON_145;001-I
2474841;Exportation;2020-10-24 15:27:21.807;EnCours;Mer;IMPORTATEUR_ANON_29;NINEA_ANON_562;001-E
2509045;Importation;2021-01-13 09:44:48.123;EnCours;Mer;IMPORTATEUR_ANON_3951;NINEA_ANON_125;001-I
2349928;Importation;2020-01-22 10:09:21.070;EnCours;Mer;IMPORTATEUR_ANON_9469;NINEA_ANON_934;001-I
2424464;Exportation;2020-06-30 08:29:21.450;EnCours;Mer;IMPORTATEUR_ANON_7983;NINEA_ANON_530;001-E
2355282;Exportation;2020-01-31 13:21:05.600;EnCours;Mer;IMPORTATEUR_ANON_1088;NINEA_ANON_280;001-E
2360197;Importation;2020-02-11 09:51:16.950;EnCours;Mer;IMPORTATEUR_ANON_2026;NINEA_ANON_867;001-I
2380694;Importation;2020-03-18 15:21:41.130;EnCours;Mer;IMPORTATEUR_ANON_7533;NINEA_ANON_993;001-I
2465955;Importation;2020-10-02 13:01:47.250;EnCours;Mer;IMPORTATEUR_ANON_4949;NINEA_ANON_875;001-I
2508732;Importation;2021-01-12 13:39:12.863;EnCours;Mer;IMPORTATEUR_ANON_6732;NINEA_ANON_547;001-I
2511076;Importation;2021-01-18 10:36:41.443;EnCours;Mer;IMPORTATEUR_ANON_7464;NINEA_ANON_545;001-I
2523364;Exportation;2021-02-11 12:55:29.927;EnCours;Mer;IMPORTATEUR_ANON_8198;NINEA_ANON_578;001-E
2551675;Importation;2021-04-15 11:22:08.143;EnCours;Mer;IMPORTATEUR_ANON_3688;NINEA_ANON_995;
2448783;Importation;2020-08-25 11:07:55.360;EnCours;Mer;IMPORTATEUR_ANON_5733;NINEA_ANON_814;001-I
2588016;Importation;2021-07-03 11:06:59.727;EnCours;Mer;IMPORTATEUR_ANON_278;NINEA_ANON_59;001-I
2634791;Importation;2021-10-22 20:39:24.000;Initialise;Mer;IMPORTATEUR_ANON_2693;NINEA_ANON_758;001-I
2344095;Importation;2020-01-10 16:05:30.443;EnCours;Mer;IMPORTATEUR_ANON_3768;NINEA_ANON_664;001-I
2665995;Importation;2021-12-30 11:13:50.297;Initialise;Mer;IMPORTATEUR_ANON_7464;NINEA_ANON_545;001-I
2616479;Importation;2021-09-10 09:10:17.033;EnCours;Mer;IMPORTATEUR_ANON_2623;NINEA_ANON_14;001-I
2633683;Réexportation;2021-10-21 10:55:54.493;Initialise;Mer;IMPORTATEUR_ANON_5484;NINEA_ANON_42;001-E
2526781;Importation;2021-02-18 17:23:14.943;EnCours;Mer;IMPORTATEUR_ANON_3951;NINEA_ANON_125;001-I
2469911;Importation;2020-10-13 18:10:57.067;Initialise;Mer;IMPORTATEUR_ANON_9213;NINEA_ANON_892;001-I
2534743;Importation;2021-03-10 15:14:43.133;EnCours;Mer;IMPORTATEUR_ANON_5804;NINEA_ANON_779;001-I
2420666;Exportation;2020-06-22 09:08:16.453;Initialise;Mer;IMPORTATEUR_ANON_8305;NINEA_ANON_25;001-E
2581938;Exportation;2021-06-21 14:40:40.567;EnCours;Mer;IMPORTATEUR_ANON_7798;NINEA_ANON_258;001-E
2564424;Importation;2021-05-12 11:29:33.683;EnCours;Mer;IMPORTATEUR_ANON_3768;NINEA_ANON_664;001-I
2500452;Exportation;2020-12-21 10:12:14.320;EnCours;Mer;IMPORTATEUR_ANON_6681;NINEA_ANON_809;
2630386;Importation;2021-10-13 10:56:42.213;EnCours;Mer;IMPORTATEUR_ANON_8444;NINEA_ANON_784;
2622304;Importation;2021-09-23 11:22:53.287;EnCours;Mer;IMPORTATEUR_ANON_134;NINEA_ANON_630;001-I
2474082;Importation;2020-10-22 13:44:30.020;Initialise;Mer;IMPORTATEUR_ANON_697;NINEA_ANON_697;001-I
2652677;Importation;2021-11-30 17:21:48.600;EnCours;Mer;IMPORTATEUR_ANON_9849;NINEA_ANON_212;001-I
2668365;Importation;2022-01-06 11:11:19.913;EnCours;Mer;IMPORTATEUR_ANON_2743;NINEA_ANON_804;
2340479;Importation;2020-01-03 16:40:19.130;EnCours;Mer;IMPORTATEUR_ANON_4834;NINEA_ANON_425;001-I
2381849;Importation;2020-03-20 12:24:08.220;EnCours;Mer;IMPORTATEUR_ANON_4921;NINEA_ANON_977;001-I
2576589;Importation;2021-06-09 15:11:10.017;EnCours;Mer;IMPORTATEUR_ANON_2346;NINEA_ANON_586;001-I
2462012;Importation;2020-09-24 10:10:58.503;Initialise;Mer;IMPORTATEUR_ANON_1827;NINEA_ANON_956;001-I
2361976;Importation;2020-02-13 11:09:06.447;Initialise;Mer;IMPORTATEUR_ANON_9712;NINEA_ANON_569;001-I
2600216;Importation;2021-08-03 11:04:24.737;Initialise;Mer;IMPORTATEUR_ANON_3841;NINEA_ANON_592;001-I
2467185;Importation;2020-10-07 23:09:03.067;EnCours;Mer;IMPORTATEUR_ANON_6574;NINEA_ANON_54;001-I
2587669;Importation;2021-07-02 12:20:49.610;EnCours;Mer;IMPORTATEUR_ANON_5882;NINEA_ANON_350;001-I
2680933;Importation;2022-02-04 11:45:26.153;Initialise;Mer;IMPORTATEUR_ANON_9485;NINEA_ANON_943;001-I
2459168;Exportation;2020-09-17 11:30:12.990;EnCours;Mer;IMPORTATEUR_ANON_4744;NINEA_ANON_747;001-E
2467420;Importation;2020-10-08 12:17:34.687;EnCours;Mer;IMPORTATEUR_ANON_134;NINEA_ANON_630;001-I
2364965;Importation;2020-02-19 10:39:50.990;EnCours;Mer;IMPORTATEUR_ANON_8932;NINEA_ANON_791;001-I
2421145;Exportation;2020-06-22 15:55:54.630;EnCours;Mer;IMPORTATEUR_ANON_4979;NINEA_ANON_181;001-E
2588520;Importation;2021-07-05 12:36:38.657;Initialise;Mer;IMPORTATEUR_ANON_4925;NINEA_ANON_551;001-I
2558949;Importation;2021-04-29 17:33:15.097;EnCours;Mer;IMPORTATEUR_ANON_7166;NINEA_ANON_390;001-I
2653391;Importation;2021-12-02 10:17:39.273;EnCours;Mer;IMPORTATEUR_ANON_9549;NINEA_ANON_951;
2678545;Importation;2022-01-31 11:49:37.430;EnCours;Mer;IMPORTATEUR_ANON_2602;NINEA_ANON_256;
2586084;Importation;2021-06-29 16:10:10.123;EnCours;Mer;IMPORTATEUR_ANON_3144;NINEA_ANON_548;001-I
2692860;Importation;2022-02-25 13:10:28.813;EnCours;Mer;IMPORTATEUR_ANON_8441;NINEA_ANON_443;001-I
2590876;Importation;2021-07-08 16:14:05.020;EnCours;Mer;IMPORTATEUR_ANON_2935;NINEA_ANON_309;001-I
2495636;Exportation;2020-12-09 11:56:47.000;EnCours;Mer;IMPORTATEUR_ANON_7333;NINEA_ANON_396;001-E
2419693;Importation;2020-06-18 10:53:33.520;EnCours;Mer;IMPORTATEUR_ANON_1841;NINEA_ANON_38;001-I
2367895;Importation;2020-02-25 10:59:12.943;EnCours;Mer;IMPORTATEUR_ANON_7153;NINEA_ANON_453;001-I
2425959;Importation;2020-07-02 13:00:46.307;EnCours;Mer;IMPORTATEUR_ANON_482;NINEA_ANON_467;001-I
2378426;Importation;2020-03-13 16:36:37.450;EnCours;Mer;IMPORTATEUR_ANON_5629;NINEA_ANON_380;001-I
2427057;Exportation;2020-07-06 11:06:26.177;EnCours;Mer;IMPORTATEUR_ANON_4979;NINEA_ANON_181;001-E
2433143;Importation;2020-07-18 21:56:12.717;EnCours;Mer;IMPORTATEUR_ANON_5379;NINEA_ANON_523;001-I
2594622;Importation;2021-07-16 16:14:16.030;EnCours;Mer;IMPORTATEUR_ANON_3790;NINEA_ANON_633;001-I
2426879;Importation;2020-07-06 08:47:13.513;EnCours;Mer;IMPORTATEUR_ANON_2623;NINEA_ANON_939;001-I
2360931;Importation;2020-02-12 07:55:19.890;Initialise;Mer;IMPORTATEUR_ANON_1307;NINEA_ANON_523;001-I
2385246;Importation;2020-03-28 11:44:17.680;EnCours;Mer;IMPORTATEUR_ANON_134;NINEA_ANON_630;001-I
2645778;Exportation;2021-11-17 10:45:57.497;EnCours;Mer;IMPORTATEUR_ANON_9875;NINEA_ANON_221;001-E
2687202;Exportation;2022-02-16 14:39:14.250;EnCours;Mer;IMPORTATEUR_ANON_3923;NINEA_ANON_709;001-E
2411916;Importation;2020-06-02 11:19:08.500;EnCours;Mer;IMPORTATEUR_ANON_3438;NINEA_ANON_590;001-I
2655442;Importation;2021-12-07 11:45:27.130;EnCours;Mer;IMPORTATEUR_ANON_9628;NINEA_ANON_405;001-I
2347366;Importation;2020-01-16 16:41:35.767;Initialise;Mer;IMPORTATEUR_ANON_9189;NINEA_ANON_813;001-I
2609266;Importation;2021-08-25 11:43:57.730;EnCours;Mer;IMPORTATEUR_ANON_1266;NINEA_ANON_94;001-I
2492675;Importation;2020-12-02 13:05:12.650;EnCours;Mer;IMPORTATEUR_ANON_5208;NINEA_ANON_3;001-I
2368211;Exportation;2020-02-25 14:11:06.337;EnCours;Mer;IMPORTATEUR_ANON_7692;NINEA_ANON_804;001-E
2478164;Exportation;2020-11-03 09:08:17.903;EnCours;Mer;IMPORTATEUR_ANON_1146;NINEA_ANON_676;001-E
2499290;Importation;2020-12-17 10:28:13.097;EnCours;Mer;IMPORTATEUR_ANON_9218;NINEA_ANON_750;
2491725;Importation;2020-12-01 08:44:54.670;EnCours;Mer;IMPORTATEUR_ANON_5362;NINEA_ANON_120;001-I
2510893;Importation;2021-01-17 12:46:43.500;EnCours;Mer;IMPORTATEUR_ANON_1827;NINEA_ANON_956;001-I
2373566;Importation;2020-03-05 11:52:47.037;EnCours;Mer;IMPORTATEUR_ANON_2596;NINEA_ANON_273;001-I
2376111;Exportation;2020-03-10 14:18:11.853;EnCours;Mer;IMPORTATEUR_ANON_1218;NINEA_ANON_822;001-E
2407658;Importation;2020-05-19 09:05:36.253;EnCours;Mer;IMPORTATEUR_ANON_7944;NINEA_ANON_345;001-I
2508814;Importation;2021-01-12 15:23:33.380;Initialise;Mer;IMPORTATEUR_ANON_3084;NINEA_ANON_843;001-I
2366193;Importation;2020-02-21 07:47:49.627;EnCours;Mer;IMPORTATEUR_ANON_4510;NINEA_ANON_189;001-I
2438323;Importation;2020-08-03 10:51:09.590;EnCours;Mer;IMPORTATEUR_ANON_1656;NINEA_ANON_330;001-I
2555810;Importation;2021-04-23 11:47:35.347;EnCours;Mer;IMPORTATEUR_ANON_2653;NINEA_ANON_576;001-I
2548208;Transit;2021-04-08 10:14:32.420;Initialise;Mer;IMPORTATEUR_ANON_2088;NINEA_ANON_330;001-E
2361522;Importation;2020-02-12 15:02:48.410;EnCours;Mer;IMPORTATEUR_ANON_6379;NINEA_ANON_734;001-I
2569098;Exportation;2021-05-25 14:43:07.607;EnCours;Mer;IMPORTATEUR_ANON_9779;NINEA_ANON_750;001-E
2582719;Exportation;2021-06-22 15:18:29.493;EnCours;Mer;IMPORTATEUR_ANON_29;NINEA_ANON_562;001-E
2586998;Importation;2021-07-01 11:23:58.277;Initialise;Mer;IMPORTATEUR_ANON_5901;NINEA_ANON_498;001-I
2341709;Importation;2020-01-07 12:36:17.047;Initialise;Mer;IMPORTATEUR_ANON_3863;NINEA_ANON_628;001-I
2444334;Importation;2020-08-13 16:10:08.907;EnCours;Mer;IMPORTATEUR_ANON_7289;NINEA_ANON_748;001-I
2544211;Importation;2021-03-30 09:43:41.207;EnCours;Mer;IMPORTATEUR_ANON_8494;NINEA_ANON_393;001-I
2635560;Importation;2021-10-26 08:31:27.657;EnCours;Mer;IMPORTATEUR_ANON_6022;NINEA_ANON_554;001-I
2609960;Importation;2021-08-26 13:31:25.193;EnCours;Mer;IMPORTATEUR_ANON_4549;NINEA_ANON_312;001-I
2529305;Importation;2021-02-24 15:37:18.477;EnCours;Mer;IMPORTATEUR_ANON_3438;NINEA_ANON_590;
2643543;Importation;2021-11-12 09:20:56.980;EnCours;Mer;IMPORTATEUR_ANON_1146;NINEA_ANON_317;001-I
2464150;Importation;2020-09-29 12:11:06.413;EnCours;Mer;IMPORTATEUR_ANON_2308;NINEA_ANON_475;001-I
2451802;Importation;2020-09-01 12:25:46.727;EnCours;Mer;IMPORTATEUR_ANON_134;NINEA_ANON_630;001-I
2596909;Importation;2021-07-27 08:42:32.730;EnCours;Mer;IMPORTATEUR_ANON_2072;NINEA_ANON_635;001-I
2425302;Importation;2020-07-01 11:30:44.977;Initialise;Mer;IMPORTATEUR_ANON_6096;NINEA_ANON_898;001-I
2361340;Importation;2020-02-12 12:20:28.503;EnCours;Mer;IMPORTATEUR_ANON_2783;NINEA_ANON_422;001-I
2445119;Exportation;2020-08-17 10:04:41.657;EnCours;Mer;IMPORTATEUR_ANON_1218;NINEA_ANON_822;001-E
2461750;Importation;2020-09-23 13:49:45.780;EnCours;Mer;IMPORTATEUR_ANON_5233;NINEA_ANON_497;001-I
2567726;Exportation;2021-05-20 16:57:43.640;EnCours;Mer;IMPORTATEUR_ANON_7664;NINEA_ANON_112;001-E
2399600;Importation;2020-05-04 14:18:19.890;Initialise;Mer;IMPORTATEUR_ANON_3121;NINEA_ANON_607;001-I
2615488;Importation;2021-09-08 14:49:08.143;EnCours;Mer;IMPORTATEUR_ANON_8801;NINEA_ANON_265;001-I
2478618;Importation;2020-11-03 15:29:35.873;Initialise;Mer;IMPORTATEUR_ANON_7101;NINEA_ANON_122;001-I
2500552;Exportation;2020-12-21 10:59:52.877;EnCours;Mer;IMPORTATEUR_ANON_5638;NINEA_ANON_701;
2644605;Importation;2021-11-15 13:31:27.503;EnCours;Mer;IMPORTATEUR_ANON_3489;NINEA_ANON_418;001-I
2654655;Importation;2021-12-06 11:35:57.123;EnCours;Mer;IMPORTATEUR_ANON_8143;NINEA_ANON_342;001-I
2403846;Importation;2020-05-08 15:11:22.373;Initialise;Mer;IMPORTATEUR_ANON_8331;NINEA_ANON_496;001-I
2654918;Importation;2021-12-06 14:46:04.107;Initialise;Mer;IMPORTATEUR_ANON_8059;NINEA_ANON_462;001-I
2345721;Importation;2020-01-14 15:28:45.887;EnCours;Mer;IMPORTATEUR_ANON_5599;NINEA_ANON_391;001-I
2429206;Importation;2020-07-09 13:40:29.673;Initialise;Mer;IMPORTATEUR_ANON_4663;NINEA_ANON_805;001-I
2654980;Importation;2021-12-06 15:40:58.177;EnCours;Mer;IMPORTATEUR_ANON_4834;NINEA_ANON_568;001-I
2681786;Importation;2022-02-08 13:01:43.703;Initialise;Mer;IMPORTATEUR_ANON_3822;NINEA_ANON_521;001-I
2357861;Transit;2020-02-06 11:04:16.230;Initialise;Mer;IMPORTATEUR_ANON_4855;NINEA_ANON_154;001-E
2439427;Importation;2020-08-05 10:52:53.657;EnCours;Mer;IMPORTATEUR_ANON_1827;NINEA_ANON_956;001-I
2506312;Exportation;2021-01-06 15:16:24.040;EnCours;Mer;IMPORTATEUR_ANON_1061;NINEA_ANON_800;001-E
2522121;Importation;2021-02-09 12:20:02.563;EnCours;Mer;IMPORTATEUR_ANON_134;NINEA_ANON_630;
2634801;Exportation;2021-10-23 10:39:19.817;EnCours;Mer;IMPORTATEUR_ANON_9750;NINEA_ANON_628;001-E
2650733;Importation;2021-11-26 11:51:19.540;EnCours;Mer;IMPORTATEUR_ANON_9628;NINEA_ANON_405;001-I
2514620;Importation;2021-01-25 10:15:24.313;EnCours;Mer;IMPORTATEUR_ANON_8494;NINEA_ANON_245;001-I
2595714;Importation;2021-07-22 12:04:10.690;EnCours;Mer;IMPORTATEUR_ANON_5978;NINEA_ANON_615;001-I
2599995;Exportation;2021-08-02 16:42:02.813;EnCours;Mer;IMPORTATEUR_ANON_5458;NINEA_ANON_44;001-E
2529517;Importation;2021-02-25 09:53:26.800;EnCours;Mer;IMPORTATEUR_ANON_4424;NINEA_ANON_51;001-I
2688432;Importation;2022-02-18 09:03:10.093;EnCours;Mer;IMPORTATEUR_ANON_4510;NINEA_ANON_189;001-I
2691776;Importation;2022-02-24 08:03:50.367;EnCours;Mer;IMPORTATEUR_ANON_3660;NINEA_ANON_647;001-I
2538336;Importation;2021-03-17 14:46:23.357;EnCours;Mer;IMPORTATEUR_ANON_6862;NINEA_ANON_9;001-I
2531452;Importation;2021-03-02 11:09:22.173;EnCours;Mer;IMPORTATEUR_ANON_4694;NINEA_ANON_601;001-I
2603301;Importation;2021-08-10 11:51:39.690;EnCours;Mer;IMPORTATEUR_ANON_9988;NINEA_ANON_14;001-I
2487511;Importation;2020-11-20 16:20:21.530;EnCours;Mer;IMPORTATEUR_ANON_5622;NINEA_ANON_143;001-I
2405391;Importation;2020-05-13 10:08:33.787;EnCours;Mer;IMPORTATEUR_ANON_1123;NINEA_ANON_764;001-I
2547517;Importation;2021-04-07 10:36:41.400;EnCours;Mer;IMPORTATEUR_ANON_4663;NINEA_ANON_805;001-I
2407743;Importation;2020-05-19 10:33:44.160;Initialise;Mer;IMPORTATEUR_ANON_6857;NINEA_ANON_43;001-I
2507903;Exportation;2021-01-11 12:41:04.670;EnCours;Mer;IMPORTATEUR_ANON_465;NINEA_ANON_38;001-E
2611935;Exportation;2021-08-31 15:51:52.683;EnCours;Mer;IMPORTATEUR_ANON_5174;NINEA_ANON_530;001-E
2411650;Exportation;2020-06-01 14:21:15.443;EnCours;Mer;IMPORTATEUR_ANON_4979;NINEA_ANON_181;001-E
2595855;Importation;2021-07-23 10:17:28.353;Initialise;Mer;IMPORTATEUR_ANON_3055;NINEA_ANON_273;001-I
2691216;Importation;2022-02-23 11:24:22.303;EnCours;Mer;IMPORTATEUR_ANON_5484;NINEA_ANON_42;001-I
2470878;Importation;2020-10-15 12:49:42.370;EnCours;Mer;IMPORTATEUR_ANON_4510;NINEA_ANON_189;001-I
2428458;Importation;2020-07-08 11:22:32.750;EnCours;Mer;IMPORTATEUR_ANON_5484;NINEA_ANON_42;001-I
2554096;Exportation;2021-04-20 14:43:08.753;EnCours;Mer;IMPORTATEUR_ANON_6574;NINEA_ANON_72;001-E
2365533;Importation;2020-02-20 08:53:02.950;EnCours;Mer;IMPORTATEUR_ANON_2407;NINEA_ANON_991;001-I
2372839;Importation;2020-03-04 12:05:47.043;EnCours;Mer;IMPORTATEUR_ANON_2308;NINEA_ANON_475;001-I
2340559;Importation;2020-01-05 16:37:51.197;EnCours;Mer;IMPORTATEUR_ANON_8875;NINEA_ANON_793;001-I
2668388;Importation;2022-01-06 11:28:11.953;EnCours;Mer;IMPORTATEUR_ANON_134;NINEA_ANON_630;001-I
2356350;Importation;2020-02-04 10:59:01.730;EnCours;Mer;IMPORTATEUR_ANON_6474;NINEA_ANON_363;001-I
2452011;Importation;2020-09-01 15:52:03.663;EnCours;Mer;IMPORTATEUR_ANON_1818;NINEA_ANON_980;001-I
2477278;Importation;2020-10-29 16:07:38.540;EnCours;Mer;IMPORTATEUR_ANON_3657;NINEA_ANON_826;001-I
2661303;Importation;2021-12-20 11:28:56.507;EnCours;Mer;IMPORTATEUR_ANON_134;NINEA_ANON_630;001-I
2584061;Importation;2021-06-24 16:38:38.503;EnCours;Mer;IMPORTATEUR_ANON_134;NINEA_ANON_630;001-I
2347775;Importation;2020-01-17 12:08:48.473;EnCours;Mer;IMPORTATEUR_ANON_3923;NINEA_ANON_709;001-I
2347818;Transit;2020-01-17 12:35:47.403;Initialise;Mer;IMPORTATEUR_ANON_8563;NINEA_ANON_708;001-E
2409148;Importation;2020-05-23 08:03:21.353;EnCours;Mer;IMPORTATEUR_ANON_3923;NINEA_ANON_709;001-I
2480308;Importation;2020-11-06 12:15:58.957;EnCours;Mer;IMPORTATEUR_ANON_5682;NINEA_ANON_144;001-I
2554636;Importation;2021-04-21 12:25:27.903;EnCours;Mer;IMPORTATEUR_ANON_1579;NINEA_ANON_277;001-I
2479535;Importation;2020-11-05 10:31:32.407;EnCours;Mer;IMPORTATEUR_ANON_7002;NINEA_ANON_585;001-I
2450499;Importation;2020-08-28 11:30:09.713;EnCours;Mer;IMPORTATEUR_ANON_5409;NINEA_ANON_85;001-I
2341333;Importation;2020-01-07 09:00:31.147;EnCours;Mer;IMPORTATEUR_ANON_2308;NINEA_ANON_475;001-I
2365692;Exportation;2020-02-20 10:45:49.173;EnCours;Mer;IMPORTATEUR_ANON_1146;NINEA_ANON_676;001-E
2658803;Importation;2021-12-14 12:55:22.240;Initialise;Mer;IMPORTATEUR_ANON_8484;NINEA_ANON_487;001-I
2372299;Exportation;2020-03-03 13:36:55.633;EnCours;Mer;IMPORTATEUR_ANON_6061;NINEA_ANON_514;001-E
2419789;Importation;2020-06-18 12:29:27.383;EnCours;Mer;IMPORTATEUR_ANON_7333;NINEA_ANON_231;001-I
2517274;Importation;2021-01-29 08:20:48.050;EnCours;Mer;IMPORTATEUR_ANON_4280;NINEA_ANON_46;001-I
2554567;Importation;2021-04-21 11:30:36.253;Initialise;Mer;IMPORTATEUR_ANON_2308;NINEA_ANON_475;001-I
2403321;Importation;2020-05-07 16:40:09.477;EnCours;Mer;IMPORTATEUR_ANON_347;NINEA_ANON_745;001-I
2479563;Transit;2020-11-05 10:42:40.407;Initialise;Mer;IMPORTATEUR_ANON_195;NINEA_ANON_708;001-E
2644935;Importation;2021-11-16 08:35:01.790;EnCours;Mer;IMPORTATEUR_ANON_9008;NINEA_ANON_224;001-I
2504310;Importation;2020-12-30 15:23:41.870;EnCours;Mer;IMPORTATEUR_ANON_2308;NINEA_ANON_475;001-I
2432406;Importation;2020-07-16 15:25:57.603;Initialise;Mer;IMPORTATEUR_ANON_8759;NINEA_ANON_211;001-I
2361514;Importation;2020-02-12 14:57:55.543;EnCours;Mer;IMPORTATEUR_ANON_1026;NINEA_ANON_774;001-I
2622054;Importation;2021-09-22 17:38:49.790;EnCours;Mer;IMPORTATEUR_ANON_1656;NINEA_ANON_340;001-I
2406856;Importation;2020-05-15 16:28:12.633;Initialise;Mer;IMPORTATEUR_ANON_1497;NINEA_ANON_889;001-I
2583180;Importation;2021-06-23 11:41:13.150;EnCours;Mer;IMPORTATEUR_ANON_7514;NINEA_ANON_521;001-I
2660546;Importation;2021-12-17 10:14:42.563;EnCours;Mer;IMPORTATEUR_ANON_7153;NINEA_ANON_918;001-I
2520845;Importation;2021-02-05 13:17:23.657;EnCours;Mer;IMPORTATEUR_ANON_8713;NINEA_ANON_398;001-I
2374225;Exportation;2020-03-06 12:17:00.457;EnCours;Mer;IMPORTATEUR_ANON_278;NINEA_ANON_355;001-E
2402529;Importation;2020-05-06 13:08:42.223;EnCours;Mer;IMPORTATEUR_ANON_134;NINEA_ANON_630;001-I
2455785;Importation;2020-09-09 16:48:57.710;EnCours;Mer;IMPORTATEUR_ANON_1517;NINEA_ANON_449;001-I
2443052;Importation;2020-08-11 15:01:37.247;EnCours;Mer;IMPORTATEUR_ANON_9628;NINEA_ANON_405;001-I
2394738;Importation;2020-04-21 15:32:25.273;Initialise;Mer;IMPORTATEUR_ANON_577;NINEA_ANON_398;001-I
2478160;Exportation;2020-11-03 09:07:58.167;EnCours;Mer;IMPORTATEUR_ANON_1146;NINEA_ANON_676;001-E
2613857;Importation;2021-09-06 09:00:08.947;EnCours;Mer;IMPORTATEUR_ANON_5527;NINEA_ANON_166;001-I
2549114;Exportation;2021-04-09 14:43:12.407;EnCours;Mer;IMPORTATEUR_ANON_9875;NINEA_ANON_221;001-E
2354609;Exportation;2020-01-30 13:21:25.397;EnCours;Mer;IMPORTATEUR_ANON_315;NINEA_ANON_514;001-E
2476745;Importation;2020-10-28 16:09:16.367;EnCours;Mer;IMPORTATEUR_ANON_3407;NINEA_ANON_902;001-I
2588606;Importation;2021-07-05 13:40:51.460;EnCours;Mer;IMPORTATEUR_ANON_5268;NINEA_ANON_662;001-I
2396789;Exportation;2020-04-27 10:57:23.627;EnCours;Mer;IMPORTATEUR_ANON_4979;NINEA_ANON_181;001-E
2414966;Exportation;2020-06-08 15:46:40.980;EnCours;Mer;IMPORTATEUR_ANON_7698;NINEA_ANON_701;001-E
2384860;Importation;2020-03-27 10:51:04.243;EnCours;Mer;IMPORTATEUR_ANON_5194;NINEA_ANON_758;001-I
2570121;Importation;2021-05-27 09:16:28.700;EnCours;Mer;IMPORTATEUR_ANON_8658;NINEA_ANON_24;001-I
2592707;Importation;2021-07-13 13:24:33.137;EnCours;Mer;IMPORTATEUR_ANON_8476;NINEA_ANON_917;001-I
2483048;Transit;2020-11-11 10:36:26.100;Initialise;Mer;IMPORTATEUR_ANON_3907;NINEA_ANON_725;001-E
2557915;Exportation;2021-04-28 11:34:44.440;EnCours;Mer;IMPORTATEUR_ANON_868;NINEA_ANON_400;001-E
2566160;Importation;2021-05-18 13:25:06.617;EnCours;Mer;IMPORTATEUR_ANON_1694;NINEA_ANON_682;001-I
2420086;Importation;2020-06-19 08:57:17.757;EnCours;Mer;IMPORTATEUR_ANON_4637;NINEA_ANON_299;001-I
2497730;Importation;2020-12-14 15:30:45.143;EnCours;Mer;IMPORTATEUR_ANON_2303;NINEA_ANON_355;
2522601;Importation;2021-02-10 10:41:31.387;EnCours;Mer;IMPORTATEUR_ANON_134;NINEA_ANON_630;
2635320;Importation;2021-10-25 14:03:18.890;Initialise;Mer;IMPORTATEUR_ANON_1497;NINEA_ANON_953;001-I
2636804;Importation;2021-10-27 15:54:40.540;EnCours;Mer;IMPORTATEUR_ANON_8319;NINEA_ANON_11;001-I
2666118;Importation;2021-12-30 13:24:31.737;EnCours;Mer;IMPORTATEUR_ANON_5379;NINEA_ANON_651;001-I
2680957;Exportation;2022-02-04 12:01:17.087;EnCours;Mer;IMPORTATEUR_ANON_8297;NINEA_ANON_450;001-E
2493093;Importation;2020-12-03 10:47:47.390;EnCours;Mer;IMPORTATEUR_ANON_7153;NINEA_ANON_453;001-I
2443579;Exportation;2020-08-12 13:16:49.527;EnCours;Mer;IMPORTATEUR_ANON_5100;NINEA_ANON_717;001-E
2418458;Importation;2020-06-16 10:08:19.320;EnCours;Mer;IMPORTATEUR_ANON_2026;NINEA_ANON_905;001-I
2682232;Importation;2022-02-08 16:58:11.460;Initialise;Mer;IMPORTATEUR_ANON_7497;NINEA_ANON_175;001-I
2551082;Importation;2021-04-14 12:05:53.547;Initialise;Mer;IMPORTATEUR_ANON_3092;NINEA_ANON_280;001-I
2604353;Importation;2021-08-12 10:36:42.960;EnCours;Mer;IMPORTATEUR_ANON_2534;NINEA_ANON_361;001-I
2341764;Importation;2020-01-07 13:12:25.487;EnCours;Mer;IMPORTATEUR_ANON_9284;NINEA_ANON_956;001-I
2349293;Importation;2020-01-21 11:43:00.040;EnCours;Mer;IMPORTATEUR_ANON_1396;NINEA_ANON_535;001-I
2347655;Importation;2020-01-17 10:55:19.180;Initialise;Mer;IMPORTATEUR_ANON_3056;NINEA_ANON_667;001-I
2385016;Importation;2020-03-27 12:24:52.783;Initialise;Mer;IMPORTATEUR_ANON_1211;NINEA_ANON_684;001-I
2414880;Exportation;2020-06-08 14:21:39.343;EnCours;Mer;IMPORTATEUR_ANON_779;NINEA_ANON_673;001-E
2598491;Importation;2021-07-29 12:54:21.500;EnCours;Mer;IMPORTATEUR_ANON_9750;NINEA_ANON_894;001-I
2599274;Importation;2021-07-30 17:37:32.117;EnCours;Mer;IMPORTATEUR_ANON_7569;NINEA_ANON_834;001-I
2607246;Importation;2021-08-20 10:23:34.003;EnCours;Mer;IMPORTATEUR_ANON_59;NINEA_ANON_686;001-I
2584375;Exportation;2021-06-25 11:44:11.677;EnCours;Mer;IMPORTATEUR_ANON_4843;NINEA_ANON_317;001-E
2620414;Importation;2021-09-20 11:49:44.930;EnCours;Mer;IMPORTATEUR_ANON_512;NINEA_ANON_698;001-I
2394009;Importation;2020-04-20 13:36:34.553;EnCours;Mer;IMPORTATEUR_ANON_3440;NINEA_ANON_136;001-I
2663940;Importation;2021-12-24 13:20:42.277;EnCours;Mer;IMPORTATEUR_ANON_1463;NINEA_ANON_675;001-I
2467065;Importation;2020-10-07 15:50:56.760;EnCours;Mer;IMPORTATEUR_ANON_4057;NINEA_ANON_377;001-I
2678413;Importation;2022-01-31 10:30:40.770;Initialise;Mer;IMPORTATEUR_ANON_7241;NINEA_ANON_415;001-I
2587471;Importation;2021-07-02 09:15:23.883;EnCours;Mer;IMPORTATEUR_ANON_512;NINEA_ANON_698;001-I
2518099;Importation;2021-02-01 10:12:15.780;EnCours;Mer;IMPORTATEUR_ANON_3158;NINEA_ANON_549;001-I
2607164;Importation;2021-08-20 08:54:03.560;EnCours;Mer;IMPORTATEUR_ANON_1124;NINEA_ANON_111;001-I
2459257;Importation;2020-09-17 13:02:08.503;EnCours;Mer;IMPORTATEUR_ANON_901;NINEA_ANON_415;001-I
2387429;Importation;2020-04-02 12:30:19.500;EnCours;Mer;IMPORTATEUR_ANON_4713;NINEA_ANON_995;001-I
2554223;Importation;2021-04-20 16:06:36.897;EnCours;Mer;IMPORTATEUR_ANON_9750;NINEA_ANON_894;001-I
2533160;Importation;2021-03-05 13:00:48.720;EnCours;Mer;IMPORTATEUR_ANON_134;NINEA_ANON_630;
2551162;Importation;2021-04-14 12:55:40.920;EnCours;Mer;IMPORTATEUR_ANON_5711;NINEA_ANON_876;001-I
2522484;Importation;2021-02-10 08:41:52.393;EnCours;Mer;IMPORTATEUR_ANON_7318;NINEA_ANON_910;001-I
2592496;Importation;2021-07-13 10:33:48.850;EnCours;Mer;IMPORTATEUR_ANON_5276;NINEA_ANON_455;001-I
2643047;Importation;2021-11-11 10:57:04.737;EnCours;Mer;IMPORTATEUR_ANON_5906;NINEA_ANON_645;001-I
2608883;Importation;2021-08-24 14:45:44.123;EnCours;Mer;IMPORTATEUR_ANON_7345;NINEA_ANON_58;
2631699;Importation;2021-10-15 10:56:30.283;EnCours;Mer;IMPORTATEUR_ANON_3923;NINEA_ANON_709;001-I
2650856;Importation;2021-11-26 13:35:37.280;EnCours;Mer;IMPORTATEUR_ANON_3715;NINEA_ANON_894;001-I
2469442;Importation;2020-10-13 11:15:44.373;EnCours;Mer;IMPORTATEUR_ANON_6491;NINEA_ANON_178;001-I
2377781;Importation;2020-03-12 16:26:32.383;EnCours;Mer;IMPORTATEUR_ANON_17;NINEA_ANON_782;001-I
2622835;Importation;2021-09-24 11:02:32.657;EnCours;Mer;IMPORTATEUR_ANON_2097;NINEA_ANON_323;001-I
2689257;Importation;2022-02-21 09:22:47.433;EnCours;Mer;IMPORTATEUR_ANON_4510;NINEA_ANON_189;001-I
2452667;Importation;2020-09-03 08:47:51.393;EnCours;Mer;IMPORTATEUR_ANON_1026;NINEA_ANON_774;001-I
2613198;Importation;2021-09-03 08:34:49.417;EnCours;Mer;IMPORTATEUR_ANON_5622;NINEA_ANON_143;001-I
2369415;Importation;2020-02-27 10:09:16.360;EnCours;Mer;IMPORTATEUR_ANON_278;NINEA_ANON_355;001-I
2433788;Exportation;2020-07-21 09:05:03.597;EnCours;Mer;IMPORTATEUR_ANON_6047;NINEA_ANON_757;001-E
2568585;Exportation;2021-05-25 09:19:43.930;EnCours;Mer;IMPORTATEUR_ANON_4979;NINEA_ANON_181;001-E
2684221;Réexportation;2022-02-11 10:47:37.883;EnCours;Mer;IMPORTATEUR_ANON_122;NINEA_ANON_824;001-E
2614621;Importation;2021-09-07 11:14:02.597;Initialise;Mer;IMPORTATEUR_ANON_5598;NINEA_ANON_89;001-I
2362142;Importation;2020-02-13 13:02:37.047;EnCours;Mer;IMPORTATEUR_ANON_6721;NINEA_ANON_580;001-I
2416589;Exportation;2020-06-11 11:51:14.190;EnCours;Mer;IMPORTATEUR_ANON_9231;NINEA_ANON_482;001-E
2355391;Importation;2020-01-31 16:38:58.580;EnCours;Mer;IMPORTATEUR_ANON_4956;NINEA_ANON_248;001-I
2589316;Exportation;2021-07-06 14:33:37.397;EnCours;Mer;IMPORTATEUR_ANON_5978;NINEA_ANON_615;001-E
2537450;Importation;2021-03-16 12:36:31.960;EnCours;Mer;IMPORTATEUR_ANON_4493;NINEA_ANON_454;001-I
2522998;Importation;2021-02-10 16:15:43.577;EnCours;Mer;IMPORTATEUR_ANON_1827;NINEA_ANON_956;001-I
2427863;Importation;2020-07-07 11:45:04.400;Initialise;Mer;IMPORTATEUR_ANON_3863;NINEA_ANON_628;001-I
2347004;Importation;2020-01-16 12:15:05.380;EnCours;Mer;IMPORTATEUR_ANON_4150;NINEA_ANON_702;001-I
2364217;Importation;2020-02-18 11:24:20.633;Initialise;Mer;IMPORTATEUR_ANON_3923;NINEA_ANON_709;001-I
2475452;Exportation;2020-10-26 15:52:54.133;EnCours;Mer;IMPORTATEUR_ANON_6471;NINEA_ANON_935;001-E
2641312;Importation;2021-11-08 12:51:19.743;EnCours;Mer;IMPORTATEUR_ANON_3784;NINEA_ANON_511;001-I
2511031;Importation;2021-01-18 10:11:55.310;EnCours;Mer;IMPORTATEUR_ANON_9684;NINEA_ANON_294;001-I
2442601;Importation;2020-08-10 19:31:13.870;EnCours;Mer;IMPORTATEUR_ANON_3144;NINEA_ANON_548;001-I
2548661;Importation;2021-04-08 16:56:08.753;EnCours;Mer;IMPORTATEUR_ANON_6196;NINEA_ANON_362;001-I
2553912;Importation;2021-04-20 11:58:12.703;EnCours;Mer;IMPORTATEUR_ANON_134;NINEA_ANON_630;
2438846;Importation;2020-08-04 10:50:18.340;Initialise;Mer;IMPORTATEUR_ANON_6013;NINEA_ANON_637;001-I
2461381;Importation;2020-09-23 08:09:17.997;EnCours;Mer;IMPORTATEUR_ANON_8801;NINEA_ANON_265;001-I
2429335;Importation;2020-07-09 16:15:35.030;EnCours;Mer;IMPORTATEUR_ANON_9909;NINEA_ANON_570;001-I
2500012;Importation;2020-12-18 12:02:09.303;EnCours;Mer;IMPORTATEUR_ANON_8895;NINEA_ANON_135;001-I
2669782;Importation;2022-01-11 09:47:30.550;EnCours;Mer;IMPORTATEUR_ANON_1308;NINEA_ANON_693;
2478569;Importation;2020-11-03 14:47:58.160;EnCours;Mer;IMPORTATEUR_ANON_3198;NINEA_ANON_889;001-I
2405953;Importation;2020-05-14 10:10:15.577;EnCours;Mer;IMPORTATEUR_ANON_3768;NINEA_ANON_664;001-I
2556677;Importation;2021-04-26 13:20:17.583;Initialise;Mer;IMPORTATEUR_ANON_6879;NINEA_ANON_384;001-I
2560528;Exportation;2021-05-04 11:33:22.193;EnCours;Mer;IMPORTATEUR_ANON_9659;NINEA_ANON_514;001-E
2589009;Importation;2021-07-06 10:30:44.797;EnCours;Mer;IMPORTATEUR_ANON_4396;NINEA_ANON_907;001-I
2595618;Importation;2021-07-20 16:35:14.560;EnCours;Mer;IMPORTATEUR_ANON_8011;NINEA_ANON_7;001-I
2371930;Importation;2020-03-03 10:14:35.683;EnCours;Mer;IMPORTATEUR_ANON_7533;NINEA_ANON_993;001-I
2381918;Importation;2020-03-20 13:06:42.497;Initialise;Mer;IMPORTATEUR_ANON_7900;NINEA_ANON_535;001-I
2447445;Importation;2020-08-21 09:22:02.843;Initialise;Mer;IMPORTATEUR_ANON_2521;NINEA_ANON_817;001-I
2573737;Importation;2021-06-03 11:24:50.867;EnCours;Mer;IMPORTATEUR_ANON_4107;NINEA_ANON_788;
2641353;Exportation;2021-11-08 13:19:50.750;EnCours;Mer;IMPORTATEUR_ANON_1061;NINEA_ANON_800;001-E
2484813;Importation;2020-11-16 11:13:00.677;EnCours;Mer;IMPORTATEUR_ANON_9511;NINEA_ANON_470;001-I
2625199;Importation;2021-09-30 17:01:48.887;EnCours;Mer;IMPORTATEUR_ANON_853;NINEA_ANON_850;001-I
2664496;Exportation;2021-12-27 14:04:36.030;EnCours;Mer;IMPORTATEUR_ANON_7333;NINEA_ANON_396;001-E
2410875;Exportation;2020-05-28 12:37:55.040;EnCours;Mer;IMPORTATEUR_ANON_4784;NINEA_ANON_450;001-E
2498636;Importation;2020-12-16 09:11:15.130;EnCours;Mer;IMPORTATEUR_ANON_3784;NINEA_ANON_511;001-I
2369750;Importation;2020-02-27 13:21:46.560;Initialise;Mer;IMPORTATEUR_ANON_858;NINEA_ANON_760;001-I
2420268;Importation;2020-06-19 11:13:17.170;Initialise;Mer;IMPORTATEUR_ANON_680;NINEA_ANON_987;001-I
2358735;Importation;2020-02-07 12:02:11.117;EnCours;Mer;IMPORTATEUR_ANON_5501;NINEA_ANON_890;001-I
2546982;Exportation;2021-04-06 12:40:03.360;EnCours;Mer;IMPORTATEUR_ANON_1987;NINEA_ANON_60;001-E
2610009;Importation;2021-08-26 14:43:55.643;EnCours;Mer;IMPORTATEUR_ANON_517;NINEA_ANON_642;001-I
2649865;Exportation;2021-11-24 16:55:39.077;EnCours;Mer;IMPORTATEUR_ANON_1088;NINEA_ANON_280;001-E
2619851;Transit;2021-09-17 12:31:34.727;EnCours;Mer;IMPORTATEUR_ANON_8393;NINEA_ANON_585;
2655222;Importation;2021-12-07 09:23:07.883;Initialise;Mer;IMPORTATEUR_ANON_7166;NINEA_ANON_450;001-I
2462736;Importation;2020-09-25 11:10:59.740;Initialise;Mer;IMPORTATEUR_ANON_4428;NINEA_ANON_4;001-I
2646664;Importation;2021-11-18 12:47:43.300;Initialise;Mer;IMPORTATEUR_ANON_9244;NINEA_ANON_563;001-I
2398573;Exportation;2020-04-30 10:50:23.210;EnCours;Mer;IMPORTATEUR_ANON_3858;NINEA_ANON_258;001-E
2501713;Importation;2020-12-23 08:58:46.447;EnCours;Mer;IMPORTATEUR_ANON_7279;NINEA_ANON_692;001-I
2589828;Importation;2021-07-07 11:13:43.927;EnCours;Mer;IMPORTATEUR_ANON_9595;NINEA_ANON_245;001-I
2658692;Importation;2021-12-14 11:41:27.550;EnCours;Mer;IMPORTATEUR_ANON_8060;NINEA_ANON_730;
2484812;Importation;2020-11-16 11:12:56.910;EnCours;Mer;IMPORTATEUR_ANON_9511;NINEA_ANON_470;001-I
2348126;Transit;2020-01-20 07:48:53.190;Initialise;Mer;IMPORTATEUR_ANON_8563;NINEA_ANON_708;001-E
2585803;Importation;2021-06-29 11:57:43.640;EnCours;Mer;IMPORTATEUR_ANON_2401;NINEA_ANON_374;001-I
2422234;Importation;2020-06-24 12:39:18.237;Initialise;Mer;IMPORTATEUR_ANON_150;NINEA_ANON_526;001-I
2429024;Importation;2020-07-09 11:16:15.517;Initialise;Mer;IMPORTATEUR_ANON_1656;NINEA_ANON_330;001-I
2341784;Exportation;2020-01-07 13:25:31.433;EnCours;Mer;IMPORTATEUR_ANON_2324;NINEA_ANON_897;001-E
2389215;Importation;2020-04-07 13:17:26.980;EnCours;Mer;IMPORTATEUR_ANON_6769;NINEA_ANON_89;001-I
2427359;Importation;2020-07-06 15:25:31.077;EnCours;Mer;IMPORTATEUR_ANON_5320;NINEA_ANON_812;001-I
2376266;Importation;2020-03-10 16:10:10.353;EnCours;Mer;IMPORTATEUR_ANON_2506;NINEA_ANON_212;001-I
2684599;Importation;2022-02-11 16:09:12.893;EnCours;Mer;IMPORTATEUR_ANON_8648;NINEA_ANON_477;001-I
2562882;Exportation;2021-05-10 09:38:00.580;EnCours;Mer;IMPORTATEUR_ANON_4303;NINEA_ANON_514;001-E
2428834;Importation;2020-07-09 08:24:32.613;EnCours;Mer;IMPORTATEUR_ANON_134;NINEA_ANON_630;001-I
2434697;Importation;2020-07-22 13:18:27.070;Initialise;Mer;IMPORTATEUR_ANON_3770;NINEA_ANON_502;001-I
2445982;Exportation;2020-08-18 14:23:15.170;EnCours;Mer;IMPORTATEUR_ANON_9231;NINEA_ANON_482;001-E
2509260;Importation;2021-01-13 12:23:48.413;EnCours;Mer;IMPORTATEUR_ANON_9218;NINEA_ANON_750;
2393227;Importation;2020-04-17 11:47:41.013;EnCours;Mer;IMPORTATEUR_ANON_2534;NINEA_ANON_361;001-I
2435670;Importation;2020-07-24 11:25:50.670;Initialise;Mer;IMPORTATEUR_ANON_8695;NINEA_ANON_221;001-I
2442518;Importation;2020-08-10 16:41:52.860;EnCours;Mer;IMPORTATEUR_ANON_6647;NINEA_ANON_4;001-I
2446324;Exportation;2020-08-19 10:38:31.043;EnCours;Mer;IMPORTATEUR_ANON_29;NINEA_ANON_336;001-E
2450120;Importation;2020-08-27 14:31:15.730;Initialise;Mer;IMPORTATEUR_ANON_3768;NINEA_ANON_664;001-I
2600900;Importation;2021-08-04 12:33:03.093;Initialise;Mer;IMPORTATEUR_ANON_4103;NINEA_ANON_475;001-I
2388743;Importation;2020-04-06 15:29:49.723;Initialise;Mer;IMPORTATEUR_ANON_9202;NINEA_ANON_628;001-I
2447186;Transit;2020-08-20 14:03:10.080;Initialise;Mer;IMPORTATEUR_ANON_195;NINEA_ANON_708;001-E
2484330;Importation;2020-11-13 12:27:50.317;Initialise;Mer;IMPORTATEUR_ANON_7533;NINEA_ANON_993;001-I
2692755;Importation;2022-02-25 11:55:41.917;EnCours;Mer;IMPORTATEUR_ANON_5555;NINEA_ANON_668;001-I
2570565;Importation;2021-05-27 14:45:24.493;Initialise;Mer;IMPORTATEUR_ANON_7241;NINEA_ANON_11;001-I
2677563;Importation;2022-01-27 14:17:35.617;EnCours;Mer;IMPORTATEUR_ANON_1827;NINEA_ANON_956;001-I
2462698;Importation;2020-09-25 10:45:52.377;EnCours;Mer;IMPORTATEUR_ANON_3658;NINEA_ANON_734;001-I
2454141;Importation;2020-09-07 12:01:22.780;EnCours;Mer;IMPORTATEUR_ANON_6539;NINEA_ANON_481;001-I
2573507;Exportation;2021-06-02 17:56:28.093;EnCours;Mer;IMPORTATEUR_ANON_6574;NINEA_ANON_72;001-E
2451579;Importation;2020-09-01 09:24:34.313;Initialise;Mer;IMPORTATEUR_ANON_5958;NINEA_ANON_683;001-I
2444497;Importation;2020-08-14 10:01:39.957;EnCours;Mer;IMPORTATEUR_ANON_6013;NINEA_ANON_637;001-I
2464239;Importation;2020-09-29 13:07:55.557;EnCours;Mer;IMPORTATEUR_ANON_9423;NINEA_ANON_573;001-I
2456802;Importation;2020-09-11 13:19:13.747;EnCours;Mer;IMPORTATEUR_ANON_3784;NINEA_ANON_511;001-I
2501400;Importation;2020-12-22 12:15:05.917;Initialise;Mer;IMPORTATEUR_ANON_2085;NINEA_ANON_653;001-I
2664685;Exportation;2021-12-27 17:00:00.203;EnCours;Mer;IMPORTATEUR_ANON_7333;NINEA_ANON_396;001-E
2655769;Importation;2021-12-07 16:19:52.133;EnCours;Mer;IMPORTATEUR_ANON_6705;NINEA_ANON_239;001-I
2427419;Exportation;2020-07-06 16:02:52.280;EnCours;Mer;IMPORTATEUR_ANON_1552;NINEA_ANON_437;001-E
2407078;Importation;2020-05-18 10:18:14.417;EnCours;Mer;IMPORTATEUR_ANON_3768;NINEA_ANON_664;001-I
2551890;Importation;2021-04-15 14:37:46.503;EnCours;Mer;IMPORTATEUR_ANON_7107;NINEA_ANON_652;
2563211;Importation;2021-05-10 12:13:12.417;EnCours;Mer;IMPORTATEUR_ANON_3438;NINEA_ANON_590;
2592725;Exportation;2021-07-13 13:39:13.720;EnCours;Mer;IMPORTATEUR_ANON_5392;NINEA_ANON_839;001-E
2525662;Importation;2021-02-17 10:11:19.713;Initialise;Mer;IMPORTATEUR_ANON_8428;NINEA_ANON_170;001-I
2673236;Importation;2022-01-18 12:36:32.897;EnCours;Mer;IMPORTATEUR_ANON_5730;NINEA_ANON_141;
2379731;Importation;2020-03-17 11:35:00.250;EnCours;Mer;IMPORTATEUR_ANON_8713;NINEA_ANON_398;001-I
2445912;Importation;2020-08-18 12:56:43.853;Initialise;Mer;IMPORTATEUR_ANON_5932;NINEA_ANON_343;001-I
2475936;Importation;2020-10-27 13:54:28.543;EnCours;Mer;IMPORTATEUR_ANON_134;NINEA_ANON_630;001-I
2675626;Importation;2022-01-24 13:03:16.770;EnCours;Mer;IMPORTATEUR_ANON_6647;NINEA_ANON_337;001-I
2642131;Importation;2021-11-10 07:58:58.100;EnCours;Mer;IMPORTATEUR_ANON_7987;NINEA_ANON_839;001-I
2553741;Exportation;2021-04-20 10:09:41.287;EnCours;Mer;IMPORTATEUR_ANON_9500;NINEA_ANON_450;001-E
2361840;Exportation;2020-02-13 09:38:43.353;EnCours;Mer;IMPORTATEUR_ANON_9270;NINEA_ANON_920;001-E
2503312;Transit;2020-12-28 16:11:51.660;Initialise;Mer;IMPORTATEUR_ANON_3144;NINEA_ANON_548;001-E
2424558;Exportation;2020-06-30 09:42:38.760;EnCours;Mer;IMPORTATEUR_ANON_81;NINEA_ANON_670;001-E
2631821;Importation;2021-10-15 12:17:09.723;EnCours;Mer;IMPORTATEUR_ANON_3096;NINEA_ANON_263;001-I
2355642;Importation;2020-02-03 10:30:57.643;EnCours;Mer;IMPORTATEUR_ANON_7241;NINEA_ANON_11;001-I
2634846;Importation;2021-10-24 14:06:19.637;EnCours;Mer;IMPORTATEUR_ANON_512;NINEA_ANON_698;001-I
2685353;Importation;2022-02-14 16:38:06.130;Initialise;Mer;IMPORTATEUR_ANON_4421;NINEA_ANON_33;001-I
2549284;Importation;2021-04-09 18:30:58.430;EnCours;Mer;IMPORTATEUR_ANON_7153;NINEA_ANON_918;001-I
2592991;Importation;2021-07-13 18:58:39.953;EnCours;Mer;IMPORTATEUR_ANON_7076;NINEA_ANON_662;001-I
2553985;Importation;2021-04-20 12:58:49.047;EnCours;Mer;IMPORTATEUR_ANON_9322;NINEA_ANON_87;001-I
2538392;Importation;2021-03-17 15:38:36.100;EnCours;Mer;IMPORTATEUR_ANON_9628;NINEA_ANON_405;001-I
2412224;Exportation;2020-06-02 15:08:41.193;EnCours;Mer;IMPORTATEUR_ANON_9433;NINEA_ANON_98;001-E
2676709;Importation;2022-01-26 10:40:01.607;EnCours;Mer;IMPORTATEUR_ANON_6925;NINEA_ANON_252;001-I
2351728;Importation;2020-01-24 15:28:18.933;EnCours;Mer;IMPORTATEUR_ANON_393;NINEA_ANON_194;001-I
2407830;Exportation;2020-05-19 11:33:05.263;EnCours;Mer;IMPORTATEUR_ANON_2630;NINEA_ANON_109;001-E
2410746;Importation;2020-05-28 10:48:22.560;EnCours;Mer;IMPORTATEUR_ANON_4834;NINEA_ANON_425;001-I
2490057;Importation;2020-11-26 14:07:38.267;EnCours;Mer;IMPORTATEUR_ANON_39;NINEA_ANON_200;001-I
2677579;Importation;2022-01-27 14:42:13.077;EnCours;Mer;IMPORTATEUR_ANON_1818;NINEA_ANON_980;001-I
2377852;Importation;2020-03-12 17:46:38.813;EnCours;Mer;IMPORTATEUR_ANON_134;NINEA_ANON_630;001-I
2385536;Importation;2020-03-30 11:35:27.470;Initialise;Mer;IMPORTATEUR_ANON_9072;NINEA_ANON_570;001-I
2561174;Importation;2021-05-05 11:27:19.250;EnCours;Mer;IMPORTATEUR_ANON_9628;NINEA_ANON_405;001-I
2632305;Importation;2021-10-18 11:17:53.683;EnCours;Mer;IMPORTATEUR_ANON_1088;NINEA_ANON_280;001-I
2651582;Importation;2021-11-29 12:54:51.917;EnCours;Mer;IMPORTATEUR_ANON_6695;NINEA_ANON_0;
2560149;Importation;2021-05-03 15:33:17.490;EnCours;Mer;IMPORTATEUR_ANON_5864;NINEA_ANON_371;001-I
2528151;Importation;2021-02-22 17:05:43.590;EnCours;Mer;IMPORTATEUR_ANON_3177;NINEA_ANON_513;001-I
2446447;Importation;2020-08-19 11:41:25.100;EnCours;Mer;IMPORTATEUR_ANON_8042;NINEA_ANON_721;001-I
2376043;Importation;2020-03-10 13:20:12.167;EnCours;Mer;IMPORTATEUR_ANON_4663;NINEA_ANON_805;001-I
2357739;Importation;2020-02-06 09:50:53.713;EnCours;Mer;IMPORTATEUR_ANON_5733;NINEA_ANON_814;001-I
2413346;Exportation;2020-06-04 11:05:08.060;EnCours;Mer;IMPORTATEUR_ANON_6471;NINEA_ANON_935;001-E
2531637;Importation;2021-03-02 13:20:05.240;EnCours;Mer;IMPORTATEUR_ANON_8062;NINEA_ANON_404;001-I
2586682;Importation;2021-06-30 15:52:22.217;EnCours;Mer;IMPORTATEUR_ANON_6639;NINEA_ANON_586;001-I
2351447;Importation;2020-01-24 11:12:11.460;EnCours;Mer;IMPORTATEUR_ANON_1223;NINEA_ANON_592;001-I
2468310;Importation;2020-10-09 16:29:01.113;EnCours;Mer;IMPORTATEUR_ANON_3407;NINEA_ANON_902;001-I
2526325;Importation;2021-02-18 10:24:08.550;EnCours;Mer;IMPORTATEUR_ANON_8546;NINEA_ANON_323;001-I
2482746;Importation;2020-11-10 15:42:47.380;EnCours;Mer;IMPORTATEUR_ANON_3144;NINEA_ANON_548;001-I
2641358;Importation;2021-11-08 13:24:44.680;EnCours;Mer;IMPORTATEUR_ANON_9640;NINEA_ANON_943;001-I
2394375;Importation;2020-04-21 10:30:43.413;Initialise;Mer;IMPORTATEUR_ANON_4107;NINEA_ANON_788;001-I
2397012;Importation;2020-04-27 13:40:15.793;EnCours;Mer;IMPORTATEUR_ANON_103;NINEA_ANON_168;001-I
2541377;Importation;2021-03-23 15:54:28.383;EnCours;Mer;IMPORTATEUR_ANON_9284;NINEA_ANON_956;001-I
2460358;Importation;2020-09-21 12:48:27.490;EnCours;Mer;IMPORTATEUR_ANON_7912;NINEA_ANON_842;001-I
2603488;Importation;2021-08-10 14:32:28.270;EnCours;Mer;IMPORTATEUR_ANON_4510;NINEA_ANON_189;001-I
2583161;Importation;2021-06-23 11:33:11.850;EnCours;Mer;IMPORTATEUR_ANON_4531;NINEA_ANON_183;001-I
2393039;Importation;2020-04-17 09:20:07.590;EnCours;Mer;IMPORTATEUR_ANON_88;NINEA_ANON_46;001-I
2516466;Importation;2021-01-27 14:21:41.513;Initialise;Mer;IMPORTATEUR_ANON_4775;NINEA_ANON_878;001-I
2693755;Importation;2022-02-28 14:32:33.690;EnCours;Mer;IMPORTATEUR_ANON_6681;NINEA_ANON_809;001-I
2383232;Importation;2020-03-24 12:56:01.360;EnCours;Mer;IMPORTATEUR_ANON_4744;NINEA_ANON_747;001-I
2641091;Importation;2021-11-08 10:49:15.860;EnCours;Mer;IMPORTATEUR_ANON_3784;NINEA_ANON_511;001-I
2567924;Importation;2021-05-21 10:33:11.010;EnCours;Mer;IMPORTATEUR_ANON_4155;NINEA_ANON_102;001-I
2394430;Importation;2020-04-21 11:05:30.200;EnCours;Mer;IMPORTATEUR_ANON_5615;NINEA_ANON_307;001-I
2563487;Importation;2021-05-10 15:57:12.720;EnCours;Mer;IMPORTATEUR_ANON_4424;NINEA_ANON_51;001-I
2633173;Importation;2021-10-20 13:30:33.570;EnCours;Mer;IMPORTATEUR_ANON_1124;NINEA_ANON_111;001-I
2658305;Importation;2021-12-13 15:56:35.533;EnCours;Mer;IMPORTATEUR_ANON_3784;NINEA_ANON_511;001-I
2342326;Transit;2020-01-08 11:51:17.777;Initialise;Mer;IMPORTATEUR_ANON_5985;NINEA_ANON_675;001-E
2465162;Importation;2020-10-01 10:01:33.283;EnCours;Mer;IMPORTATEUR_ANON_9628;NINEA_ANON_405;001-I
2505824;Importation;2021-01-05 15:54:00.227;Initialise;Mer;IMPORTATEUR_ANON_5257;NINEA_ANON_485;001-I
2381494;Importation;2020-03-19 17:50:12.017;EnCours;Mer;IMPORTATEUR_ANON_5864;NINEA_ANON_371;001-I
2407179;Importation;2020-05-18 11:41:41.420;Initialise;Mer;IMPORTATEUR_ANON_5638;NINEA_ANON_701;001-I
2413341;Exportation;2020-06-04 11:04:43.977;EnCours;Mer;IMPORTATEUR_ANON_6471;NINEA_ANON_935;001-E
2438122;Importation;2020-07-30 13:56:16.747;EnCours;Mer;IMPORTATEUR_ANON_116;NINEA_ANON_792;001-I
2461105;Importation;2020-09-22 13:31:32.990;EnCours;Mer;IMPORTATEUR_ANON_241;NINEA_ANON_475;001-I
2489131;Importation;2020-11-25 10:12:47.850;EnCours;Mer;IMPORTATEUR_ANON_4717;NINEA_ANON_357;001-I
2517775;Importation;2021-01-29 16:33:37.547;EnCours;Mer;IMPORTATEUR_ANON_3146;NINEA_ANON_586;001-I
2530035;Importation;2021-02-26 08:45:36.463;EnCours;Mer;IMPORTATEUR_ANON_4424;NINEA_ANON_51;001-I
2533897;Importation;2021-03-09 13:52:01.303;EnCours;Mer;IMPORTATEUR_ANON_550;NINEA_ANON_124;001-I
2560894;Exportation;2021-05-04 16:55:10.903;EnCours;Mer;IMPORTATEUR_ANON_9875;NINEA_ANON_221;001-E
2568804;Importation;2021-05-25 11:25:42.520;EnCours;Mer;IMPORTATEUR_ANON_8932;NINEA_ANON_791;001-I
2687193;Importation;2022-02-16 14:35:08.353;Initialise;Mer;IMPORTATEUR_ANON_1042;NINEA_ANON_550;001-I
2397076;Importation;2020-04-27 14:46:14.743;EnCours;Mer;IMPORTATEUR_ANON_5906;NINEA_ANON_881;001-I
2419414;Importation;2020-06-17 15:45:34.623;EnCours;Mer;IMPORTATEUR_ANON_5906;NINEA_ANON_645;001-I
2629158;Réexportation;2021-10-11 12:14:12.900;Initialise;Mer;IMPORTATEUR_ANON_8046;NINEA_ANON_450;001-E
2561445;Exportation;2021-05-05 15:13:16.140;EnCours;Mer;IMPORTATEUR_ANON_6061;NINEA_ANON_638;001-E
2589881;Importation;2021-07-07 11:57:32.850;EnCours;Mer;IMPORTATEUR_ANON_704;NINEA_ANON_880;001-I
2606172;Importation;2021-08-17 10:19:30.067;EnCours;Mer;IMPORTATEUR_ANON_9942;NINEA_ANON_83;001-I
2421574;Importation;2020-06-23 12:46:42.913;Initialise;Mer;IMPORTATEUR_ANON_8759;NINEA_ANON_631;001-I
2576212;Importation;2021-06-09 10:13:33.887;EnCours;Mer;IMPORTATEUR_ANON_4320;NINEA_ANON_570;001-I
2438890;Importation;2020-08-04 11:28:13.020;EnCours;Mer;IMPORTATEUR_ANON_9750;NINEA_ANON_628;001-I
2541354;Importation;2021-03-23 15:38:21.683;EnCours;Mer;IMPORTATEUR_ANON_8932;NINEA_ANON_791;001-I
2639748;Importation;2021-11-04 10:42:44.560;EnCours;Mer;IMPORTATEUR_ANON_1497;NINEA_ANON_490;001-I
2673999;Exportation;2022-01-19 15:01:57.657;EnCours;Mer;IMPORTATEUR_ANON_4979;NINEA_ANON_181;001-E
2399891;Importation;2020-05-05 10:30:39.063;EnCours;Mer;IMPORTATEUR_ANON_6732;NINEA_ANON_489;001-I
2516132;Importation;2021-01-27 10:11:34.307;EnCours;Mer;IMPORTATEUR_ANON_3784;NINEA_ANON_511;001-I
2351731;Importation;2020-01-24 15:30:22.257;Initialise;Mer;IMPORTATEUR_ANON_1611;NINEA_ANON_893;001-I
2544493;Importation;2021-03-30 12:46:01.750;EnCours;Mer;IMPORTATEUR_ANON_9628;NINEA_ANON_405;001-I
2614102;Importation;2021-09-06 11:59:47.340;EnCours;Mer;IMPORTATEUR_ANON_8795;NINEA_ANON_755;
2548512;Importation;2021-04-08 13:58:41.923;EnCours;Mer;IMPORTATEUR_ANON_2907;NINEA_ANON_785;001-I
2558197;Importation;2021-04-28 16:01:14.690;EnCours;Mer;IMPORTATEUR_ANON_6247;NINEA_ANON_898;001-I
2391662;Exportation;2020-04-14 17:25:31.763;EnCours;Mer;IMPORTATEUR_ANON_843;NINEA_ANON_514;001-E
2461958;Importation;2020-09-24 09:25:29.410;EnCours;Mer;IMPORTATEUR_ANON_1552;NINEA_ANON_151;001-I
2396274;Importation;2020-04-24 11:52:28.383;EnCours;Mer;IMPORTATEUR_ANON_512;NINEA_ANON_599;001-I
2661197;Importation;2021-12-20 10:23:29.013;EnCours;Mer;IMPORTATEUR_ANON_4510;NINEA_ANON_189;001-I
2546196;Transit;2021-04-02 10:44:15.087;Initialise;Mer;IMPORTATEUR_ANON_2072;NINEA_ANON_797;001-E
2392832;Importation;2020-04-16 14:07:17.480;EnCours;Mer;IMPORTATEUR_ANON_6468;NINEA_ANON_904;001-I
2532632;Importation;2021-03-04 11:13:05.510;EnCours;Mer;IMPORTATEUR_ANON_1248;NINEA_ANON_599;
2608301;Importation;2021-08-23 16:06:15.357;EnCours;Mer;IMPORTATEUR_ANON_9556;NINEA_ANON_171;001-I
2519116;Importation;2021-02-02 12:54:48.297;Initialise;Mer;IMPORTATEUR_ANON_1497;NINEA_ANON_953;001-I
2339310;Transit;2020-01-02 10:43:52.650;Initialise;Mer;IMPORTATEUR_ANON_195;NINEA_ANON_708;001-E
2474611;Importation;2020-10-23 14:18:59.567;EnCours;Mer;IMPORTATEUR_ANON_5501;NINEA_ANON_182;001-I
2394663;Importation;2020-04-21 14:26:28.357;EnCours;Mer;IMPORTATEUR_ANON_6273;NINEA_ANON_291;001-I
2483867;Exportation;2020-11-12 14:24:44.427;Initialise;Mer;IMPORTATEUR_ANON_7289;NINEA_ANON_748;001-E
2622402;Importation;2021-09-23 12:16:50.163;EnCours;Mer;IMPORTATEUR_ANON_2308;NINEA_ANON_475;001-I
2552037;Importation;2021-04-15 16:34:56.120;EnCours;Mer;IMPORTATEUR_ANON_278;NINEA_ANON_59;001-I
2551051;Importation;2021-04-14 11:47:31.377;EnCours;Mer;IMPORTATEUR_ANON_134;NINEA_ANON_630;
2628388;Importation;2021-10-08 10:57:23.343;EnCours;Mer;IMPORTATEUR_ANON_9322;NINEA_ANON_87;001-I
2544548;Importation;2021-03-30 13:36:59.423;Initialise;Mer;IMPORTATEUR_ANON_3102;NINEA_ANON_190;001-I
2554229;Importation;2021-04-20 16:11:09.010;EnCours;Mer;IMPORTATEUR_ANON_819;NINEA_ANON_349;001-I
2558076;Importation;2021-04-28 13:36:47.607;EnCours;Mer;IMPORTATEUR_ANON_1000;NINEA_ANON_616;001-I
2678507;Importation;2022-01-31 11:26:53.753;EnCours;Mer;IMPORTATEUR_ANON_5848;NINEA_ANON_277;001-I
2374399;Importation;2020-03-06 15:44:47.370;Initialise;Mer;IMPORTATEUR_ANON_2353;NINEA_ANON_730;001-I
2678787;Exportation;2022-01-31 14:34:37.210;EnCours;Mer;IMPORTATEUR_ANON_4979;NINEA_ANON_181;001-E
2640026;Importation;2021-11-04 14:52:16.077;EnCours;Mer;IMPORTATEUR_ANON_2261;NINEA_ANON_688;001-I
2364675;Importation;2020-02-18 16:45:27.397;Initialise;Mer;IMPORTATEUR_ANON_5540;NINEA_ANON_470;001-I
2371549;Importation;2020-03-02 15:16:59.407;EnCours;Mer;IMPORTATEUR_ANON_8488;NINEA_ANON_578;001-I
2414255;Importation;2020-06-05 16:58:56.797;EnCours;Mer;IMPORTATEUR_ANON_5456;NINEA_ANON_511;001-I
2403618;Importation;2020-05-08 11:31:25.050;Initialise;Mer;IMPORTATEUR_ANON_4493;NINEA_ANON_454;001-I
2577578;Exportation;2021-06-11 10:30:16.990;EnCours;Mer;IMPORTATEUR_ANON_6681;NINEA_ANON_809;001-E
2526402;Importation;2021-02-18 11:21:02.747;EnCours;Mer;IMPORTATEUR_ANON_6330;NINEA_ANON_59;001-I
2672643;Importation;2022-01-17 14:43:28.010;Initialise;Mer;IMPORTATEUR_ANON_580;NINEA_ANON_694;001-I
2446158;Importation;2020-08-18 19:34:35.767;EnCours;Mer;IMPORTATEUR_ANON_43;NINEA_ANON_779;001-I
2495473;Importation;2020-12-09 10:18:03.340;EnCours;Mer;IMPORTATEUR_ANON_1146;NINEA_ANON_676;001-I
2572364;Importation;2021-06-01 11:11:42.200;EnCours;Mer;IMPORTATEUR_ANON_7451;NINEA_ANON_140;001-I
2480210;Importation;2020-11-06 10:51:22.087;Initialise;Mer;IMPORTATEUR_ANON_3213;NINEA_ANON_30;001-I
2460562;Importation;2020-09-21 16:35:47.150;EnCours;Mer;IMPORTATEUR_ANON_3839;NINEA_ANON_376;001-I
2639777;Importation;2021-11-04 11:11:41.820;EnCours;Mer;IMPORTATEUR_ANON_9750;NINEA_ANON_894;001-I
2457263;Importation;2020-09-14 11:16:19.943;EnCours;Mer;IMPORTATEUR_ANON_7125;NINEA_ANON_595;001-I
2411639;Exportation;2020-06-01 13:45:15.837;EnCours;Mer;IMPORTATEUR_ANON_4979;NINEA_ANON_181;001-E
2498910;Importation;2020-12-16 12:58:43.940;EnCours;Mer;IMPORTATEUR_ANON_5260;NINEA_ANON_489;001-I
2688560;Importation;2022-02-18 10:26:30.523;Initialise;Mer;IMPORTATEUR_ANON_5873;NINEA_ANON_692;001-I
2507925;Importation;2021-01-11 12:54:48.010;EnCours;Mer;IMPORTATEUR_ANON_7621;NINEA_ANON_694;
2442798;Importation;2020-08-11 11:19:25.900;EnCours;Mer;IMPORTATEUR_ANON_278;NINEA_ANON_59;001-I
2446050;Importation;2020-08-18 15:43:06.147;Initialise;Mer;IMPORTATEUR_ANON_5320;NINEA_ANON_812;001-I
2668849;Transit;2022-01-07 12:13:20.373;EnCours;Mer;IMPORTATEUR_ANON_8060;NINEA_ANON_730;
2463576;Exportation;2020-09-28 12:57:24.693;EnCours;Mer;IMPORTATEUR_ANON_4843;NINEA_ANON_317;001-E
2458196;Exportation;2020-09-15 15:37:04.560;EnCours;Mer;IMPORTATEUR_ANON_7333;NINEA_ANON_396;001-E
2451955;Importation;2020-09-01 15:11:22.640;Initialise;Mer;IMPORTATEUR_ANON_2761;NINEA_ANON_992;001-I
2471377;Importation;2020-10-16 12:13:29.240;EnCours;Mer;IMPORTATEUR_ANON_8735;NINEA_ANON_614;001-I
2555496;Importation;2021-04-22 16:46:10.617;EnCours;Mer;IMPORTATEUR_ANON_9385;NINEA_ANON_698;001-I
2614645;Importation;2021-09-07 11:31:12.660;EnCours;Mer;IMPORTATEUR_ANON_6067;NINEA_ANON_846;001-I
2453242;Importation;2020-09-03 17:25:16.580;Initialise;Mer;IMPORTATEUR_ANON_5932;NINEA_ANON_719;001-I
2675941;Exportation;2022-01-24 17:14:52.773;EnCours;Mer;IMPORTATEUR_ANON_4877;NINEA_ANON_456;001-E
2429294;Importation;2020-07-09 15:26:34.717;EnCours;Mer;IMPORTATEUR_ANON_2357;NINEA_ANON_228;001-I
2539380;Exportation;2021-03-19 10:19:04.553;EnCours;Mer;IMPORTATEUR_ANON_991;NINEA_ANON_486;001-E
2384185;Importation;2020-03-26 08:10:35.613;EnCours;Mer;IMPORTATEUR_ANON_4510;NINEA_ANON_189;001-I
2457573;Importation;2020-09-14 15:56:10.483;EnCours;Mer;IMPORTATEUR_ANON_134;NINEA_ANON_630;001-I
2510438;Exportation;2021-01-15 10:55:20.723;EnCours;Mer;IMPORTATEUR_ANON_4200;NINEA_ANON_599;001-E
2603086;Importation;2021-08-10 09:23:59.217;EnCours;Mer;IMPORTATEUR_ANON_9628;NINEA_ANON_405;001-I
2378198;Importation;2020-03-13 12:02:27.720;Initialise;Mer;IMPORTATEUR_ANON_1355;NINEA_ANON_591;001-I
2538540;Importation;2021-03-17 18:36:46.233;Initialise;Mer;IMPORTATEUR_ANON_1851;NINEA_ANON_62;001-I
2628160;Importation;2021-10-07 16:08:19.063;Initialise;Mer;IMPORTATEUR_ANON_9754;NINEA_ANON_103;001-I
2630359;Importation;2021-10-13 10:37:33.590;EnCours;Mer;IMPORTATEUR_ANON_2072;NINEA_ANON_635;001-I
2685746;Transit;2022-02-15 11:24:30.160;Initialise;Mer;IMPORTATEUR_ANON_2072;NINEA_ANON_797;001-E
2517473;Exportation;2021-01-29 11:34:49.367;EnCours;Mer;IMPORTATEUR_ANON_1009;NINEA_ANON_686;001-E
2376415;Importation;2020-03-11 08:49:17.540;EnCours;Mer;IMPORTATEUR_ANON_6828;NINEA_ANON_18;001-I
2572421;Importation;2021-06-01 11:48:21.857;EnCours;Mer;IMPORTATEUR_ANON_2357;NINEA_ANON_452;001-I
2591178;Importation;2021-07-09 10:54:21.640;EnCours;Mer;IMPORTATEUR_ANON_5976;NINEA_ANON_879;001-I
2425379;Importation;2020-07-01 12:38:22.397;EnCours;Mer;IMPORTATEUR_ANON_5405;NINEA_ANON_471;001-I
2467066;Transit;2020-10-07 15:51:03.650;Initialise;Mer;IMPORTATEUR_ANON_8546;NINEA_ANON_323;001-E
2662849;Importation;2021-12-22 14:50:24.477;EnCours;Mer;IMPORTATEUR_ANON_9284;NINEA_ANON_956;001-I
2372475;Importation;2020-03-03 16:39:38.347;Initialise;Mer;IMPORTATEUR_ANON_520;NINEA_ANON_490;001-I
2549947;Importation;2021-04-12 15:42:03.360;EnCours;Mer;IMPORTATEUR_ANON_4510;NINEA_ANON_189;001-I
2613173;Importation;2021-09-02 20:01:33.303;EnCours;Mer;IMPORTATEUR_ANON_524;NINEA_ANON_795;001-I
2683045;Importation;2022-02-09 15:39:11.613;EnCours;Mer;IMPORTATEUR_ANON_4510;NINEA_ANON_189;001-I
2510570;Importation;2021-01-15 12:22:19.083;EnCours;Mer;IMPORTATEUR_ANON_5760;NINEA_ANON_572;001-I
2553052;Exportation;2021-04-19 10:53:02.837;EnCours;Mer;IMPORTATEUR_ANON_3657;NINEA_ANON_826;001-E
2362026;Exportation;2020-02-13 11:37:54.760;EnCours;Mer;IMPORTATEUR_ANON_679;NINEA_ANON_221;001-E
2422546;Importation;2020-06-25 08:07:29.617;EnCours;Mer;IMPORTATEUR_ANON_1818;NINEA_ANON_980;001-I
2622469;Importation;2021-09-23 13:25:14.250;EnCours;Mer;IMPORTATEUR_ANON_4368;NINEA_ANON_351;001-I
2463460;Importation;2020-09-28 11:33:30.747;Initialise;Mer;IMPORTATEUR_ANON_5350;NINEA_ANON_626;001-I
2365883;Exportation;2020-02-20 12:49:31.723;EnCours;Mer;IMPORTATEUR_ANON_8198;NINEA_ANON_48;001-E
2380200;Importation;2020-03-17 20:13:40.067;EnCours;Mer;IMPORTATEUR_ANON_1262;NINEA_ANON_289;001-I
2588257;Importation;2021-07-05 10:01:45.350;EnCours;Mer;IMPORTATEUR_ANON_4477;NINEA_ANON_431;001-I
2691388;Importation;2022-02-23 12:50:18.917;EnCours;Mer;IMPORTATEUR_ANON_134;NINEA_ANON_630;001-I
2558988;Importation;2021-04-30 08:51:09.790;EnCours;Mer;IMPORTATEUR_ANON_1366;NINEA_ANON_736;001-I
2474549;Importation;2020-10-23 12:48:36.827;EnCours;Mer;IMPORTATEUR_ANON_1124;NINEA_ANON_625;001-I
2503941;Importation;2020-12-30 07:59:44.963;EnCours;Mer;IMPORTATEUR_ANON_5369;NINEA_ANON_660;001-I
2433664;Importation;2020-07-20 15:42:12.990;EnCours;Mer;IMPORTATEUR_ANON_9284;NINEA_ANON_956;001-I
2537843;Importation;2021-03-17 09:03:49.880;EnCours;Mer;IMPORTATEUR_ANON_2623;NINEA_ANON_939;001-I
2502348;Importation;2020-12-24 09:04:31.280;EnCours;Mer;IMPORTATEUR_ANON_7533;NINEA_ANON_993;001-I
2593041;Importation;2021-07-14 09:10:26.240;EnCours;Mer;IMPORTATEUR_ANON_1308;NINEA_ANON_693;
2525214;Importation;2021-02-16 12:18:59.180;EnCours;Mer;IMPORTATEUR_ANON_1146;NINEA_ANON_755;001-I
2358740;Importation;2020-02-07 12:05:07.460;Initialise;Mer;IMPORTATEUR_ANON_9515;NINEA_ANON_548;001-I
2589400;Importation;2021-07-06 15:47:33.310;EnCours;Mer;IMPORTATEUR_ANON_5369;NINEA_ANON_660;
2345051;Exportation;2020-01-13 16:44:45.573;EnCours;Mer;IMPORTATEUR_ANON_4494;NINEA_ANON_867;001-E
2672160;Importation;2022-01-16 13:55:32.740;EnCours;Mer;IMPORTATEUR_ANON_3784;NINEA_ANON_511;001-I
2345448;Exportation;2020-01-14 11:34:17.950;EnCours;Mer;IMPORTATEUR_ANON_9875;NINEA_ANON_221;001-E
2609082;Importation;2021-08-25 08:20:34.637;EnCours;Mer;IMPORTATEUR_ANON_4478;NINEA_ANON_490;
2687474;Transit;2022-02-16 17:52:50.023;Initialise;Mer;IMPORTATEUR_ANON_3050;NINEA_ANON_158;001-E
2476144;Importation;2020-10-27 17:48:54.917;EnCours;Mer;IMPORTATEUR_ANON_6442;NINEA_ANON_351;001-I
2369365;Importation;2020-02-27 09:40:50.203;Initialise;Mer;IMPORTATEUR_ANON_8820;NINEA_ANON_651;001-I
2380113;Importation;2020-03-17 16:44:29.727;EnCours;Mer;IMPORTATEUR_ANON_9628;NINEA_ANON_405;001-I
2636222;Exportation;2021-10-26 16:52:16.437;EnCours;Mer;IMPORTATEUR_ANON_2119;NINEA_ANON_376;001-E
2643131;Importation;2021-11-11 11:58:58.637;Initialise;Mer;IMPORTATEUR_ANON_3923;NINEA_ANON_709;001-I
2487695;Importation;2020-11-23 09:19:15.020;EnCours;Mer;IMPORTATEUR_ANON_3784;NINEA_ANON_511;001-I
2415959;Importation;2020-06-10 11:22:42.240;EnCours;Mer;IMPORTATEUR_ANON_9628;NINEA_ANON_405;001-I
2433096;Importation;2020-07-18 11:38:05.020;EnCours;Mer;IMPORTATEUR_ANON_5864;NINEA_ANON_371;001-I
2349929;Importation;2020-01-22 10:10:26.420;EnCours;Mer;IMPORTATEUR_ANON_4510;NINEA_ANON_189;001-I
2495377;Importation;2020-12-09 08:47:31.330;EnCours;Mer;IMPORTATEUR_ANON_134;NINEA_ANON_630;001-I
2370366;Importation;2020-02-28 11:58:56.443;EnCours;Mer;IMPORTATEUR_ANON_2303;NINEA_ANON_774;001-I
2403982;Importation;2020-05-11 08:23:11.500;EnCours;Mer;IMPORTATEUR_ANON_5409;NINEA_ANON_85;001-I
2475751;Importation;2020-10-27 11:15:22.443;Initialise;Mer;IMPORTATEUR_ANON_4060;NINEA_ANON_533;001-I
2496335;Importation;2020-12-10 12:23:50.347;EnCours;Mer;IMPORTATEUR_ANON_4663;NINEA_ANON_805;001-I
2686502;Exportation;2022-02-15 19:36:08.927;EnCours;Mer;IMPORTATEUR_ANON_3923;NINEA_ANON_709;001-E
2508714;Importation;2021-01-12 13:21:30.663;EnCours;Mer;IMPORTATEUR_ANON_6647;NINEA_ANON_897;001-I
2624101;Importation;2021-09-29 11:23:45.060;EnCours;Mer;IMPORTATEUR_ANON_991;NINEA_ANON_456;001-I
2675451;Importation;2022-01-24 10:44:15.880;EnCours;Mer;IMPORTATEUR_ANON_2308;NINEA_ANON_475;001-I
2362762;Importation;2020-02-14 11:53:49.910;EnCours;Mer;IMPORTATEUR_ANON_4424;NINEA_ANON_51;001-I
2626663;Exportation;2021-10-05 10:59:59.080;EnCours;Mer;IMPORTATEUR_ANON_7247;NINEA_ANON_485;001-E
2440457;Importation;2020-08-07 09:45:43.730;EnCours;Mer;IMPORTATEUR_ANON_9566;NINEA_ANON_973;001-I
2522313;Importation;2021-02-09 15:23:20.330;EnCours;Mer;IMPORTATEUR_ANON_7198;NINEA_ANON_430;001-I
2500741;Importation;2020-12-21 12:50:35.177;EnCours;Mer;IMPORTATEUR_ANON_4428;NINEA_ANON_802;001-I
2667573;Importation;2022-01-04 15:21:14.863;EnCours;Mer;IMPORTATEUR_ANON_8713;NINEA_ANON_398;001-I
2615615;Importation;2021-09-08 16:36:35.583;EnCours;Mer;IMPORTATEUR_ANON_7076;NINEA_ANON_662;001-I
2670372;Importation;2022-01-12 09:33:50.880;EnCours;Mer;IMPORTATEUR_ANON_4424;NINEA_ANON_51;001-I
2453876;Importation;2020-09-06 14:18:17.927;EnCours;Mer;IMPORTATEUR_ANON_3784;NINEA_ANON_511;001-I
2466725;Importation;2020-10-07 10:36:08.147;EnCours;Mer;IMPORTATEUR_ANON_134;NINEA_ANON_630;001-I
2427337;Importation;2020-07-06 15:10:11.247;EnCours;Mer;IMPORTATEUR_ANON_1718;NINEA_ANON_511;001-I
2535016;Importation;2021-03-11 09:27:35.680;EnCours;Mer;IMPORTATEUR_ANON_3923;NINEA_ANON_709;001-I
2474476;Transit;2020-10-23 11:36:58.277;Initialise;Mer;IMPORTATEUR_ANON_6468;NINEA_ANON_904;001-E
2405063;Réexportation;2020-05-12 14:01:19.123;EnCours;Mer;IMPORTATEUR_ANON_8713;NINEA_ANON_149;001-E
2671350;Exportation;2022-01-13 15:24:59.547;EnCours;Mer;IMPORTATEUR_ANON_4320;NINEA_ANON_570;001-E
2368913;Exportation;2020-02-26 12:59:48.717;EnCours;Mer;IMPORTATEUR_ANON_1987;NINEA_ANON_60;001-E
2538042;Importation;2021-03-17 11:11:38.650;EnCours;Mer;IMPORTATEUR_ANON_6067;NINEA_ANON_676;001-I
2420631;Importation;2020-06-21 13:21:26.150;EnCours;Mer;IMPORTATEUR_ANON_5978;NINEA_ANON_615;001-I
2387497;Transit;2020-04-02 13:37:56.277;Initialise;Mer;IMPORTATEUR_ANON_6297;NINEA_ANON_818;001-E
2424945;Importation;2020-06-30 16:10:04.650;EnCours;Mer;IMPORTATEUR_ANON_9750;NINEA_ANON_628;001-I
2672966;Exportation;2022-01-18 10:09:57.663;EnCours;Mer;IMPORTATEUR_ANON_3146;NINEA_ANON_0;001-E
2605312;Importation;2021-08-13 16:55:57.883;EnCours;Mer;IMPORTATEUR_ANON_2771;NINEA_ANON_719;001-I
2633165;Importation;2021-10-20 13:25:32.670;Initialise;Mer;IMPORTATEUR_ANON_8319;NINEA_ANON_11;001-I
2358241;Exportation;2020-02-06 15:12:34.030;EnCours;Mer;IMPORTATEUR_ANON_8947;NINEA_ANON_786;001-E
2428729;Importation;2020-07-08 16:03:49.497;EnCours;Mer;IMPORTATEUR_ANON_8685;NINEA_ANON_231;001-I
2432594;Transit;2020-07-17 09:09:16.103;Initialise;Mer;IMPORTATEUR_ANON_263;NINEA_ANON_708;001-E
2484374;Importation;2020-11-13 13:05:36.193;EnCours;Mer;IMPORTATEUR_ANON_5042;NINEA_ANON_884;001-I
2496939;Importation;2020-12-11 13:18:08.463;Initialise;Mer;IMPORTATEUR_ANON_2593;NINEA_ANON_568;001-I
2467306;Importation;2020-10-08 10:45:47.337;EnCours;Mer;IMPORTATEUR_ANON_9284;NINEA_ANON_956;001-I
2649612;Importation;2021-11-24 12:38:55.867;EnCours;Mer;IMPORTATEUR_ANON_1965;NINEA_ANON_814;
2690210;Importation;2022-02-22 09:18:13.543;EnCours;Mer;IMPORTATEUR_ANON_134;NINEA_ANON_630;001-I
2520743;Exportation;2021-02-05 11:53:44.427;EnCours;Mer;IMPORTATEUR_ANON_9308;NINEA_ANON_995;001-E
2611564;Importation;2021-08-31 10:02:32.650;EnCours;Mer;IMPORTATEUR_ANON_134;NINEA_ANON_630;001-I
2412507;Exportation;2020-06-03 09:24:53.670;Initialise;Mer;IMPORTATEUR_ANON_8329;NINEA_ANON_379;001-E
2369199;Importation;2020-02-26 16:48:11.453;EnCours;Mer;IMPORTATEUR_ANON_9284;NINEA_ANON_956;001-I
2574513;Importation;2021-06-04 15:27:54.143;EnCours;Mer;IMPORTATEUR_ANON_2738;NINEA_ANON_464;001-I
2689755;Importation;2022-02-21 13:43:16.970;EnCours;Mer;IMPORTATEUR_ANON_7987;NINEA_ANON_839;001-I
2522381;Importation;2021-02-09 16:16:14.907;EnCours;Mer;IMPORTATEUR_ANON_4424;NINEA_ANON_51;001-I
2349951;Exportation;2020-01-22 10:27:00.990;EnCours;Mer;IMPORTATEUR_ANON_9875;NINEA_ANON_221;001-E
2498995;Importation;2020-12-16 15:08:22.483;EnCours;Mer;IMPORTATEUR_ANON_17;NINEA_ANON_782;001-I
2342602;Importation;2020-01-08 15:56:08.537;EnCours;Mer;IMPORTATEUR_ANON_4407;NINEA_ANON_117;001-I
2500631;Importation;2020-12-21 11:38:25.033;EnCours;Mer;IMPORTATEUR_ANON_2506;NINEA_ANON_212;
2384077;Importation;2020-03-25 14:54:29.180;EnCours;Mer;IMPORTATEUR_ANON_9284;NINEA_ANON_956;001-I
2465626;Importation;2020-10-01 18:06:33.940;EnCours;Mer;IMPORTATEUR_ANON_1827;NINEA_ANON_956;001-I
2499535;Importation;2020-12-17 14:16:10.380;Initialise;Mer;IMPORTATEUR_ANON_5250;NINEA_ANON_979;001-I
2369499;Importation;2020-02-27 10:57:52.147;EnCours;Mer;IMPORTATEUR_ANON_134;NINEA_ANON_630;001-I
2569425;Importation;2021-05-26 08:42:14.740;EnCours;Mer;IMPORTATEUR_ANON_134;NINEA_ANON_630;
2578730;Importation;2021-06-14 16:10:21.983;Initialise;Mer;IMPORTATEUR_ANON_7241;NINEA_ANON_415;001-I
2378664;Importation;2020-03-16 09:46:17.637;EnCours;Mer;IMPORTATEUR_ANON_1308;NINEA_ANON_693;001-I
2382330;Importation;2020-03-23 09:33:17.550;EnCours;Mer;IMPORTATEUR_ANON_4475;NINEA_ANON_694;001-I
2388139;Importation;2020-04-03 14:16:04.620;Initialise;Mer;IMPORTATEUR_ANON_1380;NINEA_ANON_311;001-I
2535848;Exportation;2021-03-12 11:48:38.050;EnCours;Mer;IMPORTATEUR_ANON_695;NINEA_ANON_485;001-E
2566492;Importation;2021-05-19 08:43:45.710;EnCours;Mer;IMPORTATEUR_ANON_8932;NINEA_ANON_791;001-I
2369544;Importation;2020-02-27 11:22:50.817;EnCours;Mer;IMPORTATEUR_ANON_2395;NINEA_ANON_724;001-I
2676975;Importation;2022-01-26 15:08:14.123;EnCours;Mer;IMPORTATEUR_ANON_4834;NINEA_ANON_568;001-I
2585182;Importation;2021-06-28 13:21:04.167;EnCours;Mer;IMPORTATEUR_ANON_6911;NINEA_ANON_398;001-I
2530600;Exportation;2021-02-27 08:36:30.633;EnCours;Mer;IMPORTATEUR_ANON_9750;NINEA_ANON_628;001-E
2388574;Importation;2020-04-06 12:59:18.747;EnCours;Mer;IMPORTATEUR_ANON_856;NINEA_ANON_511;001-I
2340094;Exportation;2020-01-03 10:52:13.600;EnCours;Mer;IMPORTATEUR_ANON_7798;NINEA_ANON_258;001-E
2571209;Exportation;2021-05-28 15:57:37.270;EnCours;Mer;IMPORTATEUR_ANON_8941;NINEA_ANON_777;001-E
2575288;Importation;2021-06-07 16:20:19.953;EnCours;Mer;IMPORTATEUR_ANON_1308;NINEA_ANON_693;
2579626;Importation;2021-06-16 09:30:19.617;EnCours;Mer;IMPORTATEUR_ANON_4891;NINEA_ANON_770;001-I
2488250;Importation;2020-11-23 16:35:51.690;EnCours;Mer;IMPORTATEUR_ANON_5760;NINEA_ANON_572;001-I
2536036;Importation;2021-03-12 15:05:59.380;EnCours;Mer;IMPORTATEUR_ANON_9276;NINEA_ANON_368;001-I
2543754;Importation;2021-03-29 12:13:59.750;Initialise;Mer;IMPORTATEUR_ANON_1614;NINEA_ANON_766;001-I
2618899;Exportation;2021-09-15 17:26:45.533;EnCours;Mer;IMPORTATEUR_ANON_8587;NINEA_ANON_607;001-E
2635024;Importation;2021-10-25 11:16:15.090;EnCours;Mer;IMPORTATEUR_ANON_1847;NINEA_ANON_175;001-I
2636145;Importation;2021-10-26 15:36:28.863;EnCours;Mer;IMPORTATEUR_ANON_713;NINEA_ANON_325;001-I
2428055;Importation;2020-07-07 14:50:30.300;EnCours;Mer;IMPORTATEUR_ANON_4510;NINEA_ANON_189;001-I
2344134;Importation;2020-01-10 16:27:40.443;Initialise;Mer;IMPORTATEUR_ANON_6650;NINEA_ANON_780;001-I
2488841;Importation;2020-11-24 15:43:24.987;EnCours;Mer;IMPORTATEUR_ANON_5804;NINEA_ANON_779;001-I
2357669;Importation;2020-02-06 08:25:48.680;EnCours;Mer;IMPORTATEUR_ANON_2303;NINEA_ANON_774;001-I
2499271;Exportation;2020-12-17 10:06:02.523;EnCours;Mer;IMPORTATEUR_ANON_9659;NINEA_ANON_729;001-E
2549945;Exportation;2021-04-12 15:41:34.077;EnCours;Mer;IMPORTATEUR_ANON_5823;NINEA_ANON_904;001-E
2367355;Importation;2020-02-24 14:49:44.213;EnCours;Mer;IMPORTATEUR_ANON_4531;NINEA_ANON_92;001-I
2594303;Importation;2021-07-16 10:29:12.740;EnCours;Mer;IMPORTATEUR_ANON_5751;NINEA_ANON_254;001-I
2469774;Exportation;2020-10-13 15:48:04.313;EnCours;Mer;IMPORTATEUR_ANON_7333;NINEA_ANON_396;001-E
2357354;Importation;2020-02-05 13:05:05.250;EnCours;Mer;IMPORTATEUR_ANON_2490;NINEA_ANON_330;001-I
2602555;Importation;2021-08-09 10:37:21.880;Initialise;Mer;IMPORTATEUR_ANON_1426;NINEA_ANON_616;001-I
2613764;Importation;2021-09-03 20:01:19.827;Initialise;Mer;IMPORTATEUR_ANON_1691;NINEA_ANON_766;001-I
2547645;Importation;2021-04-07 12:02:11.817;EnCours;Mer;IMPORTATEUR_ANON_4775;NINEA_ANON_705;001-I
2358703;Transit;2020-02-07 11:44:13.070;Initialise;Mer;IMPORTATEUR_ANON_2072;NINEA_ANON_797;001-E
2414299;Importation;2020-06-06 00:38:42.470;EnCours;Mer;IMPORTATEUR_ANON_4462;NINEA_ANON_737;001-I
2422960;Transit;2020-06-25 14:32:44.587;Initialise;Mer;IMPORTATEUR_ANON_3144;NINEA_ANON_548;001-E
2489479;Importation;2020-11-25 14:56:35.880;EnCours;Mer;IMPORTATEUR_ANON_5014;NINEA_ANON_959;
2385615;Importation;2020-03-30 12:19:48.200;EnCours;Mer;IMPORTATEUR_ANON_6882;NINEA_ANON_14;001-I
2426663;Importation;2020-07-03 15:05:05.473;EnCours;Mer;IMPORTATEUR_ANON_4661;NINEA_ANON_511;001-I
2500432;Transit;2020-12-21 09:57:46.710;Initialise;Mer;IMPORTATEUR_ANON_638;NINEA_ANON_950;001-E
2618538;Importation;2021-09-15 11:41:25.273;EnCours;Mer;IMPORTATEUR_ANON_134;NINEA_ANON_630;001-I
2677354;Exportation;2022-01-27 11:17:41.197;EnCours;Mer;IMPORTATEUR_ANON_1146;NINEA_ANON_317;001-E
2397477;Importation;2020-04-28 11:25:55.297;EnCours;Mer;IMPORTATEUR_ANON_365;NINEA_ANON_261;001-I
2618044;Exportation;2021-09-14 12:28:08.643;EnCours;Mer;IMPORTATEUR_ANON_5100;NINEA_ANON_717;001-E
2449145;Importation;2020-08-25 16:37:54.830;EnCours;Mer;IMPORTATEUR_ANON_3016;NINEA_ANON_671;001-I
2495305;Exportation;2020-12-08 16:57:18.750;EnCours;Mer;IMPORTATEUR_ANON_2190;NINEA_ANON_494;001-E
2550187;Importation;2021-04-13 10:05:12.600;EnCours;Mer;IMPORTATEUR_ANON_2114;NINEA_ANON_58;001-I
2654309;Importation;2021-12-03 16:37:12.097;EnCours;Mer;IMPORTATEUR_ANON_7166;NINEA_ANON_997;001-I
2444285;Importation;2020-08-13 15:17:31.643;EnCours;Mer;IMPORTATEUR_ANON_134;NINEA_ANON_630;001-I
2406793;Importation;2020-05-15 14:44:45.527;EnCours;Mer;IMPORTATEUR_ANON_4624;NINEA_ANON_415;001-I
2595200;Importation;2021-07-19 15:49:42.737;EnCours;Mer;IMPORTATEUR_ANON_8531;NINEA_ANON_531;001-I
2640880;Exportation;2021-11-06 15:31:50.963;EnCours;Mer;IMPORTATEUR_ANON_3923;NINEA_ANON_709;001-E
2509403;Importation;2021-01-13 14:41:06.310;EnCours;Mer;IMPORTATEUR_ANON_51;NINEA_ANON_44;001-I
2510408;Importation;2021-01-15 10:35:22.723;Initialise;Mer;IMPORTATEUR_ANON_2254;NINEA_ANON_546;001-I
2621602;Importation;2021-09-22 10:55:30.757;EnCours;Mer;IMPORTATEUR_ANON_6439;NINEA_ANON_732;
2508533;Importation;2021-01-12 11:38:34.197;EnCours;Mer;IMPORTATEUR_ANON_3989;NINEA_ANON_680;001-I
2633563;Importation;2021-10-21 09:40:25.743;EnCours;Mer;IMPORTATEUR_ANON_5994;NINEA_ANON_41;
2477431;Importation;2020-11-02 09:15:28.403;EnCours;Mer;IMPORTATEUR_ANON_1552;NINEA_ANON_151;001-I
2426342;Importation;2020-07-03 10:25:12.380;EnCours;Mer;IMPORTATEUR_ANON_8393;NINEA_ANON_650;001-I
2432803;Importation;2020-07-17 12:14:32.713;EnCours;Mer;IMPORTATEUR_ANON_9779;NINEA_ANON_750;001-I
2515942;Exportation;2021-01-26 16:30:22.733;EnCours;Mer;IMPORTATEUR_ANON_465;NINEA_ANON_38;001-E
2435948;Importation;2020-07-24 16:37:05.600;EnCours;Mer;IMPORTATEUR_ANON_2783;NINEA_ANON_422;001-I
2525085;Importation;2021-02-16 11:01:25.457;EnCours;Mer;IMPORTATEUR_ANON_134;NINEA_ANON_630;
2575667;Exportation;2021-06-08 11:37:13.303;EnCours;Mer;IMPORTATEUR_ANON_1088;NINEA_ANON_280;001-E
2613913;Importation;2021-09-06 10:07:00.353;EnCours;Mer;IMPORTATEUR_ANON_6013;NINEA_ANON_637;001-I
2650974;Importation;2021-11-26 16:26:56.580;EnCours;Mer;IMPORTATEUR_ANON_9052;NINEA_ANON_862;001-I
2562212;Importation;2021-05-07 09:10:09.650;Initialise;Mer;IMPORTATEUR_ANON_9248;NINEA_ANON_766;001-I
2668784;Importation;2022-01-07 11:15:14.847;EnCours;Mer;IMPORTATEUR_ANON_9628;NINEA_ANON_405;001-I
2667183;Importation;2022-01-04 08:53:30.247;EnCours;Mer;IMPORTATEUR_ANON_1793;NINEA_ANON_614;001-I
2669752;Importation;2022-01-11 09:20:55.530;Initialise;Mer;IMPORTATEUR_ANON_7640;NINEA_ANON_288;001-I
2510346;Exportation;2021-01-15 09:39:25.227;EnCours;Mer;IMPORTATEUR_ANON_278;NINEA_ANON_355;001-E
2564280;Exportation;2021-05-12 09:23:32.067;EnCours;Mer;IMPORTATEUR_ANON_9750;NINEA_ANON_628;001-E
2390377;Importation;2020-04-10 10:08:37.180;EnCours;Mer;IMPORTATEUR_ANON_134;NINEA_ANON_630;001-I
2394875;Importation;2020-04-22 09:08:18.700;EnCours;Mer;IMPORTATEUR_ANON_4510;NINEA_ANON_189;001-I
2372275;Importation;2020-03-03 13:21:21.520;EnCours;Mer;IMPORTATEUR_ANON_7209;NINEA_ANON_968;001-I
2572070;Importation;2021-05-31 17:07:52.583;EnCours;Mer;IMPORTATEUR_ANON_4328;NINEA_ANON_375;001-I
2392961;Importation;2020-04-16 16:43:54.037;EnCours;Mer;IMPORTATEUR_ANON_3409;NINEA_ANON_307;001-I
2562786;Importation;2021-05-09 14:58:01.510;EnCours;Mer;IMPORTATEUR_ANON_5497;NINEA_ANON_77;001-I
2417281;Importation;2020-06-12 13:21:17.927;EnCours;Mer;IMPORTATEUR_ANON_5362;NINEA_ANON_958;001-I
2437717;Importation;2020-07-29 14:23:15.960;EnCours;Mer;IMPORTATEUR_ANON_2002;NINEA_ANON_746;001-I
2549507;Importation;2021-04-12 10:42:28.977;EnCours;Mer;IMPORTATEUR_ANON_4303;NINEA_ANON_61;
2627329;Exportation;2021-10-06 11:13:45.010;EnCours;Mer;IMPORTATEUR_ANON_8570;NINEA_ANON_925;001-E
2649532;Importation;2021-11-24 11:46:27.220;EnCours;Mer;IMPORTATEUR_ANON_5804;NINEA_ANON_779;001-I
2382937;Exportation;2020-03-24 09:49:46.060;EnCours;Mer;IMPORTATEUR_ANON_7333;NINEA_ANON_396;001-E
2345270;Importation;2020-01-14 10:15:09.233;EnCours;Mer;IMPORTATEUR_ANON_5822;NINEA_ANON_498;001-I
2361960;Importation;2020-02-13 11:01:27.820;Initialise;Mer;IMPORTATEUR_ANON_2783;NINEA_ANON_422;001-I
2352673;Exportation;2020-01-27 17:03:21.943;Initialise;Mer;IMPORTATEUR_ANON_2565;NINEA_ANON_131;001-E
2363924;Importation;2020-02-17 19:37:30.450;EnCours;Mer;IMPORTATEUR_ANON_655;NINEA_ANON_797;001-I
2355180;Importation;2020-01-31 11:45:25.063;EnCours;Mer;IMPORTATEUR_ANON_5208;NINEA_ANON_3;001-I
2422975;Importation;2020-06-25 14:45:28.853;EnCours;Mer;IMPORTATEUR_ANON_4834;NINEA_ANON_425;001-I
2514259;Exportation;2021-01-22 12:42:45.047;EnCours;Mer;IMPORTATEUR_ANON_7789;NINEA_ANON_514;001-E
2384673;Importation;2020-03-26 16:49:56.543;EnCours;Mer;IMPORTATEUR_ANON_134;NINEA_ANON_630;001-I
2590173;Importation;2021-07-07 16:21:59.260;EnCours;Mer;IMPORTATEUR_ANON_6574;NINEA_ANON_72;001-I
2395297;Importation;2020-04-22 14:27:16.177;EnCours;Mer;IMPORTATEUR_ANON_2308;NINEA_ANON_475;001-I
2597451;Importation;2021-07-27 16:15:10.447;EnCours;Mer;IMPORTATEUR_ANON_9293;NINEA_ANON_463;001-I
2647918;Importation;2021-11-22 09:30:08.323;EnCours;Mer;IMPORTATEUR_ANON_3660;NINEA_ANON_647;001-I
2571580;Transit;2021-05-31 10:43:16.583;Initialise;Mer;IMPORTATEUR_ANON_3144;NINEA_ANON_548;001-E
2418752;Importation;2020-06-16 14:30:24.423;EnCours;Mer;IMPORTATEUR_ANON_7533;NINEA_ANON_993;001-I
2500200;Exportation;2020-12-18 16:07:51.410;EnCours;Mer;IMPORTATEUR_ANON_4979;NINEA_ANON_181;001-E
2539938;Importation;2021-03-21 14:09:21.643;EnCours;Mer;IMPORTATEUR_ANON_710;NINEA_ANON_311;001-I
2596580;Importation;2021-07-26 13:05:26.980;EnCours;Mer;IMPORTATEUR_ANON_8895;NINEA_ANON_135;001-I
2520114;Importation;2021-02-04 10:30:16.003;EnCours;Mer;IMPORTATEUR_ANON_2738;NINEA_ANON_464;001-I
2528590;Importation;2021-02-23 13:17:00.017;Initialise;Mer;IMPORTATEUR_ANON_2039;NINEA_ANON_115;001-I
2571608;Exportation;2021-05-31 10:56:05.293;EnCours;Mer;IMPORTATEUR_ANON_7798;NINEA_ANON_813;001-E
2497301;Importation;2020-12-14 09:42:39.880;EnCours;Mer;IMPORTATEUR_ANON_8922;NINEA_ANON_859;001-I
2448154;Importation;2020-08-24 11:00:24.750;EnCours;Mer;IMPORTATEUR_ANON_1308;NINEA_ANON_693;001-I
2620067;Importation;2021-09-17 17:30:09.550;EnCours;Mer;IMPORTATEUR_ANON_7778;NINEA_ANON_618;001-I
2461299;Importation;2020-09-22 16:32:33.813;EnCours;Mer;IMPORTATEUR_ANON_9750;NINEA_ANON_894;001-I
2469898;Importation;2020-10-13 17:53:27.410;Initialise;Mer;IMPORTATEUR_ANON_9504;NINEA_ANON_271;001-I
2373819;Importation;2020-03-05 15:57:33.440;EnCours;Mer;IMPORTATEUR_ANON_9996;NINEA_ANON_123;001-I
2394878;Importation;2020-04-22 09:14:24.310;EnCours;Mer;IMPORTATEUR_ANON_2308;NINEA_ANON_475;001-I
2686276;Transit;2022-02-15 15:40:06.917;EnCours;Mer;IMPORTATEUR_ANON_8060;NINEA_ANON_730;
2375411;Importation;2020-03-09 17:17:39.747;EnCours;Mer;IMPORTATEUR_ANON_4413;NINEA_ANON_208;001-I
2624171;Importation;2021-09-29 12:03:50.250;EnCours;Mer;IMPORTATEUR_ANON_2738;NINEA_ANON_464;001-I
2422270;Transit;2020-06-24 13:13:26.850;Initialise;Mer;IMPORTATEUR_ANON_358;NINEA_ANON_335;001-E
2464320;Importation;2020-09-29 14:56:16.740;EnCours;Mer;IMPORTATEUR_ANON_4424;NINEA_ANON_51;001-I
2360357;Importation;2020-02-11 11:10:36.480;EnCours;Mer;IMPORTATEUR_ANON_7153;NINEA_ANON_588;001-I
2679590;Importation;2022-02-01 23:04:43.073;EnCours;Mer;IMPORTATEUR_ANON_9284;NINEA_ANON_956;001-I
2540255;Exportation;2021-03-22 11:28:29.460;EnCours;Mer;IMPORTATEUR_ANON_5881;NINEA_ANON_839;001-E
2413364;Importation;2020-06-04 11:15:19.547;EnCours;Mer;IMPORTATEUR_ANON_4627;NINEA_ANON_58;001-I
2679983;Importation;2022-02-02 13:44:07.997;EnCours;Mer;IMPORTATEUR_ANON_9284;NINEA_ANON_956;001-I
2468667;Exportation;2020-10-12 11:13:12.457;EnCours;Mer;IMPORTATEUR_ANON_1146;NINEA_ANON_676;001-E
2663117;Importation;2021-12-23 09:38:31.897;EnCours;Mer;IMPORTATEUR_ANON_8895;NINEA_ANON_393;001-I
2551173;Importation;2021-04-14 13:01:47.340;EnCours;Mer;IMPORTATEUR_ANON_7167;NINEA_ANON_999;001-I
2345567;Importation;2020-01-14 12:48:42.203;EnCours;Mer;IMPORTATEUR_ANON_1123;NINEA_ANON_59;
2405829;Importation;2020-05-13 17:56:50.683;EnCours;Mer;IMPORTATEUR_ANON_5268;NINEA_ANON_643;001-I
2634830;Importation;2021-10-23 14:41:35.873;EnCours;Mer;IMPORTATEUR_ANON_7076;NINEA_ANON_201;001-I
2464056;Importation;2020-09-29 11:07:38.650;EnCours;Mer;IMPORTATEUR_ANON_872;NINEA_ANON_352;001-I
2397887;Importation;2020-04-29 08:35:33.350;EnCours;Mer;IMPORTATEUR_ANON_9167;NINEA_ANON_94;001-I
2490105;Importation;2020-11-26 15:16:11.297;EnCours;Mer;IMPORTATEUR_ANON_5920;NINEA_ANON_426;001-I
2504639;Importation;2020-12-31 12:16:59.397;Initialise;Mer;IMPORTATEUR_ANON_3763;NINEA_ANON_442;001-I
2667008;Importation;2022-01-03 14:57:44.480;EnCours;Mer;IMPORTATEUR_ANON_7914;NINEA_ANON_240;001-I
2690468;Importation;2022-02-22 12:00:07.530;EnCours;Mer;IMPORTATEUR_ANON_3836;NINEA_ANON_808;001-I
2514132;Importation;2021-01-22 11:36:02.147;EnCours;Mer;IMPORTATEUR_ANON_7289;NINEA_ANON_748;001-I
2524415;Importation;2021-02-15 11:09:28.157;EnCours;Mer;IMPORTATEUR_ANON_3173;NINEA_ANON_79;001-I
2594049;Importation;2021-07-15 15:49:56.287;EnCours;Mer;IMPORTATEUR_ANON_7967;NINEA_ANON_663;001-I
2590351;Importation;2021-07-08 09:32:04.593;EnCours;Mer;IMPORTATEUR_ANON_1614;NINEA_ANON_766;001-I
2577453;Exportation;2021-06-11 08:15:24.003;EnCours;Mer;IMPORTATEUR_ANON_9925;NINEA_ANON_322;
2514484;Importation;2021-01-23 16:08:03.123;Initialise;Mer;IMPORTATEUR_ANON_1827;NINEA_ANON_956;001-I
2354817;Importation;2020-01-30 16:27:48.407;Initialise;Mer;IMPORTATEUR_ANON_7289;NINEA_ANON_748;001-I
2634977;Importation;2021-10-25 10:46:24.483;EnCours;Mer;IMPORTATEUR_ANON_5760;NINEA_ANON_572;001-I
2565354;Importation;2021-05-17 12:41:09.307;EnCours;Mer;IMPORTATEUR_ANON_5542;NINEA_ANON_371;
2394234;Exportation;2020-04-21 08:34:34.633;EnCours;Mer;IMPORTATEUR_ANON_9875;NINEA_ANON_221;001-E
2573650;Importation;2021-06-03 10:31:15.730;EnCours;Mer;IMPORTATEUR_ANON_3923;NINEA_ANON_709;001-I
2362246;Importation;2020-02-13 14:58:21.803;EnCours;Mer;IMPORTATEUR_ANON_3768;NINEA_ANON_664;001-I
2671815;Exportation;2022-01-14 12:01:50.613;EnCours;Mer;IMPORTATEUR_ANON_4979;NINEA_ANON_181;001-E
2581972;Exportation;2021-06-21 15:09:28.670;EnCours;Mer;IMPORTATEUR_ANON_1061;NINEA_ANON_800;001-E
2560643;Importation;2021-05-04 12:37:20.880;EnCours;Mer;IMPORTATEUR_ANON_8875;NINEA_ANON_793;001-I
2518074;Importation;2021-02-01 09:55:07.887;EnCours;Mer;IMPORTATEUR_ANON_6563;NINEA_ANON_835;001-I
2394114;Exportation;2020-04-20 15:28:49.990;EnCours;Mer;IMPORTATEUR_ANON_9750;NINEA_ANON_628;001-E
2370672;Importation;2020-02-28 16:47:53.920;Initialise;Mer;IMPORTATEUR_ANON_5769;NINEA_ANON_40;001-I
2626589;Importation;2021-10-05 10:01:05.523;EnCours;Mer;IMPORTATEUR_ANON_7076;NINEA_ANON_201;001-I
2480576;Importation;2020-11-06 17:43:51.097;EnCours;Mer;IMPORTATEUR_ANON_1227;NINEA_ANON_94;001-I
2581358;Importation;2021-06-18 17:43:02.600;EnCours;Mer;IMPORTATEUR_ANON_5597;NINEA_ANON_16;001-I
2620058;Importation;2021-09-17 17:09:32.607;EnCours;Mer;IMPORTATEUR_ANON_9120;NINEA_ANON_41;001-I
2428543;Importation;2020-07-08 12:37:06.380;EnCours;Mer;IMPORTATEUR_ANON_347;NINEA_ANON_745;001-I
2484361;Importation;2020-11-13 12:54:05.563;EnCours;Mer;IMPORTATEUR_ANON_4107;NINEA_ANON_788;001-I
2610550;Importation;2021-08-27 12:28:50.877;EnCours;Mer;IMPORTATEUR_ANON_6770;NINEA_ANON_768;001-I
2430341;Importation;2020-07-13 12:04:27.980;EnCours;Mer;IMPORTATEUR_ANON_1299;NINEA_ANON_4;001-I
2443451;Exportation;2020-08-12 11:17:20.393;EnCours;Mer;IMPORTATEUR_ANON_2891;NINEA_ANON_66;001-E
2413701;Importation;2020-06-04 17:30:29.253;EnCours;Mer;IMPORTATEUR_ANON_4428;NINEA_ANON_802;001-I
2657029;Importation;2021-12-09 16:04:26.210;EnCours;Mer;IMPORTATEUR_ANON_3883;NINEA_ANON_931;001-I
2677489;Importation;2022-01-27 12:47:26.383;Initialise;Mer;IMPORTATEUR_ANON_7166;NINEA_ANON_450;001-I
2421873;Importation;2020-06-23 16:57:20.520;Initialise;Mer;IMPORTATEUR_ANON_2108;NINEA_ANON_997;001-I
2530356;Réexportation;2021-02-26 12:38:43.030;Initialise;Mer;IMPORTATEUR_ANON_5484;NINEA_ANON_42;001-E
2415443;Importation;2020-06-09 12:57:33.370;EnCours;Mer;IMPORTATEUR_ANON_5760;NINEA_ANON_572;001-I
2399948;Importation;2020-05-05 11:02:55.597;Initialise;Mer;IMPORTATEUR_ANON_6544;NINEA_ANON_96;001-I
2582417;Importation;2021-06-22 10:49:13.477;Initialise;Mer;IMPORTATEUR_ANON_9770;NINEA_ANON_119;001-I
2403372;Importation;2020-05-08 08:53:03.693;EnCours;Mer;IMPORTATEUR_ANON_477;NINEA_ANON_240;001-I
2640723;Exportation;2021-11-05 16:27:45.690;EnCours;Mer;IMPORTATEUR_ANON_6196;NINEA_ANON_514;001-E
2429904;Exportation;2020-07-10 16:03:36.907;EnCours;Mer;IMPORTATEUR_ANON_4843;NINEA_ANON_317;001-E
2503315;Importation;2020-12-28 16:13:13.870;EnCours;Mer;IMPORTATEUR_ANON_4493;NINEA_ANON_454;001-I
2420771;Importation;2020-06-22 10:21:25.657;Initialise;Mer;IMPORTATEUR_ANON_7409;NINEA_ANON_272;001-I
2372207;Exportation;2020-03-03 12:45:34.117;EnCours;Mer;IMPORTATEUR_ANON_7798;NINEA_ANON_258;001-E
2560865;Importation;2021-05-04 16:05:29.450;EnCours;Mer;IMPORTATEUR_ANON_5873;NINEA_ANON_919;001-I
2597786;Importation;2021-07-28 11:39:03.003;EnCours;Mer;IMPORTATEUR_ANON_7289;NINEA_ANON_748;
2340623;Importation;2020-01-06 09:39:48.990;EnCours;Mer;IMPORTATEUR_ANON_3903;NINEA_ANON_130;001-I
2612369;Importation;2021-09-01 13:42:29.927;EnCours;Mer;IMPORTATEUR_ANON_5822;NINEA_ANON_498;001-I
2619458;Importation;2021-09-16 16:14:22.223;EnCours;Mer;IMPORTATEUR_ANON_4432;NINEA_ANON_112;001-I
2500417;Importation;2020-12-21 09:51:31.120;EnCours;Mer;IMPORTATEUR_ANON_5906;NINEA_ANON_881;001-I
2512267;Exportation;2021-01-19 12:57:38.350;EnCours;Mer;IMPORTATEUR_ANON_7663;NINEA_ANON_379;001-E
2505379;Importation;2021-01-04 17:57:47.740;EnCours;Mer;IMPORTATEUR_ANON_1985;NINEA_ANON_841;001-I
2386829;Importation;2020-04-01 13:14:07.640;Initialise;Mer;IMPORTATEUR_ANON_2781;NINEA_ANON_742;001-I
2643075;Importation;2021-11-11 11:17:07.520;EnCours;Mer;IMPORTATEUR_ANON_6117;NINEA_ANON_137;001-I
2648958;Exportation;2021-11-23 12:26:16.450;EnCours;Mer;IMPORTATEUR_ANON_6580;NINEA_ANON_184;001-E
2429827;Importation;2020-07-10 14:05:29.133;EnCours;Mer;IMPORTATEUR_ANON_4277;NINEA_ANON_385;001-I
2618343;Importation;2021-09-15 09:25:27.567;EnCours;Mer;IMPORTATEUR_ANON_6647;NINEA_ANON_337;001-I
2345405;Importation;2020-01-14 11:11:27.663;Initialise;Mer;IMPORTATEUR_ANON_8933;NINEA_ANON_663;001-I
2436182;Exportation;2020-07-27 09:53:12.840;EnCours;Mer;IMPORTATEUR_ANON_8232;NINEA_ANON_252;001-E
2648377;Importation;2021-11-22 14:30:07.493;Initialise;Mer;IMPORTATEUR_ANON_8984;NINEA_ANON_757;001-I
2424968;Importation;2020-06-30 16:28:52.123;EnCours;Mer;IMPORTATEUR_ANON_7464;NINEA_ANON_545;001-I
2451891;Importation;2020-09-01 13:59:18.997;EnCours;Mer;IMPORTATEUR_ANON_3407;NINEA_ANON_902;001-I
2543127;Importation;2021-03-26 13:30:18.713;EnCours;Mer;IMPORTATEUR_ANON_5050;NINEA_ANON_151;001-I
2650349;Importation;2021-11-25 15:47:28.633;Initialise;Mer;IMPORTATEUR_ANON_6240;NINEA_ANON_624;001-I
2369107;Transit;2020-02-26 15:59:47.887;Initialise;Mer;IMPORTATEUR_ANON_8563;NINEA_ANON_708;001-E
2504868;Exportation;2021-01-04 09:11:22.160;EnCours;Mer;IMPORTATEUR_ANON_6574;NINEA_ANON_72;001-E
2603776;Importation;2021-08-11 09:43:34.350;EnCours;Mer;IMPORTATEUR_ANON_4624;NINEA_ANON_415;001-I
2425582;Importation;2020-07-01 16:09:57.147;EnCours;Mer;IMPORTATEUR_ANON_5631;NINEA_ANON_736;001-I
2419074;Importation;2020-06-17 10:21:38.227;Initialise;Mer;IMPORTATEUR_ANON_5125;NINEA_ANON_444;001-I
2592881;Importation;2021-07-13 16:18:34.160;EnCours;Mer;IMPORTATEUR_ANON_3768;NINEA_ANON_664;001-I
2570058;Importation;2021-05-26 18:46:22.500;Initialise;Mer;IMPORTATEUR_ANON_569;NINEA_ANON_299;001-I
2542237;Importation;2021-03-25 10:18:09.883;EnCours;Mer;IMPORTATEUR_ANON_9939;NINEA_ANON_107;001-I
2578903;Importation;2021-06-15 09:21:00.153;EnCours;Mer;IMPORTATEUR_ANON_2653;NINEA_ANON_576;001-I
2380673;Transit;2020-03-18 15:04:02.790;Initialise;Mer;IMPORTATEUR_ANON_3144;NINEA_ANON_548;001-E
2454036;Importation;2020-09-07 10:50:41.790;EnCours;Mer;IMPORTATEUR_ANON_5760;NINEA_ANON_572;001-I
2431612;Transit;2020-07-15 12:21:14.020;Initialise;Mer;IMPORTATEUR_ANON_3144;NINEA_ANON_548;001-E
2443053;Importation;2020-08-11 15:02:32.233;EnCours;Mer;IMPORTATEUR_ANON_5978;NINEA_ANON_615;001-I
2459822;Importation;2020-09-18 13:26:01.080;Initialise;Mer;IMPORTATEUR_ANON_1267;NINEA_ANON_775;001-I
2390499;Importation;2020-04-10 11:52:57.237;EnCours;Mer;IMPORTATEUR_ANON_1656;NINEA_ANON_330;001-I
2542357;Importation;2021-03-25 11:55:28.057;EnCours;Mer;IMPORTATEUR_ANON_2204;NINEA_ANON_878;
2584553;Importation;2021-06-25 14:40:18.130;EnCours;Mer;IMPORTATEUR_ANON_5257;NINEA_ANON_485;001-I
2490990;Exportation;2020-11-30 08:28:16.823;EnCours;Mer;IMPORTATEUR_ANON_5426;NINEA_ANON_897;001-E
2468928;Exportation;2020-10-12 13:24:58.533;EnCours;Mer;IMPORTATEUR_ANON_81;NINEA_ANON_670;001-E
2434504;Importation;2020-07-22 11:00:22.640;EnCours;Mer;IMPORTATEUR_ANON_5520;NINEA_ANON_462;001-I
2377744;Importation;2020-03-12 15:51:04.653;Initialise;Mer;IMPORTATEUR_ANON_819;NINEA_ANON_349;001-I
2687740;Importation;2022-02-17 10:34:45.527;EnCours;Mer;IMPORTATEUR_ANON_6857;NINEA_ANON_43;001-I
2603496;Importation;2021-08-10 14:40:39.200;EnCours;Mer;IMPORTATEUR_ANON_9249;NINEA_ANON_451;001-I
2405751;Importation;2020-05-13 15:10:36.523;EnCours;Mer;IMPORTATEUR_ANON_4424;NINEA_ANON_51;001-I
2416617;Importation;2020-06-11 12:04:34.010;EnCours;Mer;IMPORTATEUR_ANON_1026;NINEA_ANON_774;001-I
2418094;Importation;2020-06-15 14:51:34.713;EnCours;Mer;IMPORTATEUR_ANON_7116;NINEA_ANON_518;001-I
2437849;Transit;2020-07-29 17:19:38.513;Initialise;Mer;IMPORTATEUR_ANON_8563;NINEA_ANON_50;001-E
2424985;Importation;2020-06-30 16:40:29.040;EnCours;Mer;IMPORTATEUR_ANON_7590;NINEA_ANON_743;001-I
2461606;Importation;2020-09-23 11:32:47.240;EnCours;Mer;IMPORTATEUR_ANON_278;NINEA_ANON_59;001-I
2391296;Importation;2020-04-14 12:19:29.810;EnCours;Mer;IMPORTATEUR_ANON_6508;NINEA_ANON_921;001-I
2390952;Importation;2020-04-14 09:23:18.197;Initialise;Mer;IMPORTATEUR_ANON_4145;NINEA_ANON_566;001-I
2562327;Exportation;2021-05-07 10:53:46.213;EnCours;Mer;IMPORTATEUR_ANON_5638;NINEA_ANON_701;001-E
2434658;Exportation;2020-07-22 12:38:14.473;EnCours;Mer;IMPORTATEUR_ANON_2190;NINEA_ANON_494;001-E
2368355;Importation;2020-02-25 16:17:13.133;EnCours;Mer;IMPORTATEUR_ANON_2749;NINEA_ANON_254;001-I
2618491;Importation;2021-09-15 11:05:37.263;EnCours;Mer;IMPORTATEUR_ANON_3232;NINEA_ANON_89;001-I
2660008;Importation;2021-12-16 11:16:36.890;EnCours;Mer;IMPORTATEUR_ANON_7464;NINEA_ANON_545;001-I
2682381;Importation;2022-02-09 09:13:37.070;EnCours;Mer;IMPORTATEUR_ANON_8922;NINEA_ANON_859;001-I
2662888;Importation;2021-12-22 15:19:34.830;EnCours;Mer;IMPORTATEUR_ANON_3660;NINEA_ANON_647;001-I
2376282;Exportation;2020-03-10 16:24:15.337;EnCours;Mer;IMPORTATEUR_ANON_278;NINEA_ANON_355;001-E
2570896;Transit;2021-05-28 10:39:04.430;Initialise;Mer;IMPORTATEUR_ANON_6468;NINEA_ANON_463;001-E
2686476;Exportation;2022-02-15 18:13:39.097;EnCours;Mer;IMPORTATEUR_ANON_3923;NINEA_ANON_709;001-E
2452341;Importation;2020-09-02 11:35:12.793;EnCours;Mer;IMPORTATEUR_ANON_3517;NINEA_ANON_863;001-I
2496054;Importation;2020-12-10 08:51:43.757;EnCours;Mer;IMPORTATEUR_ANON_6092;NINEA_ANON_480;001-I
2686063;Importation;2022-02-15 13:38:10.590;EnCours;Mer;IMPORTATEUR_ANON_9709;NINEA_ANON_157;001-I
2594115;Importation;2021-07-15 16:50:00.207;Initialise;Mer;IMPORTATEUR_ANON_6842;NINEA_ANON_647;001-I
2598063;Transit;2021-07-28 16:16:53.543;EnCours;Mer;IMPORTATEUR_ANON_8060;NINEA_ANON_730;
2637445;Importation;2021-10-28 16:41:25.500;Initialise;Mer;IMPORTATEUR_ANON_6537;NINEA_ANON_544;001-I
2660959;Importation;2021-12-17 16:31:49.557;EnCours;Mer;IMPORTATEUR_ANON_3398;NINEA_ANON_900;001-I
2647675;Importation;2021-11-19 15:57:08.713;EnCours;Mer;IMPORTATEUR_ANON_4493;NINEA_ANON_454;001-I
2543444;Importation;2021-03-29 08:58:03.863;EnCours;Mer;IMPORTATEUR_ANON_3923;NINEA_ANON_709;001-I
2397632;Transit;2020-04-28 13:14:14.930;Initialise;Mer;IMPORTATEUR_ANON_2072;NINEA_ANON_797;001-E
2630168;Importation;2021-10-12 17:12:33.310;EnCours;Mer;IMPORTATEUR_ANON_7108;NINEA_ANON_554;001-I
2348974;Importation;2020-01-20 20:20:11.130;Initialise;Mer;IMPORTATEUR_ANON_9052;NINEA_ANON_862;001-I
2395001;Exportation;2020-04-22 10:34:35.097;EnCours;Mer;IMPORTATEUR_ANON_29;NINEA_ANON_514;001-E
2398325;Importation;2020-04-29 16:08:59.390;Initialise;Mer;IMPORTATEUR_ANON_9809;NINEA_ANON_758;001-I
2454052;Réexportation;2020-09-07 10:57:22.443;Initialise;Mer;IMPORTATEUR_ANON_3016;NINEA_ANON_671;001-E
2379958;Importation;2020-03-17 14:39:30.210;EnCours;Mer;IMPORTATEUR_ANON_4834;NINEA_ANON_425;001-I
2460308;Importation;2020-09-21 12:01:36.123;EnCours;Mer;IMPORTATEUR_ANON_4475;NINEA_ANON_694;001-I
2446996;Importation;2020-08-20 11:03:15.870;EnCours;Mer;IMPORTATEUR_ANON_4933;NINEA_ANON_380;001-I
2418562;Importation;2020-06-16 11:07:09.963;EnCours;Mer;IMPORTATEUR_ANON_8659;NINEA_ANON_544;001-I
2472443;Exportation;2020-10-20 08:50:38.080;EnCours;Mer;IMPORTATEUR_ANON_4979;NINEA_ANON_181;001-E
2567967;Importation;2021-05-21 10:55:52.240;EnCours;Mer;IMPORTATEUR_ANON_4478;NINEA_ANON_105;001-I
2550515;Importation;2021-04-13 13:33:57.997;EnCours;Mer;IMPORTATEUR_ANON_1146;NINEA_ANON_676;001-I
2461690;Importation;2020-09-23 12:32:13.173;EnCours;Mer;IMPORTATEUR_ANON_2919;NINEA_ANON_57;001-I
2385165;Importation;2020-03-27 15:36:11.280;EnCours;Mer;IMPORTATEUR_ANON_17;NINEA_ANON_782;001-I
2639050;Exportation;2021-11-03 09:37:08.617;EnCours;Mer;IMPORTATEUR_ANON_4979;NINEA_ANON_181;001-E
2549576;Importation;2021-04-12 11:14:35.593;EnCours;Mer;IMPORTATEUR_ANON_7743;NINEA_ANON_869;001-I
2638021;Importation;2021-10-29 15:36:04.120;EnCours;Mer;IMPORTATEUR_ANON_1308;NINEA_ANON_693;
2364877;Importation;2020-02-19 09:48:03.280;EnCours;Mer;IMPORTATEUR_ANON_3195;NINEA_ANON_59;001-I
2400270;Importation;2020-05-05 17:47:52.397;EnCours;Mer;IMPORTATEUR_ANON_5978;NINEA_ANON_615;001-I
2572863;Importation;2021-06-02 08:35:42.567;EnCours;Mer;IMPORTATEUR_ANON_3438;NINEA_ANON_590;
2543651;Importation;2021-03-29 11:18:45.913;EnCours;Mer;IMPORTATEUR_ANON_3440;NINEA_ANON_136;
2512283;Importation;2021-01-19 13:06:33.647;EnCours;Mer;IMPORTATEUR_ANON_134;NINEA_ANON_756;
2505641;Importation;2021-01-05 12:09:10.690;EnCours;Mer;IMPORTATEUR_ANON_1800;NINEA_ANON_507;001-I
2499789;Importation;2020-12-18 09:29:29.187;EnCours;Mer;IMPORTATEUR_ANON_134;NINEA_ANON_756;
2430381;Importation;2020-07-13 12:29:27.360;EnCours;Mer;IMPORTATEUR_ANON_1773;NINEA_ANON_681;001-I
2369956;Importation;2020-02-27 16:26:41.003;EnCours;Mer;IMPORTATEUR_ANON_134;NINEA_ANON_630;001-I
2393505;Importation;2020-04-18 09:21:51.690;EnCours;Mer;IMPORTATEUR_ANON_1497;NINEA_ANON_953;001-I
2421633;Importation;2020-06-23 13:35:12.803;EnCours;Mer;IMPORTATEUR_ANON_9640;NINEA_ANON_571;001-I
2412873;Importation;2020-06-03 13:28:56.030;EnCours;Mer;IMPORTATEUR_ANON_5362;NINEA_ANON_120;001-I
2424987;Importation;2020-06-30 16:40:56.730;EnCours;Mer;IMPORTATEUR_ANON_1906;NINEA_ANON_606;001-I
2409210;Importation;2020-05-25 12:47:00.680;EnCours;Mer;IMPORTATEUR_ANON_5978;NINEA_ANON_615;001-I
2479075;Exportation;2020-11-04 12:51:21.093;Initialise;Mer;IMPORTATEUR_ANON_3768;NINEA_ANON_664;001-E
2498090;Transit;2020-12-15 10:48:50.497;Initialise;Mer;IMPORTATEUR_ANON_3144;NINEA_ANON_548;001-E
2539067;Exportation;2021-03-18 14:25:24.920;EnCours;Mer;IMPORTATEUR_ANON_6471;NINEA_ANON_935;001-E
2556593;Importation;2021-04-26 12:27:44.690;EnCours;Mer;IMPORTATEUR_ANON_219;NINEA_ANON_880;001-I
2471087;Importation;2020-10-15 16:20:01.590;EnCours;Mer;IMPORTATEUR_ANON_7533;NINEA_ANON_993;001-I
2635865;Importation;2021-10-26 12:00:15.053;EnCours;Mer;IMPORTATEUR_ANON_4426;NINEA_ANON_93;001-I
2641616;Exportation;2021-11-08 16:54:25.067;EnCours;Mer;IMPORTATEUR_ANON_4979;NINEA_ANON_181;001-E
2640616;Importation;2021-11-05 14:57:54.143;EnCours;Mer;IMPORTATEUR_ANON_6468;NINEA_ANON_463;001-I
2546849;Importation;2021-04-06 11:23:12.077;EnCours;Mer;IMPORTATEUR_ANON_5463;NINEA_ANON_883;001-I
2629479;Transit;2021-10-11 16:01:59.003;Initialise;Mer;IMPORTATEUR_ANON_3213;NINEA_ANON_35;001-E
2396342;Importation;2020-04-24 13:10:46.537;EnCours;Mer;IMPORTATEUR_ANON_17;NINEA_ANON_782;001-I
2477797;Exportation;2020-11-02 13:00:31.500;EnCours;Mer;IMPORTATEUR_ANON_4979;NINEA_ANON_181;001-E
2414253;Importation;2020-06-05 16:55:07.950;EnCours;Mer;IMPORTATEUR_ANON_8799;NINEA_ANON_511;001-I
2579921;Importation;2021-06-16 13:01:07.433;EnCours;Mer;IMPORTATEUR_ANON_3144;NINEA_ANON_548;001-I
2586079;Importation;2021-06-29 16:02:30.213;EnCours;Mer;IMPORTATEUR_ANON_4428;NINEA_ANON_879;001-I
2654820;Importation;2021-12-06 13:10:26.453;EnCours;Mer;IMPORTATEUR_ANON_9675;NINEA_ANON_345;001-I
2378919;Importation;2020-03-16 12:10:09.167;EnCours;Mer;IMPORTATEUR_ANON_482;NINEA_ANON_467;001-I
2526530;Importation;2021-02-18 12:41:30.200;EnCours;Mer;IMPORTATEUR_ANON_7880;NINEA_ANON_270;001-I
2405057;Importation;2020-05-12 13:56:37.660;EnCours;Mer;IMPORTATEUR_ANON_638;NINEA_ANON_950;001-I
2650804;Importation;2021-11-26 12:46:23.547;EnCours;Mer;IMPORTATEUR_ANON_4396;NINEA_ANON_907;001-I
2657049;Importation;2021-12-09 16:14:14.320;EnCours;Mer;IMPORTATEUR_ANON_7248;NINEA_ANON_583;001-I
2430139;Importation;2020-07-13 09:42:18.100;EnCours;Mer;IMPORTATEUR_ANON_569;NINEA_ANON_299;001-I
2611692;Importation;2021-08-31 11:50:20.877;EnCours;Mer;IMPORTATEUR_ANON_8895;NINEA_ANON_135;001-I
2561858;Importation;2021-05-06 11:51:02.833;EnCours;Mer;IMPORTATEUR_ANON_9067;NINEA_ANON_555;001-I
2578736;Exportation;2021-06-14 16:17:24.483;EnCours;Mer;IMPORTATEUR_ANON_8713;NINEA_ANON_398;001-E
2412628;Transit;2020-06-03 10:50:39.520;Initialise;Mer;IMPORTATEUR_ANON_8563;NINEA_ANON_50;001-E
2457179;Exportation;2020-09-14 10:29:42.100;EnCours;Mer;IMPORTATEUR_ANON_292;NINEA_ANON_49;001-E
2685717;Importation;2022-02-15 11:08:37.167;Initialise;Mer;IMPORTATEUR_ANON_4493;NINEA_ANON_454;001-I
2515665;Importation;2021-01-26 12:09:20.490;EnCours;Mer;IMPORTATEUR_ANON_1292;NINEA_ANON_689;001-I
2493275;Importation;2020-12-03 12:54:57.313;EnCours;Mer;IMPORTATEUR_ANON_4424;NINEA_ANON_51;001-I
2447249;Exportation;2020-08-20 15:08:57.777;EnCours;Mer;IMPORTATEUR_ANON_9750;NINEA_ANON_628;001-E
2355737;Importation;2020-02-03 11:31:06.060;EnCours;Mer;IMPORTATEUR_ANON_3313;NINEA_ANON_386;001-I
2618552;Importation;2021-09-15 11:52:35.967;EnCours;Mer;IMPORTATEUR_ANON_440;NINEA_ANON_498;001-I
2383522;Importation;2020-03-24 19:29:43.157;EnCours;Mer;IMPORTATEUR_ANON_9260;NINEA_ANON_253;001-I
2616616;Importation;2021-09-10 11:05:39.247;EnCours;Mer;IMPORTATEUR_ANON_2002;NINEA_ANON_746;001-I
2643606;Importation;2021-11-12 10:23:15.350;EnCours;Mer;IMPORTATEUR_ANON_1146;NINEA_ANON_317;001-I
2667797;Importation;2022-01-05 10:16:09.893;EnCours;Mer;IMPORTATEUR_ANON_9490;NINEA_ANON_363;001-I
2362214;Importation;2020-02-13 14:29:04.143;EnCours;Mer;IMPORTATEUR_ANON_3665;NINEA_ANON_598;001-I
2414261;Importation;2020-06-05 17:08:02.310;EnCours;Mer;IMPORTATEUR_ANON_2935;NINEA_ANON_639;001-I
2485346;Importation;2020-11-17 09:46:22.417;Initialise;Mer;IMPORTATEUR_ANON_1026;NINEA_ANON_774;001-I
2622791;Exportation;2021-09-24 10:29:00.210;EnCours;Mer;IMPORTATEUR_ANON_7221;NINEA_ANON_205;
2486673;Transit;2020-11-19 12:06:07.187;Initialise;Mer;IMPORTATEUR_ANON_6297;NINEA_ANON_818;001-E
2381386;Exportation;2020-03-19 15:51:08.173;EnCours;Mer;IMPORTATEUR_ANON_7798;NINEA_ANON_813;001-E
2389718;Importation;2020-04-09 08:44:37.530;EnCours;Mer;IMPORTATEUR_ANON_12;NINEA_ANON_977;001-I
2367946;Exportation;2020-02-25 11:22:13.323;EnCours;Mer;IMPORTATEUR_ANON_2630;NINEA_ANON_109;001-E
2566410;Importation;2021-05-18 17:07:39.207;EnCours;Mer;IMPORTATEUR_ANON_8922;NINEA_ANON_859;001-I
2461960;Importation;2020-09-24 09:28:24.737;EnCours;Mer;IMPORTATEUR_ANON_241;NINEA_ANON_475;001-I
2462313;Importation;2020-09-24 14:54:53.680;EnCours;Mer;IMPORTATEUR_ANON_8059;NINEA_ANON_530;001-I
2657837;Exportation;2021-12-13 10:26:09.953;EnCours;Mer;IMPORTATEUR_ANON_621;NINEA_ANON_122;001-E
2566472;Importation;2021-05-19 08:19:09.703;EnCours;Mer;IMPORTATEUR_ANON_8011;NINEA_ANON_856;001-I
2489338;Importation;2020-11-25 12:35:06.500;Initialise;Mer;IMPORTATEUR_ANON_3350;NINEA_ANON_668;001-I
2558016;Importation;2021-04-28 12:48:46.287;EnCours;Mer;IMPORTATEUR_ANON_6377;NINEA_ANON_336;001-I
2366696;Importation;2020-02-21 15:56:47.660;EnCours;Mer;IMPORTATEUR_ANON_808;NINEA_ANON_552;001-I
2384916;Exportation;2020-03-27 11:18:29.637;EnCours;Mer;IMPORTATEUR_ANON_8585;NINEA_ANON_356;001-E
2343855;Exportation;2020-01-10 12:22:05.337;EnCours;Mer;IMPORTATEUR_ANON_7694;NINEA_ANON_161;001-E
2374604;Importation;2020-03-07 12:52:39.080;EnCours;Mer;IMPORTATEUR_ANON_4510;NINEA_ANON_189;001-I
2432241;Importation;2020-07-16 12:31:54.537;EnCours;Mer;IMPORTATEUR_ANON_3850;NINEA_ANON_570;001-I
2377181;Transit;2020-03-12 08:25:12.060;Initialise;Mer;IMPORTATEUR_ANON_8563;NINEA_ANON_708;001-E
2424352;Importation;2020-06-29 16:04:21.200;EnCours;Mer;IMPORTATEUR_ANON_4493;NINEA_ANON_454;001-I
2417793;Importation;2020-06-15 10:52:54.870;EnCours;Mer;IMPORTATEUR_ANON_2732;NINEA_ANON_823;001-I
2382363;Importation;2020-03-23 09:52:46.650;EnCours;Mer;IMPORTATEUR_ANON_134;NINEA_ANON_630;001-I
2663590;Importation;2021-12-23 16:53:01.220;EnCours;Mer;IMPORTATEUR_ANON_9419;NINEA_ANON_494;001-I
2399612;Importation;2020-05-04 14:26:35.430;EnCours;Mer;IMPORTATEUR_ANON_5978;NINEA_ANON_615;001-I
2420618;Importation;2020-06-20 13:51:58.530;EnCours;Mer;IMPORTATEUR_ANON_134;NINEA_ANON_630;001-I
2580342;Importation;2021-06-17 10:01:14.503;EnCours;Mer;IMPORTATEUR_ANON_8515;NINEA_ANON_454;001-I
2499332;Importation;2020-12-17 10:59:30.467;EnCours;Mer;IMPORTATEUR_ANON_134;NINEA_ANON_756;
2522546;Importation;2021-02-10 09:56:46.693;EnCours;Mer;IMPORTATEUR_ANON_134;NINEA_ANON_630;
2418862;Importation;2020-06-16 16:03:30.303;EnCours;Mer;IMPORTATEUR_ANON_134;NINEA_ANON_630;001-I
2679975;Importation;2022-02-02 13:31:14.697;EnCours;Mer;IMPORTATEUR_ANON_134;NINEA_ANON_630;001-I
2437149;Importation;2020-07-28 13:44:07.460;Initialise;Mer;IMPORTATEUR_ANON_7900;NINEA_ANON_535;001-I
2374934;Importation;2020-03-09 11:43:42.083;EnCours;Mer;IMPORTATEUR_ANON_5760;NINEA_ANON_572;001-I
2594050;Importation;2021-07-15 15:50:20.693;Initialise;Mer;IMPORTATEUR_ANON_9202;NINEA_ANON_628;001-I
2572981;Importation;2021-06-02 10:16:59.580;Initialise;Mer;IMPORTATEUR_ANON_6989;NINEA_ANON_339;001-I
2347698;Importation;2020-01-17 11:22:23.123;EnCours;Mer;IMPORTATEUR_ANON_5362;NINEA_ANON_120;001-I
2404941;Importation;2020-05-12 11:54:24.127;EnCours;Mer;IMPORTATEUR_ANON_3440;NINEA_ANON_136;001-I
2672561;Exportation;2022-01-17 13:31:53.033;EnCours;Mer;IMPORTATEUR_ANON_5007;NINEA_ANON_794;001-E
2519865;Importation;2021-02-03 16:10:44.190;EnCours;Mer;IMPORTATEUR_ANON_4209;NINEA_ANON_188;001-I
2668985;Importation;2022-01-07 16:05:33.110;EnCours;Mer;IMPORTATEUR_ANON_5682;NINEA_ANON_144;001-I
2675201;Exportation;2022-01-21 15:48:09.347;EnCours;Mer;IMPORTATEUR_ANON_6672;NINEA_ANON_11;001-E
2629548;Importation;2021-10-11 17:32:42.217;Initialise;Mer;IMPORTATEUR_ANON_9942;NINEA_ANON_641;001-I
2571577;Exportation;2021-05-31 10:41:58.790;EnCours;Mer;IMPORTATEUR_ANON_2565;NINEA_ANON_131;001-E
2505046;Importation;2021-01-04 11:47:02.447;Initialise;Mer;IMPORTATEUR_ANON_9577;NINEA_ANON_284;001-I
2439104;Importation;2020-08-04 14:44:09.643;EnCours;Mer;IMPORTATEUR_ANON_9695;NINEA_ANON_182;001-I
2436251;Exportation;2020-07-27 10:52:19.953;EnCours;Mer;IMPORTATEUR_ANON_9231;NINEA_ANON_482;001-E
2565279;Exportation;2021-05-17 11:56:01.020;EnCours;Mer;IMPORTATEUR_ANON_9392;NINEA_ANON_72;001-E
2662732;Importation;2021-12-22 12:29:12.847;EnCours;Mer;IMPORTATEUR_ANON_8895;NINEA_ANON_135;001-I
2348860;Importation;2020-01-20 16:32:49.113;EnCours;Mer;IMPORTATEUR_ANON_1248;NINEA_ANON_599;001-I
2636156;Exportation;2021-10-26 15:40:34.460;EnCours;Mer;IMPORTATEUR_ANON_7789;NINEA_ANON_555;001-E
2690865;Importation;2022-02-22 16:45:57.077;EnCours;Mer;IMPORTATEUR_ANON_8969;NINEA_ANON_35;001-I
2574952;Exportation;2021-06-07 11:17:01.787;EnCours;Mer;IMPORTATEUR_ANON_8067;NINEA_ANON_459;001-E
2468824;Importation;2020-10-12 12:25:15.210;EnCours;Mer;IMPORTATEUR_ANON_2277;NINEA_ANON_20;001-I
2521506;Importation;2021-02-08 12:19:42.580;Initialise;Mer;IMPORTATEUR_ANON_4493;NINEA_ANON_454;001-I
2532804;Importation;2021-03-04 13:42:48.150;Initialise;Mer;IMPORTATEUR_ANON_7640;NINEA_ANON_288;001-I
2622345;Importation;2021-09-23 11:44:10.667;EnCours;Mer;IMPORTATEUR_ANON_5760;NINEA_ANON_572;001-I
2356655;Exportation;2020-02-04 14:42:19.913;EnCours;Mer;IMPORTATEUR_ANON_278;NINEA_ANON_355;001-E
2376577;Importation;2020-03-11 10:55:54.240;EnCours;Mer;IMPORTATEUR_ANON_5822;NINEA_ANON_498;001-I
2499909;Importation;2020-12-18 10:47:35.553;EnCours;Mer;IMPORTATEUR_ANON_2908;NINEA_ANON_148;001-I
2368366;Exportation;2020-02-25 16:25:28.010;EnCours;Mer;IMPORTATEUR_ANON_278;NINEA_ANON_355;001-E
2633669;Importation;2021-10-21 10:46:54.700;EnCours;Mer;IMPORTATEUR_ANON_2575;NINEA_ANON_985;001-I
2569424;Transit;2021-05-26 08:42:12.790;Initialise;Mer;IMPORTATEUR_ANON_6297;NINEA_ANON_818;001-E
2371465;Importation;2020-03-02 13:56:31.343;Initialise;Mer;IMPORTATEUR_ANON_2992;NINEA_ANON_959;001-I
2388750;Importation;2020-04-06 15:41:39.073;EnCours;Mer;IMPORTATEUR_ANON_9564;NINEA_ANON_214;001-I
2554184;Exportation;2021-04-20 15:44:45.170;EnCours;Mer;IMPORTATEUR_ANON_6672;NINEA_ANON_780;001-E
2516606;Exportation;2021-01-27 16:16:21.160;EnCours;Mer;IMPORTATEUR_ANON_8292;NINEA_ANON_167;001-E
2685005;Exportation;2022-02-14 11:50:30.587;EnCours;Mer;IMPORTATEUR_ANON_9359;NINEA_ANON_307;001-E
2384390;Exportation;2020-03-26 11:47:25.357;EnCours;Mer;IMPORTATEUR_ANON_6672;NINEA_ANON_780;001-E
2622862;Importation;2021-09-24 11:22:56.847;EnCours;Mer;IMPORTATEUR_ANON_1778;NINEA_ANON_278;001-I
2446957;Importation;2020-08-20 10:33:06.787;EnCours;Mer;IMPORTATEUR_ANON_1845;NINEA_ANON_432;001-I
2554637;Exportation;2021-04-21 12:26:12.170;EnCours;Mer;IMPORTATEUR_ANON_4979;NINEA_ANON_181;001-E
2375862;Importation;2020-03-10 11:36:49.330;EnCours;Mer;IMPORTATEUR_ANON_4797;NINEA_ANON_694;001-I
2367008;Importation;2020-02-24 10:07:10.310;EnCours;Mer;IMPORTATEUR_ANON_7533;NINEA_ANON_993;001-I
2659758;Importation;2021-12-15 17:16:00.307;EnCours;Mer;IMPORTATEUR_ANON_3768;NINEA_ANON_664;001-I
2664499;Exportation;2021-12-27 14:07:08.117;EnCours;Mer;IMPORTATEUR_ANON_7333;NINEA_ANON_396;001-E
2551905;Importation;2021-04-15 14:50:01.697;EnCours;Mer;IMPORTATEUR_ANON_6983;NINEA_ANON_441;001-I
2426041;Importation;2020-07-02 14:37:21.933;EnCours;Mer;IMPORTATEUR_ANON_3931;NINEA_ANON_488;001-I
2593127;Exportation;2021-07-14 10:32:37.467;Initialise;Mer;IMPORTATEUR_ANON_2630;NINEA_ANON_109;001-E
2350623;Importation;2020-01-23 09:52:32.970;EnCours;Mer;IMPORTATEUR_ANON_6885;NINEA_ANON_413;001-I
2344400;Importation;2020-01-13 09:55:45.240;Initialise;Mer;IMPORTATEUR_ANON_2879;NINEA_ANON_554;001-I
2594482;Importation;2021-07-16 12:54:57.907;Initialise;Mer;IMPORTATEUR_ANON_4316;NINEA_ANON_742;001-I
2631183;Importation;2021-10-14 14:10:36.270;EnCours;Mer;IMPORTATEUR_ANON_4579;NINEA_ANON_68;001-I
2363794;Exportation;2020-02-17 15:49:28.497;EnCours;Mer;IMPORTATEUR_ANON_7333;NINEA_ANON_396;001-E
2413865;Importation;2020-06-05 10:19:52.733;Initialise;Mer;IMPORTATEUR_ANON_4979;NINEA_ANON_181;001-I
2497554;Importation;2020-12-14 12:42:38.080;EnCours;Mer;IMPORTATEUR_ANON_5671;NINEA_ANON_271;001-I
2505456;Importation;2021-01-05 09:32:01.063;EnCours;Mer;IMPORTATEUR_ANON_1248;NINEA_ANON_599;
2566187;Exportation;2021-05-18 13:58:26.367;EnCours;Mer;IMPORTATEUR_ANON_1088;NINEA_ANON_280;001-E
2672033;Exportation;2022-01-14 16:14:35.390;EnCours;Mer;IMPORTATEUR_ANON_29;NINEA_ANON_562;001-E
2636010;Exportation;2021-10-26 13:44:59.780;EnCours;Mer;IMPORTATEUR_ANON_1146;NINEA_ANON_317;001-E
2536892;Importation;2021-03-15 15:15:14.243;EnCours;Mer;IMPORTATEUR_ANON_7642;NINEA_ANON_670;001-I
2631379;Importation;2021-10-14 16:33:30.420;EnCours;Mer;IMPORTATEUR_ANON_5760;NINEA_ANON_572;001-I
2529609;Importation;2021-02-25 10:47:27.850;EnCours;Mer;IMPORTATEUR_ANON_134;NINEA_ANON_630;
2380629;Importation;2020-03-18 14:15:17.563;EnCours;Mer;IMPORTATEUR_ANON_3863;NINEA_ANON_628;001-I
2644190;Importation;2021-11-15 09:54:11.460;EnCours;Mer;IMPORTATEUR_ANON_5760;NINEA_ANON_572;001-I
2602663;Importation;2021-08-09 12:06:33.173;EnCours;Mer;IMPORTATEUR_ANON_2490;NINEA_ANON_330;001-I
2425541;Exportation;2020-07-01 15:45:55.587;EnCours;Mer;IMPORTATEUR_ANON_9433;NINEA_ANON_617;001-E
2440447;Importation;2020-08-07 09:38:23.943;EnCours;Mer;IMPORTATEUR_ANON_8825;NINEA_ANON_883;001-I
2626603;Importation;2021-10-05 10:10:31.287;EnCours;Mer;IMPORTATEUR_ANON_1783;NINEA_ANON_849;001-I
2576952;Importation;2021-06-10 11:37:39.600;EnCours;Mer;IMPORTATEUR_ANON_1046;NINEA_ANON_144;001-I
2364053;Importation;2020-02-18 10:03:34.053;EnCours;Mer;IMPORTATEUR_ANON_7564;NINEA_ANON_19;001-I
2384389;Importation;2020-03-26 11:47:19.387;EnCours;Mer;IMPORTATEUR_ANON_134;NINEA_ANON_630;001-I
2636823;Importation;2021-10-27 16:10:36.177;Initialise;Mer;IMPORTATEUR_ANON_7102;NINEA_ANON_20;001-I
2565166;Exportation;2021-05-17 10:56:55.070;EnCours;Mer;IMPORTATEUR_ANON_9659;NINEA_ANON_729;001-E
2582988;Importation;2021-06-23 09:24:25.917;EnCours;Mer;IMPORTATEUR_ANON_4155;NINEA_ANON_102;001-I
2497055;Importation;2020-12-11 16:17:35.630;EnCours;Mer;IMPORTATEUR_ANON_1220;NINEA_ANON_875;001-I
2435587;Exportation;2020-07-24 10:15:06.683;Initialise;Mer;IMPORTATEUR_ANON_9868;NINEA_ANON_67;001-E
2350855;Exportation;2020-01-23 12:32:47.477;EnCours;Mer;IMPORTATEUR_ANON_7249;NINEA_ANON_972;001-E
2356954;Importation;2020-02-05 08:57:44.833;EnCours;Mer;IMPORTATEUR_ANON_3185;NINEA_ANON_409;001-I
2350270;Exportation;2020-01-22 14:07:09.570;EnCours;Mer;IMPORTATEUR_ANON_6574;NINEA_ANON_72;001-E
2377179;Transit;2020-03-12 08:25:05.250;Initialise;Mer;IMPORTATEUR_ANON_8563;NINEA_ANON_708;001-E
2600249;Importation;2021-08-03 11:28:32.290;EnCours;Mer;IMPORTATEUR_ANON_6187;NINEA_ANON_791;
2571037;Importation;2021-05-28 12:13:07.433;EnCours;Mer;IMPORTATEUR_ANON_5760;NINEA_ANON_572;001-I
2563440;Importation;2021-05-10 15:18:54.757;EnCours;Mer;IMPORTATEUR_ANON_4428;NINEA_ANON_879;001-I
2693291;Exportation;2022-02-28 09:55:35.400;EnCours;Mer;IMPORTATEUR_ANON_8895;NINEA_ANON_393;001-E
2468835;Exportation;2020-10-12 12:32:30.880;EnCours;Mer;IMPORTATEUR_ANON_679;NINEA_ANON_221;001-E
2440092;Transit;2020-08-06 12:08:03.107;Initialise;Mer;IMPORTATEUR_ANON_263;NINEA_ANON_708;001-E
2443061;Importation;2020-08-11 15:09:24.233;EnCours;Mer;IMPORTATEUR_ANON_7569;NINEA_ANON_852;001-I
2493724;Exportation;2020-12-04 11:24:58.733;EnCours;Mer;IMPORTATEUR_ANON_1146;NINEA_ANON_676;001-E
2495940;Importation;2020-12-09 16:48:29.823;EnCours;Mer;IMPORTATEUR_ANON_819;NINEA_ANON_349;001-I
2568660;Exportation;2021-05-25 10:19:04.973;EnCours;Mer;IMPORTATEUR_ANON_2630;NINEA_ANON_109;001-E
2381560;Importation;2020-03-20 09:02:36.130;EnCours;Mer;IMPORTATEUR_ANON_9008;NINEA_ANON_224;001-I
2354699;Importation;2020-01-30 15:15:11.373;EnCours;Mer;IMPORTATEUR_ANON_2308;NINEA_ANON_475;001-I
2500147;Exportation;2020-12-18 15:12:03.463;EnCours;Mer;IMPORTATEUR_ANON_1061;NINEA_ANON_800;001-E
2492139;Importation;2020-12-01 14:25:10.743;EnCours;Mer;IMPORTATEUR_ANON_9854;NINEA_ANON_457;001-I
2352935;Exportation;2020-01-28 10:26:16.280;EnCours;Mer;IMPORTATEUR_ANON_3858;NINEA_ANON_258;001-E
2430865;Importation;2020-07-14 10:58:34.060;EnCours;Mer;IMPORTATEUR_ANON_9750;NINEA_ANON_894;001-I
2595400;Exportation;2021-07-20 10:28:35.890;EnCours;Mer;IMPORTATEUR_ANON_5458;NINEA_ANON_44;001-E
2618004;Importation;2021-09-14 12:06:08.633;Initialise;Mer;IMPORTATEUR_ANON_9701;NINEA_ANON_214;001-I
2510557;Importation;2021-01-15 12:17:53.267;Initialise;Mer;IMPORTATEUR_ANON_7051;NINEA_ANON_551;001-I
2339629;Exportation;2020-01-02 15:01:11.133;EnCours;Mer;IMPORTATEUR_ANON_4682;NINEA_ANON_407;001-E
2375954;Importation;2020-03-10 12:23:40.813;Initialise;Mer;IMPORTATEUR_ANON_324;NINEA_ANON_895;001-I
2489252;Importation;2020-11-25 11:33:01.493;EnCours;Mer;IMPORTATEUR_ANON_5484;NINEA_ANON_42;001-I
2595397;Exportation;2021-07-20 10:28:34.513;EnCours;Mer;IMPORTATEUR_ANON_5458;NINEA_ANON_44;001-E
2387028;Importation;2020-04-01 16:04:17.880;EnCours;Mer;IMPORTATEUR_ANON_3822;NINEA_ANON_487;001-I
2381772;Importation;2020-03-20 11:39:23.243;Initialise;Mer;IMPORTATEUR_ANON_819;NINEA_ANON_349;001-I
2480260;Transit;2020-11-06 11:35:09.043;Initialise;Mer;IMPORTATEUR_ANON_9287;NINEA_ANON_708;001-E
2563770;Importation;2021-05-11 11:12:56.023;EnCours;Mer;IMPORTATEUR_ANON_8403;NINEA_ANON_383;
2638610;Importation;2021-11-02 11:50:33.943;EnCours;Mer;IMPORTATEUR_ANON_1436;NINEA_ANON_395;001-I
2526489;Exportation;2021-02-18 12:20:01.163;EnCours;Mer;IMPORTATEUR_ANON_1224;NINEA_ANON_799;001-E
2660716;Importation;2021-12-17 12:10:08.353;EnCours;Mer;IMPORTATEUR_ANON_7116;NINEA_ANON_184;001-I
2361505;Importation;2020-02-12 14:52:53.833;Initialise;Mer;IMPORTATEUR_ANON_1914;NINEA_ANON_93;001-I
2568877;Importation;2021-05-25 12:02:55.820;Initialise;Mer;IMPORTATEUR_ANON_709;NINEA_ANON_580;001-I
2603219;Exportation;2021-08-10 11:07:42.783;EnCours;Mer;IMPORTATEUR_ANON_4012;NINEA_ANON_853;
2355700;Importation;2020-02-03 11:07:36.423;EnCours;Mer;IMPORTATEUR_ANON_369;NINEA_ANON_442;
2563384;Importation;2021-05-10 14:32:17.053;Initialise;Mer;IMPORTATEUR_ANON_3092;NINEA_ANON_280;001-I
2370563;Importation;2020-02-28 15:25:00.967;EnCours;Mer;IMPORTATEUR_ANON_347;NINEA_ANON_745;001-I
2372535;Exportation;2020-03-03 19:30:56.697;EnCours;Mer;IMPORTATEUR_ANON_6471;NINEA_ANON_935;001-E
2592402;Importation;2021-07-13 09:12:09.657;EnCours;Mer;IMPORTATEUR_ANON_4424;NINEA_ANON_51;001-I
2607904;Importation;2021-08-23 10:53:53.290;EnCours;Mer;IMPORTATEUR_ANON_3871;NINEA_ANON_38;001-I
2615948;Importation;2021-09-09 11:40:17.617;EnCours;Mer;IMPORTATEUR_ANON_4509;NINEA_ANON_892;001-I
2404412;Importation;2020-05-11 13:12:25.857;EnCours;Mer;IMPORTATEUR_ANON_1146;NINEA_ANON_676;001-I
2601093;Importation;2021-08-04 15:45:22.887;Initialise;Mer;IMPORTATEUR_ANON_5217;NINEA_ANON_95;001-I
2474537;Importation;2020-10-23 12:38:07.500;EnCours;Mer;IMPORTATEUR_ANON_3144;NINEA_ANON_548;001-I
2462719;Importation;2020-09-25 11:01:49.027;EnCours;Mer;IMPORTATEUR_ANON_1478;NINEA_ANON_129;001-I
2604969;Importation;2021-08-13 10:38:34.553;EnCours;Mer;IMPORTATEUR_ANON_2442;NINEA_ANON_548;
2595313;Importation;2021-07-19 19:35:28.603;EnCours;Mer;IMPORTATEUR_ANON_4510;NINEA_ANON_189;001-I
2568179;Importation;2021-05-21 13:38:21.207;EnCours;Mer;IMPORTATEUR_ANON_5249;NINEA_ANON_61;001-I
2486718;Importation;2020-11-19 12:50:18.097;Initialise;Mer;IMPORTATEUR_ANON_8978;NINEA_ANON_553;001-I
2490311;Importation;2020-11-27 08:20:43.347;EnCours;Mer;IMPORTATEUR_ANON_6112;NINEA_ANON_318;001-I
2684451;Importation;2022-02-11 13:33:41.910;EnCours;Mer;IMPORTATEUR_ANON_8109;NINEA_ANON_379;001-I
2691121;Importation;2022-02-23 10:30:35.850;EnCours;Mer;IMPORTATEUR_ANON_4428;NINEA_ANON_725;001-I
2460242;Importation;2020-09-21 11:00:06.713;EnCours;Mer;IMPORTATEUR_ANON_1133;NINEA_ANON_122;001-I
2479233;Importation;2020-11-04 15:42:54.583;EnCours;Mer;IMPORTATEUR_ANON_9750;NINEA_ANON_894;001-I
2539292;Exportation;2021-03-19 09:00:09.713;EnCours;Mer;IMPORTATEUR_ANON_8273;NINEA_ANON_767;001-E
2572938;Importation;2021-06-02 09:42:13.720;EnCours;Mer;IMPORTATEUR_ANON_5542;NINEA_ANON_371;
2339883;Importation;2020-01-02 17:57:23.440;EnCours;Mer;IMPORTATEUR_ANON_5760;NINEA_ANON_572;001-I
2601724;Importation;2021-08-05 16:48:52.043;EnCours;Mer;IMPORTATEUR_ANON_3784;NINEA_ANON_511;001-I
2353865;Importation;2020-01-29 12:25:16.183;Initialise;Mer;IMPORTATEUR_ANON_5969;NINEA_ANON_694;001-I
2354415;Importation;2020-01-30 11:14:37.460;EnCours;Mer;IMPORTATEUR_ANON_8532;NINEA_ANON_461;001-I
2380741;Importation;2020-03-18 15:56:53.553;EnCours;Mer;IMPORTATEUR_ANON_5063;NINEA_ANON_511;001-I
2455325;Importation;2020-09-09 10:30:58.400;EnCours;Mer;IMPORTATEUR_ANON_4209;NINEA_ANON_188;001-I
2535591;Importation;2021-03-11 18:21:26.060;EnCours;Mer;IMPORTATEUR_ANON_116;NINEA_ANON_792;001-I
2345371;Importation;2020-01-14 10:57:13.390;EnCours;Mer;IMPORTATEUR_ANON_17;NINEA_ANON_0;
2534548;Importation;2021-03-10 12:35:50.783;EnCours;Mer;IMPORTATEUR_ANON_3264;NINEA_ANON_644;001-I
2406019;Importation;2020-05-14 11:12:03.800;Initialise;Mer;IMPORTATEUR_ANON_9322;NINEA_ANON_87;001-I
2369585;Importation;2020-02-27 11:46:41.857;EnCours;Mer;IMPORTATEUR_ANON_6389;NINEA_ANON_438;001-I
2633412;Réexportation;2021-10-20 16:46:28.563;EnCours;Mer;IMPORTATEUR_ANON_3287;NINEA_ANON_511;001-E
2552589;Exportation;2021-04-16 13:50:26.427;EnCours;Mer;IMPORTATEUR_ANON_6574;NINEA_ANON_72;001-E
2380614;Importation;2020-03-18 13:43:05.783;EnCours;Mer;IMPORTATEUR_ANON_5362;NINEA_ANON_120;001-I
2606688;Importation;2021-08-18 10:14:53.680;Initialise;Mer;IMPORTATEUR_ANON_6863;NINEA_ANON_240;001-I
2434083;Importation;2020-07-21 13:32:37.680;EnCours;Mer;IMPORTATEUR_ANON_8561;NINEA_ANON_354;001-I
2503146;Importation;2020-12-28 13:33:22.527;EnCours;Mer;IMPORTATEUR_ANON_4493;NINEA_ANON_454;001-I
2531615;Importation;2021-03-02 12:56:18.640;EnCours;Mer;IMPORTATEUR_ANON_9508;NINEA_ANON_107;001-I
2583940;Importation;2021-06-24 15:23:53.497;EnCours;Mer;IMPORTATEUR_ANON_1818;NINEA_ANON_980;001-I
2670472;Importation;2022-01-12 10:35:19.920;Initialise;Mer;IMPORTATEUR_ANON_4562;NINEA_ANON_217;001-I
2559192;Importation;2021-04-30 12:01:19.303;EnCours;Mer;IMPORTATEUR_ANON_4137;NINEA_ANON_565;001-I
2429195;Importation;2020-07-09 13:27:09.390;EnCours;Mer;IMPORTATEUR_ANON_462;NINEA_ANON_356;001-I
2529278;Importation;2021-02-24 15:10:00.697;EnCours;Mer;IMPORTATEUR_ANON_4834;NINEA_ANON_425;001-I
2478927;Importation;2020-11-04 10:53:18.157;EnCours;Mer;IMPORTATEUR_ANON_1987;NINEA_ANON_518;001-I
2429020;Transit;2020-07-09 11:13:15.377;Initialise;Mer;IMPORTATEUR_ANON_3907;NINEA_ANON_725;001-E
2510234;Importation;2021-01-14 16:44:55.187;EnCours;Mer;IMPORTATEUR_ANON_4390;NINEA_ANON_898;001-I
2607198;Importation;2021-08-20 09:30:46.723;EnCours;Mer;IMPORTATEUR_ANON_1914;NINEA_ANON_156;001-I
2515985;Importation;2021-01-26 17:14:19.207;EnCours;Mer;IMPORTATEUR_ANON_7453;NINEA_ANON_166;001-I
2623956;Importation;2021-09-29 09:07:32.023;EnCours;Mer;IMPORTATEUR_ANON_6925;NINEA_ANON_252;
2406544;Importation;2020-05-15 10:57:59.433;EnCours;Mer;IMPORTATEUR_ANON_2528;NINEA_ANON_944;001-I
2426973;Importation;2020-07-06 10:14:43.500;EnCours;Mer;IMPORTATEUR_ANON_134;NINEA_ANON_630;001-I
2616066;Importation;2021-09-09 13:05:04.560;EnCours;Mer;IMPORTATEUR_ANON_3438;NINEA_ANON_590;
2661852;Importation;2021-12-21 09:02:34.123;Initialise;Mer;IMPORTATEUR_ANON_4979;NINEA_ANON_181;001-I
2391643;Importation;2020-04-14 16:42:23.803;EnCours;Mer;IMPORTATEUR_ANON_8895;NINEA_ANON_393;001-I
2568283;Réexportation;2021-05-21 16:18:37.603;EnCours;Mer;IMPORTATEUR_ANON_2114;NINEA_ANON_58;001-E
2624159;Importation;2021-09-29 11:59:07.773;EnCours;Mer;IMPORTATEUR_ANON_3923;NINEA_ANON_709;001-I
2491400;Importation;2020-11-30 13:34:34.737;EnCours;Mer;IMPORTATEUR_ANON_4903;NINEA_ANON_37;001-I
2459122;Importation;2020-09-17 10:49:02.293;EnCours;Mer;IMPORTATEUR_ANON_5194;NINEA_ANON_758;001-I
2409564;Exportation;2020-05-26 11:43:12.750;EnCours;Mer;IMPORTATEUR_ANON_1987;NINEA_ANON_60;001-E
2608884;Importation;2021-08-24 14:46:54.820;EnCours;Mer;IMPORTATEUR_ANON_9284;NINEA_ANON_956;001-I
2580179;Importation;2021-06-16 16:57:52.887;Initialise;Mer;IMPORTATEUR_ANON_6911;NINEA_ANON_365;001-I
2384740;Importation;2020-03-27 09:03:41.953;EnCours;Mer;IMPORTATEUR_ANON_7533;NINEA_ANON_993;001-I
2404040;Transit;2020-05-11 09:28:02.890;Initialise;Mer;IMPORTATEUR_ANON_879;NINEA_ANON_100;001-E
2686801;Importation;2022-02-16 11:15:42.847;Initialise;Mer;IMPORTATEUR_ANON_3498;NINEA_ANON_496;001-I
2466301;Exportation;2020-10-05 10:20:23.980;EnCours;Mer;IMPORTATEUR_ANON_1146;NINEA_ANON_676;001-E
2344089;Importation;2020-01-10 16:00:51.563;EnCours;Mer;IMPORTATEUR_ANON_3768;NINEA_ANON_664;001-I
2343042;Importation;2020-01-09 11:35:54.900;Initialise;Mer;IMPORTATEUR_ANON_5910;NINEA_ANON_735;001-I
2535419;Exportation;2021-03-11 14:29:52.827;EnCours;Mer;IMPORTATEUR_ANON_5174;NINEA_ANON_530;001-E
2573251;Importation;2021-06-02 13:28:24.523;Initialise;Mer;IMPORTATEUR_ANON_2733;NINEA_ANON_955;001-I
2597233;Importation;2021-07-27 12:49:32.797;EnCours;Mer;IMPORTATEUR_ANON_4744;NINEA_ANON_222;001-I
2462612;Importation;2020-09-25 10:00:58.963;EnCours;Mer;IMPORTATEUR_ANON_2658;NINEA_ANON_325;001-I
2406043;Importation;2020-05-14 11:37:50.417;EnCours;Mer;IMPORTATEUR_ANON_4393;NINEA_ANON_597;001-I
2561297;Transit;2021-05-05 12:50:23.633;EnCours;Mer;IMPORTATEUR_ANON_8393;NINEA_ANON_585;
2434975;Importation;2020-07-23 09:28:20.250;EnCours;Mer;IMPORTATEUR_ANON_4834;NINEA_ANON_425;001-I
2688932;Importation;2022-02-18 15:14:40.923;EnCours;Mer;IMPORTATEUR_ANON_3428;NINEA_ANON_29;
2417456;Importation;2020-06-12 16:26:48.717;EnCours;Mer;IMPORTATEUR_ANON_6079;NINEA_ANON_216;001-I
2402898;Transit;2020-05-07 10:14:25.090;Initialise;Mer;IMPORTATEUR_ANON_8563;NINEA_ANON_50;001-E
2577989;Exportation;2021-06-11 16:36:39.523;EnCours;Mer;IMPORTATEUR_ANON_8781;NINEA_ANON_372;001-E
2354602;Importation;2020-01-30 13:14:29.057;EnCours;Mer;IMPORTATEUR_ANON_2247;NINEA_ANON_802;001-I
2671023;Importation;2022-01-13 09:29:37.630;Initialise;Mer;IMPORTATEUR_ANON_9586;NINEA_ANON_413;001-I
2374490;Transit;2020-03-06 17:10:26.190;Initialise;Mer;IMPORTATEUR_ANON_7719;NINEA_ANON_292;001-E
2473749;Importation;2020-10-22 09:43:58.260;EnCours;Mer;IMPORTATEUR_ANON_6705;NINEA_ANON_314;001-I
2416673;Importation;2020-06-11 12:36:02.950;EnCours;Mer;IMPORTATEUR_ANON_4424;NINEA_ANON_51;001-I
2502095;Exportation;2020-12-23 13:56:43.360;EnCours;Mer;IMPORTATEUR_ANON_8713;NINEA_ANON_398;001-E
2390869;Importation;2020-04-13 20:27:09.147;EnCours;Mer;IMPORTATEUR_ANON_4390;NINEA_ANON_898;001-I
2468446;Importation;2020-10-12 09:00:53.030;Initialise;Mer;IMPORTATEUR_ANON_4744;NINEA_ANON_747;001-I
2552708;Importation;2021-04-16 16:17:49.673;EnCours;Mer;IMPORTATEUR_ANON_5369;NINEA_ANON_415;
2439135;Importation;2020-08-04 15:14:53.110;EnCours;Mer;IMPORTATEUR_ANON_580;NINEA_ANON_694;001-I
2616989;Importation;2021-09-10 17:38:43.250;EnCours;Mer;IMPORTATEUR_ANON_6984;NINEA_ANON_948;001-I
2676047;Importation;2022-01-25 10:04:03.900;EnCours;Mer;IMPORTATEUR_ANON_4935;NINEA_ANON_950;001-I
2583590;Exportation;2021-06-24 09:50:59.017;EnCours;Mer;IMPORTATEUR_ANON_381;NINEA_ANON_508;001-E
2623612;Exportation;2021-09-28 12:21:37.803;EnCours;Mer;IMPORTATEUR_ANON_8713;NINEA_ANON_897;001-E
2454620;Importation;2020-09-08 10:59:06.753;EnCours;Mer;IMPORTATEUR_ANON_1146;NINEA_ANON_676;001-I
2625528;Importation;2021-10-01 12:58:16.563;EnCours;Mer;IMPORTATEUR_ANON_7528;NINEA_ANON_447;001-I
2470480;Importation;2020-10-14 15:52:09.500;EnCours;Mer;IMPORTATEUR_ANON_9284;NINEA_ANON_956;001-I
2558234;Importation;2021-04-28 16:25:10.800;EnCours;Mer;IMPORTATEUR_ANON_3657;NINEA_ANON_826;001-I
2453016;Importation;2020-09-03 13:00:11.860;Initialise;Mer;IMPORTATEUR_ANON_7201;NINEA_ANON_244;001-I
2472364;Importation;2020-10-19 17:13:42.117;EnCours;Mer;IMPORTATEUR_ANON_239;NINEA_ANON_947;001-I
2522650;Importation;2021-02-10 11:09:53.370;EnCours;Mer;IMPORTATEUR_ANON_472;NINEA_ANON_952;001-I
2524257;Importation;2021-02-15 09:22:57.910;Initialise;Mer;IMPORTATEUR_ANON_1656;NINEA_ANON_330;001-I
2343945;Transit;2020-01-10 13:06:51.670;Initialise;Mer;IMPORTATEUR_ANON_4477;NINEA_ANON_540;001-E
2498593;Importation;2020-12-16 08:09:51.690;Initialise;Mer;IMPORTATEUR_ANON_3863;NINEA_ANON_628;001-I
2552978;Exportation;2021-04-19 10:07:05.543;EnCours;Mer;IMPORTATEUR_ANON_5426;NINEA_ANON_530;001-E
2405100;Importation;2020-05-12 14:47:36.937;EnCours;Mer;IMPORTATEUR_ANON_5804;NINEA_ANON_779;001-I
2436320;Importation;2020-07-27 11:52:51.670;EnCours;Mer;IMPORTATEUR_ANON_134;NINEA_ANON_630;001-I
2437445;Importation;2020-07-29 09:51:32.157;Initialise;Mer;IMPORTATEUR_ANON_3146;NINEA_ANON_586;001-I
2379908;Importation;2020-03-17 13:35:23.377;EnCours;Mer;IMPORTATEUR_ANON_17;NINEA_ANON_782;001-I
2479835;Importation;2020-11-05 14:27:43.737;EnCours;Mer;IMPORTATEUR_ANON_4923;NINEA_ANON_442;001-I
2568704;Importation;2021-05-25 10:39:35.600;EnCours;Mer;IMPORTATEUR_ANON_7533;NINEA_ANON_993;001-I
2664343;Importation;2021-12-27 11:41:27.320;EnCours;Mer;IMPORTATEUR_ANON_9628;NINEA_ANON_405;001-I
2344480;Importation;2020-01-13 10:37:08.230;EnCours;Mer;IMPORTATEUR_ANON_1914;NINEA_ANON_93;001-I
2508019;Exportation;2021-01-11 14:20:50.157;EnCours;Mer;IMPORTATEUR_ANON_2324;NINEA_ANON_728;001-E
2558538;Importation;2021-04-29 11:19:53.040;EnCours;Mer;IMPORTATEUR_ANON_8059;NINEA_ANON_462;001-I
2441978;Importation;2020-08-10 09:27:20.790;Initialise;Mer;IMPORTATEUR_ANON_8396;NINEA_ANON_357;001-I
2412078;Transit;2020-06-02 12:47:00.540;Initialise;Mer;IMPORTATEUR_ANON_6336;NINEA_ANON_145;001-E
2555565;Exportation;2021-04-23 08:56:46.810;EnCours;Mer;IMPORTATEUR_ANON_2630;NINEA_ANON_109;001-E
2651539;Importation;2021-11-29 12:33:21.363;EnCours;Mer;IMPORTATEUR_ANON_6349;NINEA_ANON_706;001-I
2377917;Importation;2020-03-13 08:55:09.660;EnCours;Mer;IMPORTATEUR_ANON_7262;NINEA_ANON_4;001-I
2640295;Importation;2021-11-05 09:31:09.733;EnCours;Mer;IMPORTATEUR_ANON_4834;NINEA_ANON_568;001-I
2611120;Importation;2021-08-30 11:59:47.577;EnCours;Mer;IMPORTATEUR_ANON_5409;NINEA_ANON_85;
2603995;Importation;2021-08-11 12:50:50.253;EnCours;Mer;IMPORTATEUR_ANON_1983;NINEA_ANON_683;001-I
2440277;Importation;2020-08-06 15:36:07.697;Initialise;Mer;IMPORTATEUR_ANON_7533;NINEA_ANON_993;001-I
2635228;Importation;2021-10-25 12:55:24.463;EnCours;Mer;IMPORTATEUR_ANON_3407;NINEA_ANON_467;001-I
2686465;Importation;2022-02-15 17:53:56.237;Initialise;Mer;IMPORTATEUR_ANON_1905;NINEA_ANON_591;001-I
2607328;Exportation;2021-08-20 11:24:37.990;EnCours;Mer;IMPORTATEUR_ANON_5484;NINEA_ANON_0;
2613063;Importation;2021-09-02 16:10:21.343;EnCours;Mer;IMPORTATEUR_ANON_4510;NINEA_ANON_189;001-I
2376869;Réexportation;2020-03-11 14:04:15.587;EnCours;Mer;IMPORTATEUR_ANON_4424;NINEA_ANON_51;001-E
2419000;Importation;2020-06-17 09:21:02.420;EnCours;Mer;IMPORTATEUR_ANON_8393;NINEA_ANON_650;001-I
2525893;Importation;2021-02-17 13:06:57.120;EnCours;Mer;IMPORTATEUR_ANON_9218;NINEA_ANON_750;
2598172;Importation;2021-07-29 08:41:02.360;EnCours;Mer;IMPORTATEUR_ANON_3923;NINEA_ANON_709;001-I
2528755;Importation;2021-02-23 16:18:35.127;EnCours;Mer;IMPORTATEUR_ANON_4320;NINEA_ANON_570;001-I
2535383;Exportation;2021-03-11 13:21:47.383;EnCours;Mer;IMPORTATEUR_ANON_538;NINEA_ANON_276;001-E
2661755;Exportation;2021-12-20 16:38:17.300;EnCours;Mer;IMPORTATEUR_ANON_4303;NINEA_ANON_514;001-E
2418902;Importation;2020-06-16 17:00:49.800;EnCours;Mer;IMPORTATEUR_ANON_1827;NINEA_ANON_956;001-I
2410025;Exportation;2020-05-27 08:47:09.063;EnCours;Mer;IMPORTATEUR_ANON_4877;NINEA_ANON_530;001-E
2635267;Importation;2021-10-25 13:20:30.550;EnCours;Mer;IMPORTATEUR_ANON_5362;NINEA_ANON_357;001-I
2517772;Importation;2021-01-29 16:28:49.057;EnCours;Mer;IMPORTATEUR_ANON_819;NINEA_ANON_349;001-I
2605451;Importation;2021-08-16 07:21:10.990;EnCours;Mer;IMPORTATEUR_ANON_8801;NINEA_ANON_265;001-I
2477847;Importation;2020-11-02 13:47:00.000;EnCours;Mer;IMPORTATEUR_ANON_4300;NINEA_ANON_86;001-I
2542634;Importation;2021-03-25 16:04:26.840;EnCours;Mer;IMPORTATEUR_ANON_134;NINEA_ANON_630;
2681007;Exportation;2022-02-04 12:37:43.227;EnCours;Mer;IMPORTATEUR_ANON_4843;NINEA_ANON_317;001-E
2484228;Importation;2020-11-13 11:10:33.857;EnCours;Mer;IMPORTATEUR_ANON_6407;NINEA_ANON_344;001-I
2638399;Importation;2021-11-02 09:55:21.593;Initialise;Mer;IMPORTATEUR_ANON_819;NINEA_ANON_349;001-I
2497426;Importation;2020-12-14 11:14:00.947;EnCours;Mer;IMPORTATEUR_ANON_5037;NINEA_ANON_310;001-I
2681297;Importation;2022-02-06 14:08:28.120;EnCours;Mer;IMPORTATEUR_ANON_101;NINEA_ANON_282;001-I
2609289;Importation;2021-08-25 12:11:55.093;EnCours;Mer;IMPORTATEUR_ANON_134;NINEA_ANON_630;001-I
2645568;Importation;2021-11-16 17:01:17.383;Initialise;Mer;IMPORTATEUR_ANON_5014;NINEA_ANON_20;001-I
2496359;Transit;2020-12-10 12:43:21.150;Initialise;Mer;IMPORTATEUR_ANON_7149;NINEA_ANON_899;001-E
2411127;Exportation;2020-05-29 08:48:02.047;EnCours;Mer;IMPORTATEUR_ANON_29;NINEA_ANON_562;001-E
2367056;Importation;2020-02-24 10:50:12.590;EnCours;Mer;IMPORTATEUR_ANON_2261;NINEA_ANON_688;001-I
2495240;Importation;2020-12-08 15:50:20.213;Initialise;Mer;IMPORTATEUR_ANON_7464;NINEA_ANON_545;001-I
2544806;Importation;2021-03-31 09:44:16.720;EnCours;Mer;IMPORTATEUR_ANON_6984;NINEA_ANON_948;001-I
2607002;Importation;2021-08-18 14:35:58.983;EnCours;Mer;IMPORTATEUR_ANON_6681;NINEA_ANON_809;001-I
2681308;Importation;2022-02-07 09:41:05.297;Initialise;Mer;IMPORTATEUR_ANON_8713;NINEA_ANON_733;001-I
2411857;Importation;2020-06-02 10:53:02.210;EnCours;Mer;IMPORTATEUR_ANON_2506;NINEA_ANON_212;001-I
2474935;Importation;2020-10-26 09:45:47.597;EnCours;Mer;IMPORTATEUR_ANON_2039;NINEA_ANON_521;001-I
2675859;Exportation;2022-01-24 16:13:22.167;EnCours;Mer;IMPORTATEUR_ANON_4303;NINEA_ANON_514;001-E
2603394;Importation;2021-08-10 12:57:12.357;EnCours;Mer;IMPORTATEUR_ANON_3316;NINEA_ANON_948;001-I
2498906;Importation;2020-12-16 12:52:13.183;EnCours;Mer;IMPORTATEUR_ANON_134;NINEA_ANON_756;
2576742;Importation;2021-06-10 09:15:28.607;EnCours;Mer;IMPORTATEUR_ANON_9576;NINEA_ANON_992;001-I
2406170;Importation;2020-05-14 13:38:45.187;Initialise;Mer;IMPORTATEUR_ANON_8059;NINEA_ANON_530;001-I
2574092;Importation;2021-06-03 17:11:05.470;EnCours;Mer;IMPORTATEUR_ANON_1740;NINEA_ANON_103;001-I
2652342;Importation;2021-11-30 12:26:42.970;Initialise;Mer;IMPORTATEUR_ANON_3726;NINEA_ANON_343;001-I
2496503;Importation;2020-12-10 15:57:58.250;Initialise;Mer;IMPORTATEUR_ANON_2641;NINEA_ANON_527;001-I
2620472;Importation;2021-09-20 12:28:39.220;EnCours;Mer;IMPORTATEUR_ANON_7153;NINEA_ANON_918;001-I
2638062;Importation;2021-10-29 16:22:26.070;EnCours;Mer;IMPORTATEUR_ANON_9274;NINEA_ANON_535;001-I
2453394;Importation;2020-09-04 10:22:41.603;EnCours;Mer;IMPORTATEUR_ANON_7543;NINEA_ANON_274;001-I
2444044;Importation;2020-08-13 11:27:02.100;Initialise;Mer;IMPORTATEUR_ANON_819;NINEA_ANON_349;001-I
2611795;Réexportation;2021-08-31 13:19:31.573;EnCours;Mer;IMPORTATEUR_ANON_3407;NINEA_ANON_467;001-E
2518140;Importation;2021-02-01 10:39:00.467;EnCours;Mer;IMPORTATEUR_ANON_9628;NINEA_ANON_405;001-I
2550246;Importation;2021-04-13 10:31:45.630;EnCours;Mer;IMPORTATEUR_ANON_846;NINEA_ANON_625;001-I
2651465;Importation;2021-11-29 12:01:40.203;EnCours;Mer;IMPORTATEUR_ANON_5804;NINEA_ANON_779;001-I
2437432;Importation;2020-07-29 09:42:55.817;EnCours;Mer;IMPORTATEUR_ANON_9284;NINEA_ANON_956;001-I
2520950;Importation;2021-02-05 15:45:58.447;EnCours;Mer;IMPORTATEUR_ANON_9284;NINEA_ANON_956;001-I
2657757;Importation;2021-12-13 09:19:01.743;EnCours;Mer;IMPORTATEUR_ANON_8801;NINEA_ANON_265;001-I
2409120;Importation;2020-05-22 16:19:46.920;EnCours;Mer;IMPORTATEUR_ANON_3866;NINEA_ANON_565;001-I
2658787;Exportation;2021-12-14 12:46:45.000;EnCours;Mer;IMPORTATEUR_ANON_6196;NINEA_ANON_514;001-E
2618571;Importation;2021-09-15 12:04:30.280;EnCours;Mer;IMPORTATEUR_ANON_1248;NINEA_ANON_599;
2415634;Importation;2020-06-09 16:06:58.570;EnCours;Mer;IMPORTATEUR_ANON_4426;NINEA_ANON_93;001-I
2557552;Exportation;2021-04-27 15:43:40.207;EnCours;Mer;IMPORTATEUR_ANON_1226;NINEA_ANON_514;001-E
2432051;Exportation;2020-07-16 10:14:16.377;EnCours;Mer;IMPORTATEUR_ANON_1914;NINEA_ANON_93;001-E
2412982;Exportation;2020-06-03 15:05:18.927;EnCours;Mer;IMPORTATEUR_ANON_3858;NINEA_ANON_258;001-E
2581710;Exportation;2021-06-21 11:48:18.907;EnCours;Mer;IMPORTATEUR_ANON_8297;NINEA_ANON_450;001-E
2431581;Exportation;2020-07-15 12:04:03.920;Initialise;Mer;IMPORTATEUR_ANON_3863;NINEA_ANON_628;001-E
2498442;Exportation;2020-12-15 15:37:10.540;EnCours;Mer;IMPORTATEUR_ANON_4303;NINEA_ANON_530;001-E
2679322;Exportation;2022-02-01 12:59:28.363;EnCours;Mer;IMPORTATEUR_ANON_7420;NINEA_ANON_365;
2479888;Importation;2020-11-05 15:27:30.250;Initialise;Mer;IMPORTATEUR_ANON_8198;NINEA_ANON_771;001-I
2555233;Transit;2021-04-22 12:43:05.103;Initialise;Mer;IMPORTATEUR_ANON_3768;NINEA_ANON_664;001-E
2460182;Importation;2020-09-21 10:22:16.563;EnCours;Mer;IMPORTATEUR_ANON_9681;NINEA_ANON_946;001-I
2511535;Importation;2021-01-18 14:51:57.970;Initialise;Mer;IMPORTATEUR_ANON_4950;NINEA_ANON_506;001-I
2447401;Importation;2020-08-20 17:42:12.177;EnCours;Mer;IMPORTATEUR_ANON_8396;NINEA_ANON_357;001-I
2518198;Exportation;2021-02-01 11:03:32.363;EnCours;Mer;IMPORTATEUR_ANON_8895;NINEA_ANON_393;001-E
2669605;Exportation;2022-01-10 15:36:02.050;EnCours;Mer;IMPORTATEUR_ANON_9659;NINEA_ANON_514;001-E
2414160;Importation;2020-06-05 15:16:18.910;EnCours;Mer;IMPORTATEUR_ANON_8061;NINEA_ANON_194;001-I
2535302;Exportation;2021-03-11 12:23:08.917;EnCours;Mer;IMPORTATEUR_ANON_9433;NINEA_ANON_98;001-E
2421989;Importation;2020-06-24 09:41:58.963;EnCours;Mer;IMPORTATEUR_ANON_5760;NINEA_ANON_572;001-I
2629189;Importation;2021-10-11 12:30:48.293;EnCours;Mer;IMPORTATEUR_ANON_7153;NINEA_ANON_918;001-I
2674324;Exportation;2022-01-20 10:40:01.347;EnCours;Mer;IMPORTATEUR_ANON_1061;NINEA_ANON_800;001-E
2420580;Importation;2020-06-20 09:25:51.910;EnCours;Mer;IMPORTATEUR_ANON_134;NINEA_ANON_630;001-I
2639334;Importation;2021-11-03 13:13:26.850;EnCours;Mer;IMPORTATEUR_ANON_6430;NINEA_ANON_43;001-I
2642979;Importation;2021-11-11 10:18:02.680;EnCours;Mer;IMPORTATEUR_ANON_9361;NINEA_ANON_968;001-I
2423742;Importation;2020-06-27 12:23:45.430;EnCours;Mer;IMPORTATEUR_ANON_2308;NINEA_ANON_475;001-I
2502645;Importation;2020-12-24 14:15:57.040;EnCours;Mer;IMPORTATEUR_ANON_5867;NINEA_ANON_46;001-I
2580619;Importation;2021-06-17 15:19:23.643;EnCours;Mer;IMPORTATEUR_ANON_1308;NINEA_ANON_693;
2610618;Importation;2021-08-27 13:42:01.093;EnCours;Mer;IMPORTATEUR_ANON_5224;NINEA_ANON_559;001-I
2360716;Exportation;2020-02-11 15:27:36.230;EnCours;Mer;IMPORTATEUR_ANON_2630;NINEA_ANON_109;001-E
2551445;Importation;2021-04-15 08:41:43.763;EnCours;Mer;IMPORTATEUR_ANON_9218;NINEA_ANON_750;
2677809;Importation;2022-01-28 09:55:26.007;EnCours;Mer;IMPORTATEUR_ANON_638;NINEA_ANON_384;001-I
2590736;Importation;2021-07-08 14:23:41.253;EnCours;Mer;IMPORTATEUR_ANON_7464;NINEA_ANON_545;001-I
2466946;Importation;2020-10-07 13:17:07.677;Initialise;Mer;IMPORTATEUR_ANON_7513;NINEA_ANON_749;001-I
2416510;Exportation;2020-06-11 10:58:46.813;EnCours;Mer;IMPORTATEUR_ANON_6471;NINEA_ANON_935;001-E
2633664;Importation;2021-10-21 10:42:54.650;Initialise;Mer;IMPORTATEUR_ANON_3951;NINEA_ANON_125;001-I
2658777;Exportation;2021-12-14 12:41:31.067;EnCours;Mer;IMPORTATEUR_ANON_3923;NINEA_ANON_709;001-E
2457765;Importation;2020-09-15 09:41:15.443;EnCours;Mer;IMPORTATEUR_ANON_3784;NINEA_ANON_511;001-I
2563315;Exportation;2021-05-10 13:27:20.237;EnCours;Mer;IMPORTATEUR_ANON_2630;NINEA_ANON_109;001-E
2474195;Importation;2020-10-22 16:29:45.740;EnCours;Mer;IMPORTATEUR_ANON_4278;NINEA_ANON_570;001-I
2590437;Exportation;2021-07-08 10:35:54.827;EnCours;Mer;IMPORTATEUR_ANON_278;NINEA_ANON_355;001-E
2631908;Importation;2021-10-15 13:39:34.720;EnCours;Mer;IMPORTATEUR_ANON_2433;NINEA_ANON_563;001-I
2546971;Importation;2021-04-06 12:34:40.380;EnCours;Mer;IMPORTATEUR_ANON_9742;NINEA_ANON_714;001-I
2353455;Importation;2020-01-28 16:50:06.013;EnCours;Mer;IMPORTATEUR_ANON_4604;NINEA_ANON_187;001-I
2523332;Importation;2021-02-11 12:14:50.910;EnCours;Mer;IMPORTATEUR_ANON_6310;NINEA_ANON_61;001-I
2680006;Importation;2022-02-02 14:22:35.060;EnCours;Mer;IMPORTATEUR_ANON_2623;NINEA_ANON_14;001-I
2491447;Importation;2020-11-30 14:23:15.240;Initialise;Mer;IMPORTATEUR_ANON_1994;NINEA_ANON_430;001-I
2400187;Importation;2020-05-05 15:27:56.903;EnCours;Mer;IMPORTATEUR_ANON_1827;NINEA_ANON_956;001-I
2499817;Transit;2020-12-18 09:52:10.797;Initialise;Mer;IMPORTATEUR_ANON_206;NINEA_ANON_394;001-E
2570305;Exportation;2021-05-27 11:16:45.937;EnCours;Mer;IMPORTATEUR_ANON_7333;NINEA_ANON_396;001-E
2386778;Importation;2020-04-01 12:34:50.543;EnCours;Mer;IMPORTATEUR_ANON_5362;NINEA_ANON_120;001-I
2396432;Importation;2020-04-24 14:54:55.933;Initialise;Mer;IMPORTATEUR_ANON_2108;NINEA_ANON_997;001-I
2623044;Importation;2021-09-24 13:51:10.190;EnCours;Mer;IMPORTATEUR_ANON_3660;NINEA_ANON_379;001-I
2621555;Importation;2021-09-22 10:20:18.833;EnCours;Mer;IMPORTATEUR_ANON_6309;NINEA_ANON_385;001-I
2399019;Importation;2020-05-03 15:16:16.630;EnCours;Mer;IMPORTATEUR_ANON_4390;NINEA_ANON_898;001-I
2570712;Importation;2021-05-27 17:06:51.557;EnCours;Mer;IMPORTATEUR_ANON_1579;NINEA_ANON_277;001-I
2559980;Importation;2021-05-03 13:09:38.630;Initialise;Mer;IMPORTATEUR_ANON_7057;NINEA_ANON_633;001-I
2444351;Importation;2020-08-13 16:33:29.367;EnCours;Mer;IMPORTATEUR_ANON_7289;NINEA_ANON_748;001-I
2516286;Exportation;2021-01-27 11:48:32.740;EnCours;Mer;IMPORTATEUR_ANON_4877;NINEA_ANON_456;001-E
2573549;Importation;2021-06-03 08:51:56.700;EnCours;Mer;IMPORTATEUR_ANON_1847;NINEA_ANON_175;001-I
2660140;Importation;2021-12-16 13:12:38.517;EnCours;Mer;IMPORTATEUR_ANON_5542;NINEA_ANON_371;
2476421;Importation;2020-10-28 11:52:00.330;EnCours;Mer;IMPORTATEUR_ANON_134;NINEA_ANON_630;001-I
2450775;Importation;2020-08-28 16:17:26.247;EnCours;Mer;IMPORTATEUR_ANON_4405;NINEA_ANON_24;001-I
2559384;Importation;2021-04-30 15:55:04.667;EnCours;Mer;IMPORTATEUR_ANON_7464;NINEA_ANON_545;001-I
2560631;Exportation;2021-05-04 12:31:17.953;EnCours;Mer;IMPORTATEUR_ANON_1789;NINEA_ANON_473;001-E
2588272;Importation;2021-07-05 10:09:00.493;Initialise;Mer;IMPORTATEUR_ANON_3092;NINEA_ANON_280;001-I
2646741;Importation;2021-11-18 13:40:08.000;EnCours;Mer;IMPORTATEUR_ANON_5978;NINEA_ANON_615;001-I
2414311;Importation;2020-06-06 09:55:36.573;EnCours;Mer;IMPORTATEUR_ANON_134;NINEA_ANON_630;001-I
2573034;Importation;2021-06-02 10:42:12.900;Initialise;Mer;IMPORTATEUR_ANON_8958;NINEA_ANON_25;001-I
2573327;Importation;2021-06-02 15:17:27.360;EnCours;Mer;IMPORTATEUR_ANON_569;NINEA_ANON_299;001-I
2525833;Importation;2021-02-17 12:12:30.690;EnCours;Mer;IMPORTATEUR_ANON_4837;NINEA_ANON_278;001-I
2413350;Importation;2020-06-04 11:05:38.373;EnCours;Mer;IMPORTATEUR_ANON_8735;NINEA_ANON_614;001-I
2550696;Importation;2021-04-13 16:44:55.020;Initialise;Mer;IMPORTATEUR_ANON_2534;NINEA_ANON_208;001-I
2433112;Importation;2020-07-18 13:17:57.070;EnCours;Mer;IMPORTATEUR_ANON_5864;NINEA_ANON_371;001-I
2585224;Importation;2021-06-28 13:58:52.127;EnCours;Mer;IMPORTATEUR_ANON_5599;NINEA_ANON_391;001-I
2619400;Importation;2021-09-16 15:35:16.070;EnCours;Mer;IMPORTATEUR_ANON_134;NINEA_ANON_630;001-I
2357555;Importation;2020-02-05 16:28:19.903;Initialise;Mer;IMPORTATEUR_ANON_4808;NINEA_ANON_127;001-I
2382164;Importation;2020-03-20 18:00:34.090;EnCours;Mer;IMPORTATEUR_ANON_4390;NINEA_ANON_898;001-I
2513248;Exportation;2021-01-21 09:15:05.740;EnCours;Mer;IMPORTATEUR_ANON_3858;NINEA_ANON_258;001-E
2667940;Importation;2022-01-05 11:53:33.647;EnCours;Mer;IMPORTATEUR_ANON_7464;NINEA_ANON_545;001-I
2539508;Exportation;2021-03-19 11:44:33.650;EnCours;Mer;IMPORTATEUR_ANON_5881;NINEA_ANON_839;001-E
2635122;Exportation;2021-10-25 12:03:29.407;EnCours;Mer;IMPORTATEUR_ANON_9875;NINEA_ANON_221;
2464212;Importation;2020-09-29 12:45:13.080;EnCours;Mer;IMPORTATEUR_ANON_7929;NINEA_ANON_350;001-I
2408955;Importation;2020-05-22 12:26:20.080;EnCours;Mer;IMPORTATEUR_ANON_7598;NINEA_ANON_511;001-I
2559675;Importation;2021-05-03 10:24:44.000;EnCours;Mer;IMPORTATEUR_ANON_590;NINEA_ANON_69;001-I
2574363;Importation;2021-06-04 12:00:32.810;EnCours;Mer;IMPORTATEUR_ANON_2771;NINEA_ANON_719;001-I
2582730;Exportation;2021-06-22 15:22:04.057;EnCours;Mer;IMPORTATEUR_ANON_134;NINEA_ANON_630;001-E
2351036;Importation;2020-01-23 15:22:41.910;EnCours;Mer;IMPORTATEUR_ANON_4834;NINEA_ANON_425;001-I
2406787;Exportation;2020-05-15 14:29:50.797;EnCours;Mer;IMPORTATEUR_ANON_4843;NINEA_ANON_317;001-E
2610936;Exportation;2021-08-30 09:34:31.750;EnCours;Mer;IMPORTATEUR_ANON_8162;NINEA_ANON_299;001-E
2637515;Exportation;2021-10-28 19:39:16.927;EnCours;Mer;IMPORTATEUR_ANON_7371;NINEA_ANON_919;
2353301;Transit;2020-01-28 14:54:47.313;Initialise;Mer;IMPORTATEUR_ANON_5641;NINEA_ANON_972;001-E
2390435;Importation;2020-04-10 11:05:23.643;Initialise;Mer;IMPORTATEUR_ANON_4956;NINEA_ANON_248;001-I
2585465;Exportation;2021-06-28 18:14:34.877;EnCours;Mer;IMPORTATEUR_ANON_7333;NINEA_ANON_396;001-E
2688056;Importation;2022-02-17 13:36:01.840;EnCours;Mer;IMPORTATEUR_ANON_4424;NINEA_ANON_51;001-I
2387926;Importation;2020-04-03 11:21:05.280;EnCours;Mer;IMPORTATEUR_ANON_134;NINEA_ANON_630;001-I
2365965;Importation;2020-02-20 14:35:06.007;EnCours;Mer;IMPORTATEUR_ANON_2623;NINEA_ANON_939;001-I
2685218;Importation;2022-02-14 15:01:13.970;EnCours;Mer;IMPORTATEUR_ANON_6911;NINEA_ANON_365;001-I
2598914;Importation;2021-07-30 10:47:36.867;EnCours;Mer;IMPORTATEUR_ANON_6647;NINEA_ANON_337;001-I
2544214;Importation;2021-03-30 09:44:04.600;EnCours;Mer;IMPORTATEUR_ANON_3863;NINEA_ANON_628;001-I
2601980;Importation;2021-08-06 11:50:39.677;EnCours;Mer;IMPORTATEUR_ANON_5224;NINEA_ANON_559;001-I
2542199;Importation;2021-03-25 09:53:44.860;EnCours;Mer;IMPORTATEUR_ANON_7464;NINEA_ANON_545;001-I
2551342;Importation;2021-04-14 16:04:55.260;EnCours;Mer;IMPORTATEUR_ANON_7076;NINEA_ANON_662;001-I
2445271;Importation;2020-08-17 11:53:47.760;Initialise;Mer;IMPORTATEUR_ANON_4060;NINEA_ANON_533;001-I
2583204;Importation;2021-06-23 11:58:06.277;EnCours;Mer;IMPORTATEUR_ANON_2623;NINEA_ANON_14;001-I
2641003;Importation;2021-11-08 10:05:07.900;EnCours;Mer;IMPORTATEUR_ANON_6911;NINEA_ANON_365;001-I
2527971;Importation;2021-02-22 13:58:26.970;EnCours;Mer;IMPORTATEUR_ANON_6459;NINEA_ANON_864;001-I
2352838;Importation;2020-01-28 09:42:09.807;EnCours;Mer;IMPORTATEUR_ANON_1266;NINEA_ANON_635;
2643364;Importation;2021-11-11 15:04:21.767;EnCours;Mer;IMPORTATEUR_ANON_276;NINEA_ANON_9;001-I
2662835;Exportation;2021-12-22 14:38:19.733;EnCours;Mer;IMPORTATEUR_ANON_6359;NINEA_ANON_99;001-E
2615568;Importation;2021-09-08 15:49:39.410;EnCours;Mer;IMPORTATEUR_ANON_251;NINEA_ANON_721;001-I
2504202;Importation;2020-12-30 12:45:36.820;EnCours;Mer;IMPORTATEUR_ANON_4986;NINEA_ANON_516;001-I
2414861;Importation;2020-06-08 14:07:12.660;EnCours;Mer;IMPORTATEUR_ANON_9757;NINEA_ANON_433;001-I
2413032;Importation;2020-06-03 15:40:50.687;EnCours;Mer;IMPORTATEUR_ANON_8713;NINEA_ANON_398;001-I
2468126;Importation;2020-10-09 12:48:00.020;EnCours;Mer;IMPORTATEUR_ANON_9284;NINEA_ANON_956;001-I
2454929;Importation;2020-09-08 15:17:24.293;EnCours;Mer;IMPORTATEUR_ANON_9322;NINEA_ANON_87;001-I
2473525;Importation;2020-10-21 15:07:27.657;EnCours;Mer;IMPORTATEUR_ANON_9202;NINEA_ANON_628;001-I
2583956;Importation;2021-06-24 15:33:58.233;EnCours;Mer;IMPORTATEUR_ANON_3923;NINEA_ANON_709;001-I
2485878;Transit;2020-11-18 09:26:27.907;Initialise;Mer;IMPORTATEUR_ANON_9469;NINEA_ANON_50;001-E
2404044;Importation;2020-05-11 09:33:29.700;EnCours;Mer;IMPORTATEUR_ANON_8494;NINEA_ANON_245;001-I
2596272;Importation;2021-07-26 09:50:21.523;EnCours;Mer;IMPORTATEUR_ANON_3428;NINEA_ANON_29;
2602323;Exportation;2021-08-07 14:44:04.950;EnCours;Mer;IMPORTATEUR_ANON_9376;NINEA_ANON_250;001-E
2429180;Exportation;2020-07-09 13:15:51.563;Initialise;Mer;IMPORTATEUR_ANON_3863;NINEA_ANON_628;001-E
2528644;Exportation;2021-02-23 14:19:12.027;EnCours;Mer;IMPORTATEUR_ANON_5226;NINEA_ANON_735;001-E
2351849;Importation;2020-01-24 17:39:49.487;EnCours;Mer;IMPORTATEUR_ANON_8659;NINEA_ANON_544;001-I
2464115;Exportation;2020-09-29 11:47:17.710;Initialise;Mer;IMPORTATEUR_ANON_7789;NINEA_ANON_514;001-E
2532739;Importation;2021-03-04 12:32:15.380;EnCours;Mer;IMPORTATEUR_ANON_4015;NINEA_ANON_451;001-I
2499268;Importation;2020-12-17 09:59:20.697;EnCours;Mer;IMPORTATEUR_ANON_1366;NINEA_ANON_736;001-I
2624618;Importation;2021-09-30 08:29:09.467;EnCours;Mer;IMPORTATEUR_ANON_7464;NINEA_ANON_545;001-I
2343879;Importation;2020-01-10 12:31:46.300;EnCours;Mer;IMPORTATEUR_ANON_5918;NINEA_ANON_76;001-I
2662955;Importation;2021-12-22 16:15:12.350;EnCours;Mer;IMPORTATEUR_ANON_8958;NINEA_ANON_25;001-I
2688258;Importation;2022-02-17 16:24:48.363;Initialise;Mer;IMPORTATEUR_ANON_7544;NINEA_ANON_416;001-I
2536773;Importation;2021-03-15 13:10:51.600;EnCours;Mer;IMPORTATEUR_ANON_7512;NINEA_ANON_346;001-I
2541894;Exportation;2021-03-24 14:08:58.663;EnCours;Mer;IMPORTATEUR_ANON_4060;NINEA_ANON_533;001-E
2607835;Exportation;2021-08-23 10:09:25.870;EnCours;Mer;IMPORTATEUR_ANON_4979;NINEA_ANON_181;001-E
2423691;Importation;2020-06-26 16:58:21.027;Initialise;Mer;IMPORTATEUR_ANON_2108;NINEA_ANON_997;001-I
2404318;Exportation;2020-05-11 12:17:52.583;EnCours;Mer;IMPORTATEUR_ANON_843;NINEA_ANON_514;001-E
2639258;Importation;2021-11-03 12:06:01.673;EnCours;Mer;IMPORTATEUR_ANON_9564;NINEA_ANON_214;001-I
2422161;Importation;2020-06-24 11:38:43.867;EnCours;Mer;IMPORTATEUR_ANON_134;NINEA_ANON_630;001-I
2424206;Transit;2020-06-29 13:43:31.270;Initialise;Mer;IMPORTATEUR_ANON_3084;NINEA_ANON_351;001-E
2615172;Importation;2021-09-08 10:20:49.280;EnCours;Mer;IMPORTATEUR_ANON_3201;NINEA_ANON_455;001-I
2689961;Exportation;2022-02-21 15:35:58.363;EnCours;Mer;IMPORTATEUR_ANON_3843;NINEA_ANON_720;001-E
2342082;Importation;2020-01-08 09:18:16.523;Initialise;Mer;IMPORTATEUR_ANON_1546;NINEA_ANON_768;001-I
2427336;Réexportation;2020-07-06 15:10:06.903;EnCours;Mer;IMPORTATEUR_ANON_8839;NINEA_ANON_5;001-E
2589306;Exportation;2021-07-06 14:23:14.893;EnCours;Mer;IMPORTATEUR_ANON_3923;NINEA_ANON_709;001-E
2529181;Importation;2021-02-24 13:02:39.910;EnCours;Mer;IMPORTATEUR_ANON_134;NINEA_ANON_630;
2367478;Importation;2020-02-24 16:06:42.253;EnCours;Mer;IMPORTATEUR_ANON_3529;NINEA_ANON_213;001-I
2545517;Importation;2021-04-01 10:20:25.407;EnCours;Mer;IMPORTATEUR_ANON_428;NINEA_ANON_244;001-I
2656078;Importation;2021-12-08 11:11:14.050;EnCours;Mer;IMPORTATEUR_ANON_3951;NINEA_ANON_125;001-I
2666699;Exportation;2022-01-03 08:49:45.643;EnCours;Mer;IMPORTATEUR_ANON_134;NINEA_ANON_630;001-E
2343477;Importation;2020-01-09 18:05:16.490;EnCours;Mer;IMPORTATEUR_ANON_7464;NINEA_ANON_545;001-I
2507588;Importation;2021-01-11 09:23:54.070;EnCours;Mer;IMPORTATEUR_ANON_7959;NINEA_ANON_373;001-I
2399484;Importation;2020-05-04 12:58:32.623;EnCours;Mer;IMPORTATEUR_ANON_1145;NINEA_ANON_975;001-I
2583336;Importation;2021-06-23 14:01:45.783;EnCours;Mer;IMPORTATEUR_ANON_6863;NINEA_ANON_240;001-I
2576842;Importation;2021-06-10 10:27:06.737;Initialise;Mer;IMPORTATEUR_ANON_7241;NINEA_ANON_415;001-I
2583913;Importation;2021-06-24 15:02:52.710;EnCours;Mer;IMPORTATEUR_ANON_1802;NINEA_ANON_661;001-I
2571878;Exportation;2021-05-31 13:39:20.403;EnCours;Mer;IMPORTATEUR_ANON_4979;NINEA_ANON_181;001-E
2683841;Transit;2022-02-10 15:09:25.360;Initialise;Mer;IMPORTATEUR_ANON_6468;NINEA_ANON_463;001-E
2613611;Importation;2021-09-03 15:42:37.140;EnCours;Mer;IMPORTATEUR_ANON_8487;NINEA_ANON_489;001-I
2649950;Importation;2021-11-25 08:53:33.747;EnCours;Mer;IMPORTATEUR_ANON_2653;NINEA_ANON_576;001-I
2650593;Importation;2021-11-26 10:02:30.560;EnCours;Mer;IMPORTATEUR_ANON_3951;NINEA_ANON_125;001-I
2682598;Importation;2022-02-09 11:08:17.417;EnCours;Mer;IMPORTATEUR_ANON_9889;NINEA_ANON_389;001-I
2680867;Importation;2022-02-04 10:53:46.180;EnCours;Mer;IMPORTATEUR_ANON_2623;NINEA_ANON_14;001-I
2453249;Importation;2020-09-03 17:35:20.000;Initialise;Mer;IMPORTATEUR_ANON_5932;NINEA_ANON_719;001-I
2664472;Importation;2021-12-27 13:32:27.763;EnCours;Mer;IMPORTATEUR_ANON_5906;NINEA_ANON_645;001-I
2445600;Importation;2020-08-17 17:54:22.980;EnCours;Mer;IMPORTATEUR_ANON_4426;NINEA_ANON_93;001-I
2460433;Importation;2020-09-21 13:54:28.680;EnCours;Mer;IMPORTATEUR_ANON_4110;NINEA_ANON_530;001-I
2632428;Importation;2021-10-18 12:55:22.237;EnCours;Mer;IMPORTATEUR_ANON_3660;NINEA_ANON_379;001-I
2463503;Importation;2020-09-28 12:02:23.903;EnCours;Mer;IMPORTATEUR_ANON_5760;NINEA_ANON_572;001-I
2691660;Importation;2022-02-23 16:42:56.373;EnCours;Mer;IMPORTATEUR_ANON_2308;NINEA_ANON_475;001-I
2601511;Importation;2021-08-05 12:36:51.060;EnCours;Mer;IMPORTATEUR_ANON_9549;NINEA_ANON_951;
2534879;Importation;2021-03-10 16:46:42.080;EnCours;Mer;IMPORTATEUR_ANON_5864;NINEA_ANON_371;001-I
2379968;Importation;2020-03-17 14:49:38.650;EnCours;Mer;IMPORTATEUR_ANON_1893;NINEA_ANON_932;001-I
2464734;Importation;2020-09-30 11:55:40.840;EnCours;Mer;IMPORTATEUR_ANON_3614;NINEA_ANON_961;001-I
2612984;Importation;2021-09-02 15:00:21.750;EnCours;Mer;IMPORTATEUR_ANON_1847;NINEA_ANON_175;001-I
2385314;Transit;2020-03-30 08:35:47.540;Initialise;Mer;IMPORTATEUR_ANON_3144;NINEA_ANON_548;001-E
2437733;Importation;2020-07-29 14:53:28.550;EnCours;Mer;IMPORTATEUR_ANON_4426;NINEA_ANON_93;001-I
2623156;Importation;2021-09-24 16:28:46.257;EnCours;Mer;IMPORTATEUR_ANON_991;NINEA_ANON_456;001-I
2640900;Importation;2021-11-06 17:54:14.953;EnCours;Mer;IMPORTATEUR_ANON_134;NINEA_ANON_630;001-I
2454575;Importation;2020-09-08 10:18:26.340;EnCours;Mer;IMPORTATEUR_ANON_3863;NINEA_ANON_628;001-I
2576804;Importation;2021-06-10 09:58:05.837;EnCours;Mer;IMPORTATEUR_ANON_8713;NINEA_ANON_398;001-I
2630651;Importation;2021-10-13 15:02:59.820;Initialise;Mer;IMPORTATEUR_ANON_4965;NINEA_ANON_170;001-I
2661429;Importation;2021-12-20 12:27:27.030;Initialise;Mer;IMPORTATEUR_ANON_4979;NINEA_ANON_181;001-I
2474821;Transit;2020-10-24 11:46:56.830;Initialise;Mer;IMPORTATEUR_ANON_8563;NINEA_ANON_50;001-E
2386076;Importation;2020-03-31 10:35:46.883;EnCours;Mer;IMPORTATEUR_ANON_1793;NINEA_ANON_614;001-I
2541512;Importation;2021-03-24 08:52:43.897;EnCours;Mer;IMPORTATEUR_ANON_1818;NINEA_ANON_980;001-I
2568809;Importation;2021-05-25 11:27:06.713;EnCours;Mer;IMPORTATEUR_ANON_9284;NINEA_ANON_956;001-I
2641824;Importation;2021-11-09 15:14:21.480;EnCours;Mer;IMPORTATEUR_ANON_134;NINEA_ANON_630;001-I
2570846;Exportation;2021-05-28 09:59:44.100;EnCours;Mer;IMPORTATEUR_ANON_695;NINEA_ANON_485;001-E
2610138;Exportation;2021-08-26 16:24:03.310;EnCours;Mer;IMPORTATEUR_ANON_4507;NINEA_ANON_900;001-E
2644109;Exportation;2021-11-14 14:37:03.900;EnCours;Mer;IMPORTATEUR_ANON_1061;NINEA_ANON_800;001-E
2576580;Importation;2021-06-09 15:00:01.417;EnCours;Mer;IMPORTATEUR_ANON_2398;NINEA_ANON_734;001-I
2477958;Importation;2020-11-02 15:44:48.110;EnCours;Mer;IMPORTATEUR_ANON_4144;NINEA_ANON_968;001-I
2631264;Importation;2021-10-14 15:32:56.340;EnCours;Mer;IMPORTATEUR_ANON_354;NINEA_ANON_870;001-I
2645884;Importation;2021-11-17 11:52:44.880;EnCours;Mer;IMPORTATEUR_ANON_5155;NINEA_ANON_140;
2681820;Importation;2022-02-08 13:16:35.800;Initialise;Mer;IMPORTATEUR_ANON_3929;NINEA_ANON_382;001-I
2678163;Importation;2022-01-28 16:25:01.243;EnCours;Mer;IMPORTATEUR_ANON_6509;NINEA_ANON_344;001-I
2476400;Importation;2020-10-28 11:41:43.410;EnCours;Mer;IMPORTATEUR_ANON_3849;NINEA_ANON_614;001-I
2440008;Transit;2020-08-06 11:05:34.510;Initialise;Mer;IMPORTATEUR_ANON_4141;NINEA_ANON_940;001-E
2692174;Importation;2022-02-24 13:00:30.753;EnCours;Mer;IMPORTATEUR_ANON_134;NINEA_ANON_630;001-I
2566154;Importation;2021-05-18 13:18:41.563;Initialise;Mer;IMPORTATEUR_ANON_7241;NINEA_ANON_415;001-I
2458447;Importation;2020-09-16 09:57:39.550;EnCours;Mer;IMPORTATEUR_ANON_4663;NINEA_ANON_805;001-I
2531388;Importation;2021-03-02 10:23:40.020;EnCours;Mer;IMPORTATEUR_ANON_9284;NINEA_ANON_956;001-I
2604250;Exportation;2021-08-12 08:26:26.630;EnCours;Mer;IMPORTATEUR_ANON_1088;NINEA_ANON_280;001-E
2585199;Importation;2021-06-28 13:35:02.717;EnCours;Mer;IMPORTATEUR_ANON_6958;NINEA_ANON_955;001-I
2626153;Importation;2021-10-04 12:51:55.770;EnCours;Mer;IMPORTATEUR_ANON_286;NINEA_ANON_686;001-I
2558497;Importation;2021-04-29 10:53:15.090;EnCours;Mer;IMPORTATEUR_ANON_3784;NINEA_ANON_511;001-I
2664872;Importation;2021-12-28 11:24:53.817;Initialise;Mer;IMPORTATEUR_ANON_5799;NINEA_ANON_110;001-I
2395065;Importation;2020-04-22 11:15:54.030;EnCours;Mer;IMPORTATEUR_ANON_9797;NINEA_ANON_844;001-I
2538521;Importation;2021-03-17 17:44:38.443;EnCours;Mer;IMPORTATEUR_ANON_9751;NINEA_ANON_926;001-I
2616820;Importation;2021-09-10 14:55:34.967;EnCours;Mer;IMPORTATEUR_ANON_5760;NINEA_ANON_572;001-I
2567001;Importation;2021-05-19 16:01:15.623;EnCours;Mer;IMPORTATEUR_ANON_7464;NINEA_ANON_545;001-I
2341007;Importation;2020-01-06 13:56:33.880;Initialise;Mer;IMPORTATEUR_ANON_8958;NINEA_ANON_25;001-I
2566623;Importation;2021-05-19 10:16:00.020;EnCours;Mer;IMPORTATEUR_ANON_7462;NINEA_ANON_53;001-I
2359724;Exportation;2020-02-10 14:05:18.703;EnCours;Mer;IMPORTATEUR_ANON_2324;NINEA_ANON_897;001-E
2657925;Exportation;2021-12-13 11:43:55.660;EnCours;Mer;IMPORTATEUR_ANON_8329;NINEA_ANON_379;001-E
2369496;Importation;2020-02-27 10:56:46.907;EnCours;Mer;IMPORTATEUR_ANON_1827;NINEA_ANON_956;001-I
2659537;Exportation;2021-12-15 13:32:20.697;EnCours;Mer;IMPORTATEUR_ANON_3599;NINEA_ANON_616;001-E
2547564;Exportation;2021-04-07 11:07:19.497;EnCours;Mer;IMPORTATEUR_ANON_5881;NINEA_ANON_839;001-E
2486794;Importation;2020-11-19 14:13:05.483;EnCours;Mer;IMPORTATEUR_ANON_6109;NINEA_ANON_312;001-I
2651584;Importation;2021-11-29 12:56:52.963;EnCours;Mer;IMPORTATEUR_ANON_7289;NINEA_ANON_748;
2691860;Importation;2022-02-24 09:53:32.827;EnCours;Mer;IMPORTATEUR_ANON_1748;NINEA_ANON_886;
2406973;Exportation;2020-05-18 09:03:50.397;EnCours;Mer;IMPORTATEUR_ANON_278;NINEA_ANON_355;001-E
2591867;Importation;2021-07-12 10:40:55.783;EnCours;Mer;IMPORTATEUR_ANON_1146;NINEA_ANON_317;001-I
2564747;Importation;2021-05-14 11:06:31.533;Initialise;Mer;IMPORTATEUR_ANON_6754;NINEA_ANON_897;001-I
2373082;Importation;2020-03-04 15:26:34.893;EnCours;Mer;IMPORTATEUR_ANON_7569;NINEA_ANON_834;001-I
2628036;Importation;2021-10-07 13:25:42.540;EnCours;Mer;IMPORTATEUR_ANON_449;NINEA_ANON_857;001-I
2629317;Importation;2021-10-11 13:57:00.090;Initialise;Mer;IMPORTATEUR_ANON_7121;NINEA_ANON_533;001-I
2568919;Importation;2021-05-25 12:24:18.910;EnCours;Mer;IMPORTATEUR_ANON_9284;NINEA_ANON_956;001-I
2359621;Importation;2020-02-10 13:01:43.323;Initialise;Mer;IMPORTATEUR_ANON_3488;NINEA_ANON_34;001-I
2585681;Importation;2021-06-29 10:34:55.000;EnCours;Mer;IMPORTATEUR_ANON_1914;NINEA_ANON_156;001-I
2644265;Importation;2021-11-15 10:35:47.590;EnCours;Mer;IMPORTATEUR_ANON_3951;NINEA_ANON_125;001-I
2357155;Importation;2020-02-05 10:47:47.327;EnCours;Mer;IMPORTATEUR_ANON_1614;NINEA_ANON_766;001-I
2460727;Importation;2020-09-22 09:37:34.327;Initialise;Mer;IMPORTATEUR_ANON_7462;NINEA_ANON_53;001-I
2473932;Importation;2020-10-22 11:59:53.360;EnCours;Mer;IMPORTATEUR_ANON_8011;NINEA_ANON_856;001-I
2630139;Importation;2021-10-12 16:22:01.150;EnCours;Mer;IMPORTATEUR_ANON_1802;NINEA_ANON_661;001-I
2672961;Exportation;2022-01-18 10:02:35.957;EnCours;Mer;IMPORTATEUR_ANON_29;NINEA_ANON_562;001-E
2573364;Importation;2021-06-02 15:43:07.030;Initialise;Mer;IMPORTATEUR_ANON_3768;NINEA_ANON_664;001-I
2374849;Exportation;2020-03-09 11:03:41.507;EnCours;Mer;IMPORTATEUR_ANON_880;NINEA_ANON_616;001-E
2375800;Importation;2020-03-10 11:05:27.093;EnCours;Mer;IMPORTATEUR_ANON_5542;NINEA_ANON_534;001-I
2523732;Importation;2021-02-12 10:05:12.907;EnCours;Mer;IMPORTATEUR_ANON_9628;NINEA_ANON_405;001-I
2503514;Importation;2020-12-29 09:55:04.873;EnCours;Mer;IMPORTATEUR_ANON_3235;NINEA_ANON_465;001-I
2611361;Importation;2021-08-30 16:22:15.777;EnCours;Mer;IMPORTATEUR_ANON_3407;NINEA_ANON_467;001-I
2466307;Importation;2020-10-05 10:27:36.527;EnCours;Mer;IMPORTATEUR_ANON_8393;NINEA_ANON_650;001-I
2536736;Importation;2021-03-15 12:45:01.273;EnCours;Mer;IMPORTATEUR_ANON_3784;NINEA_ANON_511;001-I
2585632;Exportation;2021-06-29 10:04:27.953;EnCours;Mer;IMPORTATEUR_ANON_1088;NINEA_ANON_280;001-E
2433607;Importation;2020-07-20 15:01:15.877;EnCours;Mer;IMPORTATEUR_ANON_7987;NINEA_ANON_839;001-I
2609615;Importation;2021-08-26 09:00:16.783;EnCours;Mer;IMPORTATEUR_ANON_4510;NINEA_ANON_189;001-I
2685895;Importation;2022-02-15 12:08:08.120;EnCours;Mer;IMPORTATEUR_ANON_819;NINEA_ANON_349;001-I
2539526;Importation;2021-03-19 11:49:32.547;EnCours;Mer;IMPORTATEUR_ANON_428;NINEA_ANON_244;001-I
2444317;Importation;2020-08-13 15:47:36.840;EnCours;Mer;IMPORTATEUR_ANON_4424;NINEA_ANON_51;001-I
2351483;Importation;2020-01-24 11:35:27.607;EnCours;Mer;IMPORTATEUR_ANON_7409;NINEA_ANON_272;001-I
2629883;Importation;2021-10-12 12:27:50.803;EnCours;Mer;IMPORTATEUR_ANON_134;NINEA_ANON_630;001-I
2432384;Exportation;2020-07-16 15:02:37.087;Initialise;Mer;IMPORTATEUR_ANON_6755;NINEA_ANON_439;001-E
2602672;Importation;2021-08-09 12:11:40.743;EnCours;Mer;IMPORTATEUR_ANON_2623;NINEA_ANON_14;001-I
2459070;Exportation;2020-09-17 10:02:35.107;EnCours;Mer;IMPORTATEUR_ANON_6681;NINEA_ANON_809;001-E
2647231;Exportation;2021-11-19 10:19:51.380;EnCours;Mer;IMPORTATEUR_ANON_4843;NINEA_ANON_317;001-E
2669251;Importation;2022-01-10 10:39:34.700;EnCours;Mer;IMPORTATEUR_ANON_6644;NINEA_ANON_863;001-I
2690198;Importation;2022-02-22 09:05:51.383;EnCours;Mer;IMPORTATEUR_ANON_4324;NINEA_ANON_836;
2618713;Importation;2021-09-15 13:51:13.960;EnCours;Mer;IMPORTATEUR_ANON_9802;NINEA_ANON_527;001-I
2683485;Importation;2022-02-10 10:54:14.287;EnCours;Mer;IMPORTATEUR_ANON_1426;NINEA_ANON_616;001-I
2681171;Importation;2022-02-04 16:06:56.977;EnCours;Mer;IMPORTATEUR_ANON_8686;NINEA_ANON_624;001-I
2537876;Importation;2021-03-17 09:32:24.387;Initialise;Mer;IMPORTATEUR_ANON_417;NINEA_ANON_297;001-I
2364294;Importation;2020-02-18 12:15:58.560;EnCours;Mer;IMPORTATEUR_ANON_3768;NINEA_ANON_664;001-I
2673625;Importation;2022-01-19 09:33:42.900;EnCours;Mer;IMPORTATEUR_ANON_4427;NINEA_ANON_461;001-I
2456870;Importation;2020-09-11 15:11:24.503;Initialise;Mer;IMPORTATEUR_ANON_5084;NINEA_ANON_911;001-I
2524184;Importation;2021-02-13 12:39:59.627;EnCours;Mer;IMPORTATEUR_ANON_9750;NINEA_ANON_628;001-I
2575538;Exportation;2021-06-08 10:23:12.440;EnCours;Mer;IMPORTATEUR_ANON_5978;NINEA_ANON_615;001-E
2620139;Importation;2021-09-18 16:40:47.167;EnCours;Mer;IMPORTATEUR_ANON_4390;NINEA_ANON_898;001-I
2597112;Importation;2021-07-27 11:35:46.653;EnCours;Mer;IMPORTATEUR_ANON_2108;NINEA_ANON_997;001-I
2396091;Transit;2020-04-24 09:26:19.960;Initialise;Mer;IMPORTATEUR_ANON_195;NINEA_ANON_708;001-E
2600580;Importation;2021-08-03 17:21:03.147;Initialise;Mer;IMPORTATEUR_ANON_2565;NINEA_ANON_603;001-I
2619440;Importation;2021-09-16 15:59:19.877;EnCours;Mer;IMPORTATEUR_ANON_7289;NINEA_ANON_748;
2460763;Importation;2020-09-22 09:58:15.760;EnCours;Mer;IMPORTATEUR_ANON_825;NINEA_ANON_51;001-I
2501389;Importation;2020-12-22 12:11:40.170;EnCours;Mer;IMPORTATEUR_ANON_2187;NINEA_ANON_654;
2554828;Transit;2021-04-21 15:39:43.233;EnCours;Mer;IMPORTATEUR_ANON_8453;NINEA_ANON_993;001-E
2639178;Importation;2021-11-03 11:07:35.290;EnCours;Mer;IMPORTATEUR_ANON_8713;NINEA_ANON_398;001-I
2673955;Exportation;2022-01-19 14:16:27.270;EnCours;Mer;IMPORTATEUR_ANON_62;NINEA_ANON_514;001-E
2468160;Importation;2020-10-09 13:15:11.700;EnCours;Mer;IMPORTATEUR_ANON_5434;NINEA_ANON_494;001-I
2407248;Exportation;2020-05-18 12:22:29.537;EnCours;Mer;IMPORTATEUR_ANON_4979;NINEA_ANON_181;001-E
2673883;Importation;2022-01-19 12:48:54.923;EnCours;Mer;IMPORTATEUR_ANON_4424;NINEA_ANON_51;001-I
2468027;Importation;2020-10-09 11:32:50.523;EnCours;Mer;IMPORTATEUR_ANON_4590;NINEA_ANON_266;001-I
2506580;Importation;2021-01-07 11:00:38.817;EnCours;Mer;IMPORTATEUR_ANON_8555;NINEA_ANON_265;001-I
2535940;Exportation;2021-03-12 12:48:56.690;EnCours;Mer;IMPORTATEUR_ANON_6539;NINEA_ANON_481;001-E
2570468;Exportation;2021-05-27 13:10:42.423;EnCours;Mer;IMPORTATEUR_ANON_4744;NINEA_ANON_222;001-E
2631804;Importation;2021-10-15 12:06:22.797;EnCours;Mer;IMPORTATEUR_ANON_2108;NINEA_ANON_997;001-I
2402910;Importation;2020-05-07 10:25:39.550;EnCours;Mer;IMPORTATEUR_ANON_1088;NINEA_ANON_280;001-I
2467049;Importation;2020-10-07 15:41:05.107;EnCours;Mer;IMPORTATEUR_ANON_5760;NINEA_ANON_572;001-I
2679381;Importation;2022-02-01 13:55:04.290;Initialise;Mer;IMPORTATEUR_ANON_3930;NINEA_ANON_693;001-I
2339337;Importation;2020-01-02 11:04:36.583;EnCours;Mer;IMPORTATEUR_ANON_5743;NINEA_ANON_242;001-I
2627910;Importation;2021-10-07 11:49:33.513;EnCours;Mer;IMPORTATEUR_ANON_134;NINEA_ANON_630;001-I
2541240;Importation;2021-03-23 13:31:10.277;EnCours;Mer;IMPORTATEUR_ANON_9284;NINEA_ANON_956;001-I
2477599;Importation;2020-11-02 11:10:48.473;EnCours;Mer;IMPORTATEUR_ANON_5841;NINEA_ANON_342;001-I
2416990;Importation;2020-06-12 09:20:42.110;Initialise;Mer;IMPORTATEUR_ANON_2949;NINEA_ANON_738;001-I
2520362;Exportation;2021-02-04 14:38:18.150;EnCours;Mer;IMPORTATEUR_ANON_278;NINEA_ANON_355;001-E
2526634;Importation;2021-02-18 14:51:11.343;Initialise;Mer;IMPORTATEUR_ANON_9750;NINEA_ANON_672;001-I
2429997;Importation;2020-07-11 12:28:20.333;EnCours;Mer;IMPORTATEUR_ANON_1666;NINEA_ANON_602;001-I
2380963;Importation;2020-03-19 09:50:25.760;EnCours;Mer;IMPORTATEUR_ANON_2085;NINEA_ANON_653;001-I
2584539;Exportation;2021-06-25 14:10:32.397;EnCours;Mer;IMPORTATEUR_ANON_7333;NINEA_ANON_396;001-E
2428708;Importation;2020-07-08 15:41:05.070;EnCours;Mer;IMPORTATEUR_ANON_2303;NINEA_ANON_96;001-I
2512492;Importation;2021-01-19 16:36:06.997;EnCours;Mer;IMPORTATEUR_ANON_5864;NINEA_ANON_371;001-I
2517963;Importation;2021-01-31 20:36:50.827;EnCours;Mer;IMPORTATEUR_ANON_3570;NINEA_ANON_48;001-I
2579841;Exportation;2021-06-16 11:51:18.590;EnCours;Mer;IMPORTATEUR_ANON_6808;NINEA_ANON_514;001-E
2462201;Importation;2020-09-24 12:40:44.580;EnCours;Mer;IMPORTATEUR_ANON_5622;NINEA_ANON_143;001-I
2528571;Importation;2021-02-23 13:02:55.903;EnCours;Mer;IMPORTATEUR_ANON_162;NINEA_ANON_521;001-I
2608636;Importation;2021-08-24 11:16:47.067;EnCours;Mer;IMPORTATEUR_ANON_3951;NINEA_ANON_125;001-I
2663863;Importation;2021-12-24 12:29:17.570;EnCours;Mer;IMPORTATEUR_ANON_7842;NINEA_ANON_498;001-I
2505337;Importation;2021-01-04 16:39:18.167;EnCours;Mer;IMPORTATEUR_ANON_8365;NINEA_ANON_84;001-I
2427702;Exportation;2020-07-07 10:09:26.070;EnCours;Mer;IMPORTATEUR_ANON_29;NINEA_ANON_514;001-E
2591873;Exportation;2021-07-12 10:41:25.910;EnCours;Mer;IMPORTATEUR_ANON_1061;NINEA_ANON_800;001-E
2497895;Exportation;2020-12-14 19:25:50.993;EnCours;Mer;IMPORTATEUR_ANON_7333;NINEA_ANON_396;001-E
2418773;Transit;2020-06-16 14:48:40.517;EnCours;Mer;IMPORTATEUR_ANON_4060;NINEA_ANON_533;001-E
2623853;Importation;2021-09-28 16:27:44.010;EnCours;Mer;IMPORTATEUR_ANON_9284;NINEA_ANON_956;001-I
2470108;Importation;2020-10-14 10:53:14.750;EnCours;Mer;IMPORTATEUR_ANON_2098;NINEA_ANON_961;001-I
2563918;Importation;2021-05-11 12:46:50.747;EnCours;Mer;IMPORTATEUR_ANON_8487;NINEA_ANON_489;001-I
2556069;Importation;2021-04-23 16:18:33.583;EnCours;Mer;IMPORTATEUR_ANON_191;NINEA_ANON_164;001-I
2475845;Importation;2020-10-27 12:22:47.880;EnCours;Mer;IMPORTATEUR_ANON_9749;NINEA_ANON_190;001-I
2497001;Importation;2020-12-11 15:11:13.553;EnCours;Mer;IMPORTATEUR_ANON_1936;NINEA_ANON_930;001-I
2627516;Importation;2021-10-06 14:03:13.820;EnCours;Mer;IMPORTATEUR_ANON_1668;NINEA_ANON_291;001-I
2627351;Exportation;2021-10-06 11:28:10.407;EnCours;Mer;IMPORTATEUR_ANON_6574;NINEA_ANON_72;001-E
2434204;Importation;2020-07-21 15:39:21.290;EnCours;Mer;IMPORTATEUR_ANON_9542;NINEA_ANON_129;001-I
2544237;Importation;2021-03-30 10:02:27.903;EnCours;Mer;IMPORTATEUR_ANON_2575;NINEA_ANON_985;001-I
2545918;Exportation;2021-04-01 16:35:57.977;EnCours;Mer;IMPORTATEUR_ANON_405;NINEA_ANON_0;
2572659;Exportation;2021-06-01 15:28:12.940;EnCours;Mer;IMPORTATEUR_ANON_5458;NINEA_ANON_44;001-E
2646431;Importation;2021-11-18 10:12:10.957;EnCours;Mer;IMPORTATEUR_ANON_7166;NINEA_ANON_390;001-I
2408569;Importation;2020-05-20 15:38:08.110;EnCours;Mer;IMPORTATEUR_ANON_5976;NINEA_ANON_879;001-I
2361631;Exportation;2020-02-12 16:25:07.403;EnCours;Mer;IMPORTATEUR_ANON_5978;NINEA_ANON_615;001-E
2364561;Importation;2020-02-18 15:21:59.910;Initialise;Mer;IMPORTATEUR_ANON_3765;NINEA_ANON_133;001-I
2538537;Importation;2021-03-17 18:24:41.257;EnCours;Mer;IMPORTATEUR_ANON_4399;NINEA_ANON_726;001-I
2592522;Importation;2021-07-13 10:54:28.823;EnCours;Mer;IMPORTATEUR_ANON_6935;NINEA_ANON_602;001-I
2377975;Importation;2020-03-13 09:57:24.600;EnCours;Mer;IMPORTATEUR_ANON_134;NINEA_ANON_630;001-I
2533111;Importation;2021-03-05 11:01:50.237;EnCours;Mer;IMPORTATEUR_ANON_6287;NINEA_ANON_357;001-I
2514246;Transit;2021-01-22 12:38:38.527;Initialise;Mer;IMPORTATEUR_ANON_6468;NINEA_ANON_904;001-E
2632736;Importation;2021-10-20 09:41:54.203;EnCours;Mer;IMPORTATEUR_ANON_5992;NINEA_ANON_265;001-I
2352110;Transit;2020-01-27 10:16:59.373;Initialise;Mer;IMPORTATEUR_ANON_3144;NINEA_ANON_548;001-E
2609093;Exportation;2021-08-25 08:58:03.063;EnCours;Mer;IMPORTATEUR_ANON_2882;NINEA_ANON_439;001-E
2535975;Importation;2021-03-12 13:09:47.570;EnCours;Mer;IMPORTATEUR_ANON_6911;NINEA_ANON_365;001-I
2462772;Importation;2020-09-25 11:37:58.467;EnCours;Mer;IMPORTATEUR_ANON_8208;NINEA_ANON_946;001-I
2387545;Exportation;2020-04-02 14:18:39.673;EnCours;Mer;IMPORTATEUR_ANON_7789;NINEA_ANON_514;001-E
2501590;Importation;2020-12-22 15:33:37.990;Initialise;Mer;IMPORTATEUR_ANON_6680;NINEA_ANON_597;001-I
2525340;Importation;2021-02-16 14:49:25.860;Initialise;Mer;IMPORTATEUR_ANON_819;NINEA_ANON_656;001-I
2619184;Importation;2021-09-16 11:52:21.410;EnCours;Mer;IMPORTATEUR_ANON_85;NINEA_ANON_152;001-I
2630390;Importation;2021-10-13 10:57:53.930;EnCours;Mer;IMPORTATEUR_ANON_8444;NINEA_ANON_784;
2518830;Importation;2021-02-02 09:28:25.047;EnCours;Mer;IMPORTATEUR_ANON_5405;NINEA_ANON_471;001-I
2422785;Importation;2020-06-25 11:51:21.470;Initialise;Mer;IMPORTATEUR_ANON_1914;NINEA_ANON_93;001-I
2420801;Importation;2020-06-22 10:55:14.563;EnCours;Mer;IMPORTATEUR_ANON_2719;NINEA_ANON_911;001-I
2636236;Réexportation;2021-10-26 17:07:17.087;EnCours;Mer;IMPORTATEUR_ANON_6681;NINEA_ANON_809;001-E
2665261;Importation;2021-12-29 08:49:20.827;EnCours;Mer;IMPORTATEUR_ANON_819;NINEA_ANON_349;001-I
2427546;Transit;2020-07-07 08:19:29.767;Initialise;Mer;IMPORTATEUR_ANON_263;NINEA_ANON_708;001-E
2438499;Importation;2020-08-03 13:22:59.223;Initialise;Mer;IMPORTATEUR_ANON_6950;NINEA_ANON_498;001-I
2528273;Importation;2021-02-23 09:44:15.830;EnCours;Mer;IMPORTATEUR_ANON_4510;NINEA_ANON_189;001-I
2509844;Importation;2021-01-14 11:25:48.097;Initialise;Mer;IMPORTATEUR_ANON_5639;NINEA_ANON_593;001-I
2364152;Importation;2020-02-18 10:51:01.380;EnCours;Mer;IMPORTATEUR_ANON_2534;NINEA_ANON_511;001-I
2580806;Importation;2021-06-17 18:29:21.723;EnCours;Mer;IMPORTATEUR_ANON_6863;NINEA_ANON_240;001-I
2610466;Exportation;2021-08-27 11:37:01.650;EnCours;Mer;IMPORTATEUR_ANON_1146;NINEA_ANON_317;001-E
2640993;Importation;2021-11-08 09:54:38.867;EnCours;Mer;IMPORTATEUR_ANON_5867;NINEA_ANON_46;001-I
2604461;Importation;2021-08-12 11:54:35.617;EnCours;Mer;IMPORTATEUR_ANON_5957;NINEA_ANON_483;001-I
2453204;Importation;2020-09-03 16:19:59.613;EnCours;Mer;IMPORTATEUR_ANON_2016;NINEA_ANON_415;001-I
2437303;Exportation;2020-07-28 16:56:57.813;EnCours;Mer;IMPORTATEUR_ANON_679;NINEA_ANON_221;001-E
2492418;Importation;2020-12-02 10:17:19.837;EnCours;Mer;IMPORTATEUR_ANON_5369;NINEA_ANON_660;001-I
2480011;Exportation;2020-11-05 16:51:51.220;EnCours;Mer;IMPORTATEUR_ANON_9779;NINEA_ANON_750;001-E
2508515;Importation;2021-01-12 11:30:33.770;Initialise;Mer;IMPORTATEUR_ANON_8532;NINEA_ANON_461;001-I
2543788;Importation;2021-03-29 12:35:01.283;EnCours;Mer;IMPORTATEUR_ANON_3135;NINEA_ANON_687;001-I
2468407;Importation;2020-10-10 17:16:54.187;EnCours;Mer;IMPORTATEUR_ANON_7153;NINEA_ANON_453;001-I
2558104;Importation;2021-04-28 14:26:53.420;EnCours;Mer;IMPORTATEUR_ANON_2308;NINEA_ANON_475;001-I
2619557;Importation;2021-09-16 19:51:01.020;EnCours;Mer;IMPORTATEUR_ANON_3144;NINEA_ANON_548;001-I
2627634;Importation;2021-10-06 16:31:48.503;EnCours;Mer;IMPORTATEUR_ANON_5202;NINEA_ANON_385;001-I
2568240;Exportation;2021-05-21 15:45:06.180;EnCours;Mer;IMPORTATEUR_ANON_4979;NINEA_ANON_181;001-E
2638514;Importation;2021-11-02 11:04:12.680;EnCours;Mer;IMPORTATEUR_ANON_6006;NINEA_ANON_364;001-I
2679541;Importation;2022-02-01 16:48:24.857;EnCours;Mer;IMPORTATEUR_ANON_3660;NINEA_ANON_647;001-I
2693645;Importation;2022-02-28 13:00:36.980;EnCours;Mer;IMPORTATEUR_ANON_7551;NINEA_ANON_661;001-I
2548905;Importation;2021-04-09 11:12:03.277;EnCours;Mer;IMPORTATEUR_ANON_1783;NINEA_ANON_849;001-I
2617936;Importation;2021-09-14 11:25:42.477;Initialise;Mer;IMPORTATEUR_ANON_8975;NINEA_ANON_195;001-I
2384813;Importation;2020-03-27 10:21:10.607;Initialise;Mer;IMPORTATEUR_ANON_6983;NINEA_ANON_367;001-I
2411487;Transit;2020-05-29 15:00:33.697;Initialise;Mer;IMPORTATEUR_ANON_195;NINEA_ANON_708;001-E
2692100;Importation;2022-02-24 12:20:45.783;EnCours;Mer;IMPORTATEUR_ANON_7533;NINEA_ANON_993;001-I
2397888;Importation;2020-04-29 08:36:26.497;EnCours;Mer;IMPORTATEUR_ANON_9628;NINEA_ANON_405;001-I
2579035;Importation;2021-06-15 10:50:54.357;EnCours;Mer;IMPORTATEUR_ANON_4060;NINEA_ANON_533;001-I
2516265;Importation;2021-01-27 11:40:03.120;EnCours;Mer;IMPORTATEUR_ANON_6681;NINEA_ANON_809;001-I
2655079;Importation;2021-12-06 16:50:05.567;EnCours;Mer;IMPORTATEUR_ANON_3768;NINEA_ANON_664;001-I
2362944;Importation;2020-02-14 15:31:07.893;EnCours;Mer;IMPORTATEUR_ANON_134;NINEA_ANON_630;001-I
2647985;Exportation;2021-11-22 10:05:53.647;EnCours;Mer;IMPORTATEUR_ANON_5426;NINEA_ANON_897;001-E
2610741;Importation;2021-08-27 16:47:13.807;Initialise;Mer;IMPORTATEUR_ANON_7027;NINEA_ANON_246;001-I
2380883;Importation;2020-03-19 08:26:33.190;EnCours;Mer;IMPORTATEUR_ANON_7533;NINEA_ANON_993;001-I
2476746;Réexportation;2020-10-28 16:09:24.587;EnCours;Mer;IMPORTATEUR_ANON_7153;NINEA_ANON_453;001-E
2521691;Exportation;2021-02-08 15:13:22.787;EnCours;Mer;IMPORTATEUR_ANON_1088;NINEA_ANON_280;001-E
2501811;Exportation;2020-12-23 10:06:17.027;EnCours;Mer;IMPORTATEUR_ANON_638;NINEA_ANON_384;001-E
2602667;Importation;2021-08-09 12:08:42.667;EnCours;Mer;IMPORTATEUR_ANON_5760;NINEA_ANON_572;001-I
2469126;Importation;2020-10-12 16:19:09.283;EnCours;Mer;IMPORTATEUR_ANON_7533;NINEA_ANON_993;001-I
2492912;Importation;2020-12-02 17:25:41.840;EnCours;Mer;IMPORTATEUR_ANON_6107;NINEA_ANON_898;001-I
2346777;Exportation;2020-01-16 10:18:25.890;EnCours;Mer;IMPORTATEUR_ANON_4979;NINEA_ANON_181;001-E
2349759;Importation;2020-01-21 17:41:16.503;Initialise;Mer;IMPORTATEUR_ANON_5438;NINEA_ANON_9;001-I
2423289;Exportation;2020-06-26 10:37:52.170;EnCours;Mer;IMPORTATEUR_ANON_1146;NINEA_ANON_676;001-E
2586447;Importation;2021-06-30 12:11:59.543;EnCours;Mer;IMPORTATEUR_ANON_7533;NINEA_ANON_993;001-I
2609919;Importation;2021-08-26 12:46:48.663;EnCours;Mer;IMPORTATEUR_ANON_449;NINEA_ANON_857;
2613871;Importation;2021-09-06 09:20:01.747;EnCours;Mer;IMPORTATEUR_ANON_3438;NINEA_ANON_590;
2428226;Importation;2020-07-07 17:59:32.437;EnCours;Mer;IMPORTATEUR_ANON_8024;NINEA_ANON_60;001-I
2421939;Importation;2020-06-24 08:59:37.717;EnCours;Mer;IMPORTATEUR_ANON_9008;NINEA_ANON_224;001-I
2581335;Importation;2021-06-18 17:08:16.953;EnCours;Mer;IMPORTATEUR_ANON_6187;NINEA_ANON_791;001-I
2579996;Importation;2021-06-16 14:14:24.847;EnCours;Mer;IMPORTATEUR_ANON_7289;NINEA_ANON_748;
2535127;Importation;2021-03-11 10:44:38.830;EnCours;Mer;IMPORTATEUR_ANON_3923;NINEA_ANON_709;001-I
2670096;Importation;2022-01-11 13:48:38.470;Initialise;Mer;IMPORTATEUR_ANON_8198;NINEA_ANON_771;001-I
2593171;Importation;2021-07-14 11:01:50.410;EnCours;Mer;IMPORTATEUR_ANON_540;NINEA_ANON_460;001-I
2392010;Exportation;2020-04-15 11:33:43.997;EnCours;Mer;IMPORTATEUR_ANON_4303;NINEA_ANON_514;001-E
2599859;Importation;2021-08-02 14:57:23.027;Initialise;Mer;IMPORTATEUR_ANON_9677;NINEA_ANON_435;001-I
2616764;Importation;2021-09-10 13:04:56.213;EnCours;Mer;IMPORTATEUR_ANON_569;NINEA_ANON_299;001-I
2657127;Importation;2021-12-09 17:49:26.000;EnCours;Mer;IMPORTATEUR_ANON_6935;NINEA_ANON_602;001-I
2434398;Importation;2020-07-22 09:33:00.567;EnCours;Mer;IMPORTATEUR_ANON_2049;NINEA_ANON_206;001-I
2534527;Importation;2021-03-10 12:19:10.030;EnCours;Mer;IMPORTATEUR_ANON_6346;NINEA_ANON_300;001-I
2531272;Importation;2021-03-01 18:17:21.520;Initialise;Mer;IMPORTATEUR_ANON_2506;NINEA_ANON_212;001-I
2403312;Importation;2020-05-07 16:16:53.200;EnCours;Mer;IMPORTATEUR_ANON_9216;NINEA_ANON_379;001-I
2665313;Importation;2021-12-29 09:41:25.400;EnCours;Mer;IMPORTATEUR_ANON_134;NINEA_ANON_630;001-I
2675469;Exportation;2022-01-24 10:56:52.917;EnCours;Mer;IMPORTATEUR_ANON_6808;NINEA_ANON_485;001-E
2496656;Importation;2020-12-11 08:51:22.377;EnCours;Mer;IMPORTATEUR_ANON_3622;NINEA_ANON_278;001-I
2378551;Importation;2020-03-14 12:16:14.297;EnCours;Mer;IMPORTATEUR_ANON_2623;NINEA_ANON_939;001-I
2580063;Importation;2021-06-16 15:22:11.940;EnCours;Mer;IMPORTATEUR_ANON_7514;NINEA_ANON_521;001-I
2498679;Importation;2020-12-16 09:50:43.690;EnCours;Mer;IMPORTATEUR_ANON_5760;NINEA_ANON_572;001-I
2377948;Importation;2020-03-13 09:33:39.217;EnCours;Mer;IMPORTATEUR_ANON_134;NINEA_ANON_630;001-I
2635778;Importation;2021-10-26 11:14:06.853;EnCours;Mer;IMPORTATEUR_ANON_6873;NINEA_ANON_165;001-I
2672897;Exportation;2022-01-18 08:58:10.920;EnCours;Mer;IMPORTATEUR_ANON_412;NINEA_ANON_916;001-E
2468255;Exportation;2020-10-09 15:40:38.590;EnCours;Mer;IMPORTATEUR_ANON_28;NINEA_ANON_514;001-E
2663737;Importation;2021-12-24 10:37:21.573;EnCours;Mer;IMPORTATEUR_ANON_2783;NINEA_ANON_422;001-I
2388951;Exportation;2020-04-07 10:26:36.963;EnCours;Mer;IMPORTATEUR_ANON_6704;NINEA_ANON_420;001-E
2651208;Importation;2021-11-29 09:31:45.883;EnCours;Mer;IMPORTATEUR_ANON_9284;NINEA_ANON_956;001-I
2363195;Importation;2020-02-17 09:16:34.690;EnCours;Mer;IMPORTATEUR_ANON_3438;NINEA_ANON_590;001-I
2514824;Exportation;2021-01-25 11:47:18.150;EnCours;Mer;IMPORTATEUR_ANON_880;NINEA_ANON_616;001-E
2499655;Importation;2020-12-17 16:27:08.490;EnCours;Mer;IMPORTATEUR_ANON_8198;NINEA_ANON_48;001-I
2566053;Exportation;2021-05-18 12:10:34.890;EnCours;Mer;IMPORTATEUR_ANON_695;NINEA_ANON_485;001-E
2648392;Exportation;2021-11-22 14:43:29.637;EnCours;Mer;IMPORTATEUR_ANON_4979;NINEA_ANON_181;001-E
2693785;Exportation;2022-02-28 15:03:05.547;Initialise;Mer;IMPORTATEUR_ANON_2916;NINEA_ANON_693;001-E
2609714;Importation;2021-08-26 10:35:48.137;EnCours;Mer;IMPORTATEUR_ANON_8752;NINEA_ANON_241;001-I
2512532;Importation;2021-01-19 17:06:09.090;EnCours;Mer;IMPORTATEUR_ANON_4739;NINEA_ANON_973;001-I
2419967;Importation;2020-06-18 16:02:16.463;EnCours;Mer;IMPORTATEUR_ANON_134;NINEA_ANON_630;001-I
2620282;Importation;2021-09-20 10:21:53.910;EnCours;Mer;IMPORTATEUR_ANON_3257;NINEA_ANON_570;001-I
2424707;Importation;2020-06-30 11:37:33.740;EnCours;Mer;IMPORTATEUR_ANON_1827;NINEA_ANON_956;001-I
2647123;Transit;2021-11-19 09:26:32.690;Initialise;Mer;IMPORTATEUR_ANON_3144;NINEA_ANON_548;001-E
2658206;Importation;2021-12-13 14:49:08.077;EnCours;Mer;IMPORTATEUR_ANON_6067;NINEA_ANON_846;001-I
2681178;Exportation;2022-02-04 16:13:39.297;EnCours;Mer;IMPORTATEUR_ANON_9433;NINEA_ANON_98;001-E
2682450;Importation;2022-02-09 10:04:33.540;EnCours;Mer;IMPORTATEUR_ANON_5405;NINEA_ANON_859;001-I
2345802;Importation;2020-01-14 16:16:39.140;Initialise;Mer;IMPORTATEUR_ANON_2781;NINEA_ANON_210;001-I
2553026;Exportation;2021-04-19 10:40:21.743;EnCours;Mer;IMPORTATEUR_ANON_843;NINEA_ANON_514;001-E
2384008;Exportation;2020-03-25 13:41:51.827;EnCours;Mer;IMPORTATEUR_ANON_446;NINEA_ANON_530;001-E
2572723;Exportation;2021-06-01 16:02:26.130;Initialise;Mer;IMPORTATEUR_ANON_2970;NINEA_ANON_110;001-E
2566248;Importation;2021-05-18 14:53:11.390;EnCours;Mer;IMPORTATEUR_ANON_3923;NINEA_ANON_709;001-I
2576485;Importation;2021-06-09 12:58:18.360;EnCours;Mer;IMPORTATEUR_ANON_5926;NINEA_ANON_172;001-I
2344009;Importation;2020-01-10 14:49:16.677;EnCours;Mer;IMPORTATEUR_ANON_134;NINEA_ANON_630;001-I
2449319;Importation;2020-08-26 10:00:16.583;EnCours;Mer;IMPORTATEUR_ANON_6754;NINEA_ANON_358;001-I
2637075;Importation;2021-10-28 11:12:58.880;EnCours;Mer;IMPORTATEUR_ANON_4067;NINEA_ANON_379;
2340134;Importation;2020-01-03 11:19:10.520;EnCours;Mer;IMPORTATEUR_ANON_4475;NINEA_ANON_694;001-I
2358197;Importation;2020-02-06 14:36:02.577;Initialise;Mer;IMPORTATEUR_ANON_3765;NINEA_ANON_133;001-I
2506866;Importation;2021-01-07 15:20:03.703;EnCours;Mer;IMPORTATEUR_ANON_7533;NINEA_ANON_993;001-I
2502473;Importation;2020-12-24 11:10:45.857;Initialise;Mer;IMPORTATEUR_ANON_7153;NINEA_ANON_453;001-I
2567060;Importation;2021-05-19 16:52:28.813;EnCours;Mer;IMPORTATEUR_ANON_9868;NINEA_ANON_67;001-I
2530250;Importation;2021-02-26 11:25:44.780;EnCours;Mer;IMPORTATEUR_ANON_6681;NINEA_ANON_809;001-I
2581626;Importation;2021-06-21 10:57:21.090;EnCours;Mer;IMPORTATEUR_ANON_8713;NINEA_ANON_398;001-I
2555822;Importation;2021-04-23 11:57:39.270;EnCours;Mer;IMPORTATEUR_ANON_7116;NINEA_ANON_518;001-I
2463181;Importation;2020-09-28 09:01:28.140;EnCours;Mer;IMPORTATEUR_ANON_8895;NINEA_ANON_393;001-I
2474385;Importation;2020-10-23 10:20:29.957;Initialise;Mer;IMPORTATEUR_ANON_9284;NINEA_ANON_956;001-I
2597216;Importation;2021-07-27 12:36:41.297;EnCours;Mer;IMPORTATEUR_ANON_8685;NINEA_ANON_736;
2668018;Importation;2022-01-05 13:44:06.663;EnCours;Mer;IMPORTATEUR_ANON_6079;NINEA_ANON_216;001-I
2446716;Exportation;2020-08-19 15:50:53.043;EnCours;Mer;IMPORTATEUR_ANON_9433;NINEA_ANON_514;001-E
2399390;Importation;2020-05-04 12:01:56.797;EnCours;Mer;IMPORTATEUR_ANON_2261;NINEA_ANON_688;001-I
2598963;Importation;2021-07-30 11:17:33.257;EnCours;Mer;IMPORTATEUR_ANON_7914;NINEA_ANON_240;001-I
2503207;Importation;2020-12-28 15:00:25.107;Initialise;Mer;IMPORTATEUR_ANON_3204;NINEA_ANON_102;001-I
2524910;Importation;2021-02-16 07:41:50.260;EnCours;Mer;IMPORTATEUR_ANON_5867;NINEA_ANON_46;001-I
2377933;Exportation;2020-03-13 09:23:13.250;EnCours;Mer;IMPORTATEUR_ANON_9641;NINEA_ANON_320;001-E
2452370;Exportation;2020-09-02 12:09:29.223;EnCours;Mer;IMPORTATEUR_ANON_8587;NINEA_ANON_607;001-E
2687634;Exportation;2022-02-17 09:33:02.967;EnCours;Mer;IMPORTATEUR_ANON_1146;NINEA_ANON_755;001-E
2402801;Importation;2020-05-07 08:45:32.723;EnCours;Mer;IMPORTATEUR_ANON_1133;NINEA_ANON_122;001-I
2351785;Importation;2020-01-24 16:14:06.680;EnCours;Mer;IMPORTATEUR_ANON_4424;NINEA_ANON_51;001-I
2488231;Importation;2020-11-23 16:17:47.893;EnCours;Mer;IMPORTATEUR_ANON_2781;NINEA_ANON_721;001-I
2592722;Importation;2021-07-13 13:33:11.457;EnCours;Mer;IMPORTATEUR_ANON_4344;NINEA_ANON_927;001-I
2343082;Importation;2020-01-09 11:57:49.730;Initialise;Mer;IMPORTATEUR_ANON_3765;NINEA_ANON_133;001-I
2353242;Importation;2020-01-28 13:25:08.363;EnCours;Mer;IMPORTATEUR_ANON_4510;NINEA_ANON_189;001-I
2375415;Importation;2020-03-09 17:21:40.543;EnCours;Mer;IMPORTATEUR_ANON_6681;NINEA_ANON_809;001-I
2514663;Exportation;2021-01-25 10:34:45.423;EnCours;Mer;IMPORTATEUR_ANON_6681;NINEA_ANON_809;
2540512;Exportation;2021-03-22 13:42:54.950;EnCours;Mer;IMPORTATEUR_ANON_4979;NINEA_ANON_181;001-E
2409279;Importation;2020-05-26 08:49:17.027;EnCours;Mer;IMPORTATEUR_ANON_4510;NINEA_ANON_189;001-I
2561762;Exportation;2021-05-06 10:43:31.847;EnCours;Mer;IMPORTATEUR_ANON_1146;NINEA_ANON_676;001-E
2475718;Importation;2020-10-27 11:02:29.933;Initialise;Mer;IMPORTATEUR_ANON_4573;NINEA_ANON_688;001-I
2480387;Importation;2020-11-06 13:30:25.157;EnCours;Mer;IMPORTATEUR_ANON_9469;NINEA_ANON_667;001-I
2342465;Transit;2020-01-08 13:27:56.673;Initialise;Mer;IMPORTATEUR_ANON_8080;NINEA_ANON_166;001-E
2372696;Importation;2020-03-04 10:51:42.613;EnCours;Mer;IMPORTATEUR_ANON_6772;NINEA_ANON_514;001-I
2411337;Importation;2020-05-29 11:45:07.947;EnCours;Mer;IMPORTATEUR_ANON_1308;NINEA_ANON_693;001-I
2501991;Exportation;2020-12-23 12:15:57.777;EnCours;Mer;IMPORTATEUR_ANON_5882;NINEA_ANON_350;001-E
2541221;Importation;2021-03-23 13:15:36.437;EnCours;Mer;IMPORTATEUR_ANON_9284;NINEA_ANON_956;001-I
2570075;Importation;2021-05-27 08:22:27.023;EnCours;Mer;IMPORTATEUR_ANON_5409;NINEA_ANON_85;
2587241;Importation;2021-07-01 15:11:16.673;EnCours;Mer;IMPORTATEUR_ANON_134;NINEA_ANON_630;001-I
2628620;Exportation;2021-10-08 13:39:43.973;EnCours;Mer;IMPORTATEUR_ANON_17;NINEA_ANON_782;001-E
2409578;Exportation;2020-05-26 11:54:02.290;EnCours;Mer;IMPORTATEUR_ANON_7333;NINEA_ANON_396;001-E
2651673;Exportation;2021-11-29 13:56:28.113;EnCours;Mer;IMPORTATEUR_ANON_278;NINEA_ANON_355;001-E
2603330;Importation;2021-08-10 12:11:54.277;EnCours;Mer;IMPORTATEUR_ANON_4067;NINEA_ANON_379;
2674245;Importation;2022-01-20 09:36:30.453;EnCours;Mer;IMPORTATEUR_ANON_9284;NINEA_ANON_956;001-I
2542918;Importation;2021-03-26 11:19:09.473;EnCours;Mer;IMPORTATEUR_ANON_6911;NINEA_ANON_365;001-I
2384771;Importation;2020-03-27 09:51:51.977;EnCours;Mer;IMPORTATEUR_ANON_9677;NINEA_ANON_435;001-I
2409152;Importation;2020-05-23 08:19:11.250;EnCours;Mer;IMPORTATEUR_ANON_3923;NINEA_ANON_709;001-I
2434475;Importation;2020-07-22 10:36:18.280;EnCours;Mer;IMPORTATEUR_ANON_9750;NINEA_ANON_894;001-I
2579682;Importation;2021-06-16 10:11:07.450;EnCours;Mer;IMPORTATEUR_ANON_4213;NINEA_ANON_100;001-I
2381159;Importation;2020-03-19 12:07:32.123;EnCours;Mer;IMPORTATEUR_ANON_5369;NINEA_ANON_660;001-I
2474478;Importation;2020-10-23 11:37:43.937;Initialise;Mer;IMPORTATEUR_ANON_287;NINEA_ANON_127;001-I
2606796;Importation;2021-08-18 11:32:22.280;EnCours;Mer;IMPORTATEUR_ANON_1146;NINEA_ANON_317;001-I
2407643;Exportation;2020-05-19 08:43:29.360;EnCours;Mer;IMPORTATEUR_ANON_8297;NINEA_ANON_450;001-E
2679104;Importation;2022-02-01 09:12:37.713;EnCours;Mer;IMPORTATEUR_ANON_4510;NINEA_ANON_189;001-I
2341357;Importation;2020-01-07 09:21:17.940;Initialise;Mer;IMPORTATEUR_ANON_6419;NINEA_ANON_165;001-I
2559169;Importation;2021-04-30 11:48:44.010;EnCours;Mer;IMPORTATEUR_ANON_1439;NINEA_ANON_780;001-I
2587776;Importation;2021-07-02 14:51:59.810;EnCours;Mer;IMPORTATEUR_ANON_4424;NINEA_ANON_51;001-I
2343602;Importation;2020-01-10 09:49:13.363;Initialise;Mer;IMPORTATEUR_ANON_5674;NINEA_ANON_769;001-I
2478397;Importation;2020-11-03 11:47:24.940;EnCours;Mer;IMPORTATEUR_ANON_7464;NINEA_ANON_545;001-I
2684947;Importation;2022-02-14 11:17:04.560;EnCours;Mer;IMPORTATEUR_ANON_7333;NINEA_ANON_396;001-I
2468753;Importation;2020-10-12 11:50:05.947;EnCours;Mer;IMPORTATEUR_ANON_512;NINEA_ANON_599;001-I
2469976;Importation;2020-10-14 09:02:28.810;EnCours;Mer;IMPORTATEUR_ANON_3407;NINEA_ANON_902;001-I
2605822;Importation;2021-08-16 14:07:39.030;EnCours;Mer;IMPORTATEUR_ANON_1031;NINEA_ANON_810;001-I
2413866;Transit;2020-06-05 10:21:12.633;Initialise;Mer;IMPORTATEUR_ANON_358;NINEA_ANON_335;001-E
2384302;Importation;2020-03-26 10:50:55.537;Initialise;Mer;IMPORTATEUR_ANON_3451;NINEA_ANON_159;001-I
2364606;Importation;2020-02-18 15:48:58.353;EnCours;Mer;IMPORTATEUR_ANON_669;NINEA_ANON_776;001-I
2575221;Importation;2021-06-07 15:20:11.017;EnCours;Mer;IMPORTATEUR_ANON_8488;NINEA_ANON_583;001-I
2349206;Importation;2020-01-21 11:01:46.127;EnCours;Mer;IMPORTATEUR_ANON_7153;NINEA_ANON_588;001-I
2550779;Importation;2021-04-14 08:46:25.483;EnCours;Mer;IMPORTATEUR_ANON_5599;NINEA_ANON_391;001-I
2652172;Importation;2021-11-30 10:30:18.703;EnCours;Mer;IMPORTATEUR_ANON_2623;NINEA_ANON_14;001-I
2438986;Importation;2020-08-04 12:41:53.630;EnCours;Mer;IMPORTATEUR_ANON_2117;NINEA_ANON_418;001-I
2603541;Importation;2021-08-10 15:29:06.117;EnCours;Mer;IMPORTATEUR_ANON_6109;NINEA_ANON_312;001-I
2609592;Exportation;2021-08-25 22:32:35.697;EnCours;Mer;IMPORTATEUR_ANON_29;NINEA_ANON_562;001-E
2668815;Importation;2022-01-07 11:45:36.177;EnCours;Mer;IMPORTATEUR_ANON_8129;NINEA_ANON_63;001-I
2606481;Importation;2021-08-17 15:11:14.907;EnCours;Mer;IMPORTATEUR_ANON_5527;NINEA_ANON_166;001-I
2389023;Importation;2020-04-07 11:06:51.817;EnCours;Mer;IMPORTATEUR_ANON_1146;NINEA_ANON_676;001-I
2469591;Importation;2020-10-13 12:47:37.997;Initialise;Mer;IMPORTATEUR_ANON_5411;NINEA_ANON_423;001-I
2616831;Importation;2021-09-10 15:01:22.667;EnCours;Mer;IMPORTATEUR_ANON_9550;NINEA_ANON_334;001-I
2676732;Exportation;2022-01-26 11:01:07.550;EnCours;Mer;IMPORTATEUR_ANON_5405;NINEA_ANON_859;001-E
2575890;Importation;2021-06-08 14:26:23.893;EnCours;Mer;IMPORTATEUR_ANON_3768;NINEA_ANON_664;001-I
2657263;Importation;2021-12-10 10:42:02.303;EnCours;Mer;IMPORTATEUR_ANON_191;NINEA_ANON_164;001-I
2664919;Importation;2021-12-28 11:57:22.387;EnCours;Mer;IMPORTATEUR_ANON_4303;NINEA_ANON_61;
2510185;Importation;2021-01-14 16:07:36.150;EnCours;Mer;IMPORTATEUR_ANON_312;NINEA_ANON_946;001-I
2375946;Importation;2020-03-10 12:18:21.197;EnCours;Mer;IMPORTATEUR_ANON_5653;NINEA_ANON_803;001-I
2486949;Importation;2020-11-19 16:33:18.620;EnCours;Mer;IMPORTATEUR_ANON_3440;NINEA_ANON_136;001-I
2495015;Importation;2020-12-08 11:57:49.320;EnCours;Mer;IMPORTATEUR_ANON_6270;NINEA_ANON_903;001-I
2355104;Importation;2020-01-31 11:08:36.327;EnCours;Mer;IMPORTATEUR_ANON_8060;NINEA_ANON_730;001-I
2645409;Importation;2021-11-16 15:00:41.240;EnCours;Mer;IMPORTATEUR_ANON_8932;NINEA_ANON_791;001-I
2485230;Importation;2020-11-16 17:47:00.973;Initialise;Mer;IMPORTATEUR_ANON_2596;NINEA_ANON_642;001-I
2506928;Importation;2021-01-07 16:14:55.680;EnCours;Mer;IMPORTATEUR_ANON_169;NINEA_ANON_238;001-I
2610377;Importation;2021-08-27 10:27:54.557;EnCours;Mer;IMPORTATEUR_ANON_4477;NINEA_ANON_431;001-I
2466658;Importation;2020-10-07 09:40:34.730;EnCours;Mer;IMPORTATEUR_ANON_7850;NINEA_ANON_231;001-I
2490962;Exportation;2020-11-29 14:03:18.753;EnCours;Mer;IMPORTATEUR_ANON_3923;NINEA_ANON_709;001-E
2678300;Exportation;2022-01-31 08:36:19.267;EnCours;Mer;IMPORTATEUR_ANON_3387;NINEA_ANON_381;
2535551;Exportation;2021-03-11 16:47:19.557;EnCours;Mer;IMPORTATEUR_ANON_7333;NINEA_ANON_396;001-E
2517681;Importation;2021-01-29 15:03:43.783;Initialise;Mer;IMPORTATEUR_ANON_4734;NINEA_ANON_866;001-I
2591050;Exportation;2021-07-09 09:33:37.220;EnCours;Mer;IMPORTATEUR_ANON_1020;NINEA_ANON_845;
2403561;Transit;2020-05-08 10:56:40.090;Initialise;Mer;IMPORTATEUR_ANON_2072;NINEA_ANON_797;001-E
2626737;Exportation;2021-10-05 11:49:35.420;EnCours;Mer;IMPORTATEUR_ANON_8713;NINEA_ANON_398;001-E
2600737;Exportation;2021-08-04 10:22:37.543;EnCours;Mer;IMPORTATEUR_ANON_4979;NINEA_ANON_181;001-E
2443381;Exportation;2020-08-12 10:28:44.007;EnCours;Mer;IMPORTATEUR_ANON_8713;NINEA_ANON_530;001-E
2674253;Importation;2022-01-20 09:44:05.660;Initialise;Mer;IMPORTATEUR_ANON_219;NINEA_ANON_880;001-I
2374504;Importation;2020-03-06 17:38:28.000;Initialise;Mer;IMPORTATEUR_ANON_3563;NINEA_ANON_449;001-I
2564652;Importation;2021-05-12 16:25:49.207;EnCours;Mer;IMPORTATEUR_ANON_314;NINEA_ANON_627;001-I
2501491;Importation;2020-12-22 13:35:56.437;EnCours;Mer;IMPORTATEUR_ANON_1824;NINEA_ANON_753;001-I
2561658;Importation;2021-05-06 09:26:42.437;EnCours;Mer;IMPORTATEUR_ANON_5350;NINEA_ANON_626;001-I
2417769;Importation;2020-06-15 10:40:55.403;EnCours;Mer;IMPORTATEUR_ANON_3863;NINEA_ANON_628;001-I
2465031;Importation;2020-09-30 17:11:43.277;EnCours;Mer;IMPORTATEUR_ANON_8009;NINEA_ANON_876;001-I
2587917;Importation;2021-07-02 16:29:02.450;EnCours;Mer;IMPORTATEUR_ANON_1614;NINEA_ANON_766;001-I
2669558;Importation;2022-01-10 14:50:55.697;EnCours;Mer;IMPORTATEUR_ANON_8797;NINEA_ANON_946;001-I
2424326;Importation;2020-06-29 15:41:35.193;EnCours;Mer;IMPORTATEUR_ANON_9750;NINEA_ANON_628;001-I
2427251;Importation;2020-07-06 13:41:49.453;EnCours;Mer;IMPORTATEUR_ANON_7528;NINEA_ANON_447;001-I
2445482;Importation;2020-08-17 15:35:20.790;EnCours;Mer;IMPORTATEUR_ANON_5760;NINEA_ANON_572;001-I
2648676;Importation;2021-11-23 09:16:22.130;EnCours;Mer;IMPORTATEUR_ANON_134;NINEA_ANON_630;001-I
2370477;Importation;2020-02-28 13:02:48.327;EnCours;Mer;IMPORTATEUR_ANON_8393;NINEA_ANON_650;001-I
2525350;Importation;2021-02-16 14:54:46.527;Initialise;Mer;IMPORTATEUR_ANON_9971;NINEA_ANON_231;001-I
2565322;Importation;2021-05-17 12:19:16.317;EnCours;Mer;IMPORTATEUR_ANON_3863;NINEA_ANON_628;001-I
2639750;Importation;2021-11-04 10:45:33.557;Initialise;Mer;IMPORTATEUR_ANON_9008;NINEA_ANON_224;001-I
2691081;Importation;2022-02-23 10:07:48.333;Initialise;Mer;IMPORTATEUR_ANON_134;NINEA_ANON_630;001-I
2602413;Importation;2021-08-09 09:02:19.857;EnCours;Mer;IMPORTATEUR_ANON_4510;NINEA_ANON_189;001-I
2423325;Importation;2020-06-26 10:58:09.647;Initialise;Mer;IMPORTATEUR_ANON_5631;NINEA_ANON_486;001-I
2545721;Importation;2021-04-01 12:53:48.173;EnCours;Mer;IMPORTATEUR_ANON_3563;NINEA_ANON_449;001-I
2670894;Importation;2022-01-12 16:20:27.723;EnCours;Mer;IMPORTATEUR_ANON_6539;NINEA_ANON_481;001-I
2681768;Importation;2022-02-08 12:52:56.013;EnCours;Mer;IMPORTATEUR_ANON_9284;NINEA_ANON_956;001-I
2667698;Exportation;2022-01-04 19:35:00.663;EnCours;Mer;IMPORTATEUR_ANON_3923;NINEA_ANON_709;001-E
2480548;Importation;2020-11-06 17:05:38.240;Initialise;Mer;IMPORTATEUR_ANON_3119;NINEA_ANON_723;001-I
2529254;Importation;2021-02-24 14:44:23.670;EnCours;Mer;IMPORTATEUR_ANON_1124;NINEA_ANON_111;001-I
2365091;Exportation;2020-02-19 11:56:39.757;EnCours;Mer;IMPORTATEUR_ANON_8895;NINEA_ANON_393;001-E
2524037;Importation;2021-02-12 15:17:36.540;EnCours;Mer;IMPORTATEUR_ANON_569;NINEA_ANON_299;001-I
2571913;Exportation;2021-05-31 14:25:38.857;EnCours;Mer;IMPORTATEUR_ANON_1088;NINEA_ANON_280;001-E
2644128;Importation;2021-11-15 08:07:45.000;EnCours;Mer;IMPORTATEUR_ANON_4510;NINEA_ANON_189;001-I
2512423;Exportation;2021-01-19 15:41:35.600;EnCours;Mer;IMPORTATEUR_ANON_4877;NINEA_ANON_456;001-E
2602182;Importation;2021-08-06 15:51:35.460;EnCours;Mer;IMPORTATEUR_ANON_9630;NINEA_ANON_261;001-I
2465102;Transit;2020-10-01 08:55:54.973;Initialise;Mer;IMPORTATEUR_ANON_3144;NINEA_ANON_548;001-E
2618316;Exportation;2021-09-15 08:27:58.943;EnCours;Mer;IMPORTATEUR_ANON_9750;NINEA_ANON_628;001-E
2465312;Importation;2020-10-01 12:06:33.380;EnCours;Mer;IMPORTATEUR_ANON_5867;NINEA_ANON_46;001-I
2594469;Importation;2021-07-16 12:43:29.330;EnCours;Mer;IMPORTATEUR_ANON_7289;NINEA_ANON_748;
2435464;Importation;2020-07-23 17:13:38.627;Initialise;Mer;IMPORTATEUR_ANON_7166;NINEA_ANON_450;001-I
2458411;Importation;2020-09-16 09:34:48.997;EnCours;Mer;IMPORTATEUR_ANON_9941;NINEA_ANON_925;001-I
2535404;Importation;2021-03-11 13:50:29.220;Initialise;Mer;IMPORTATEUR_ANON_8163;NINEA_ANON_398;001-I
2418544;Importation;2020-06-16 10:55:02.200;EnCours;Mer;IMPORTATEUR_ANON_9750;NINEA_ANON_894;001-I
2345521;Importation;2020-01-14 12:19:37.617;EnCours;Mer;IMPORTATEUR_ANON_2308;NINEA_ANON_475;001-I
2529367;Importation;2021-02-24 16:36:01.037;EnCours;Mer;IMPORTATEUR_ANON_540;NINEA_ANON_460;001-I
2384921;Importation;2020-03-27 11:21:36.970;EnCours;Mer;IMPORTATEUR_ANON_6681;NINEA_ANON_809;001-I
2374333;Importation;2020-03-06 14:31:09.330;Initialise;Mer;IMPORTATEUR_ANON_3398;NINEA_ANON_900;001-I
2407304;Importation;2020-05-18 13:11:10.233;EnCours;Mer;IMPORTATEUR_ANON_7514;NINEA_ANON_624;001-I
2541509;Importation;2021-03-24 08:50:58.093;EnCours;Mer;IMPORTATEUR_ANON_134;NINEA_ANON_630;
2622988;Importation;2021-09-24 12:54:10.187;EnCours;Mer;IMPORTATEUR_ANON_3660;NINEA_ANON_379;001-I
2657599;Importation;2021-12-10 16:33:06.363;Initialise;Mer;IMPORTATEUR_ANON_4127;NINEA_ANON_664;001-I
2437072;Transit;2020-07-28 12:40:40.743;Initialise;Mer;IMPORTATEUR_ANON_3144;NINEA_ANON_548;001-E
2608402;Exportation;2021-08-23 19:39:18.420;EnCours;Mer;IMPORTATEUR_ANON_3923;NINEA_ANON_709;001-E
2516927;Importation;2021-01-28 11:34:20.357;EnCours;Mer;IMPORTATEUR_ANON_9238;NINEA_ANON_618;001-I
2513403;Importation;2021-01-21 11:18:08.567;EnCours;Mer;IMPORTATEUR_ANON_5271;NINEA_ANON_202;001-I
2476191;Importation;2020-10-28 08:37:34.273;EnCours;Mer;IMPORTATEUR_ANON_4624;NINEA_ANON_415;001-I
2540065;Exportation;2021-03-22 09:45:45.367;EnCours;Mer;IMPORTATEUR_ANON_2565;NINEA_ANON_131;001-E
2565538;Importation;2021-05-17 15:36:12.537;EnCours;Mer;IMPORTATEUR_ANON_7457;NINEA_ANON_796;001-I
2467494;Importation;2020-10-08 13:38:24.853;EnCours;Mer;IMPORTATEUR_ANON_150;NINEA_ANON_526;001-I
2446024;Importation;2020-08-18 15:09:31.623;EnCours;Mer;IMPORTATEUR_ANON_846;NINEA_ANON_48;001-I
2615452;Importation;2021-09-08 13:57:30.380;EnCours;Mer;IMPORTATEUR_ANON_9469;NINEA_ANON_686;001-I
2644652;Importation;2021-11-15 14:44:21.237;Initialise;Mer;IMPORTATEUR_ANON_8984;NINEA_ANON_757;001-I
2655824;Exportation;2021-12-07 16:57:52.813;EnCours;Mer;IMPORTATEUR_ANON_3923;NINEA_ANON_709;001-E
2657950;Importation;2021-12-13 12:01:31.210;EnCours;Mer;IMPORTATEUR_ANON_5276;NINEA_ANON_455;
2565416;Importation;2021-05-17 13:25:23.893;EnCours;Mer;IMPORTATEUR_ANON_6389;NINEA_ANON_776;001-I
2605875;Importation;2021-08-16 15:04:08.343;EnCours;Mer;IMPORTATEUR_ANON_428;NINEA_ANON_244;001-I
2470659;Importation;2020-10-15 09:48:09.147;EnCours;Mer;IMPORTATEUR_ANON_1666;NINEA_ANON_22;001-I
2554858;Importation;2021-04-21 16:10:03.907;Initialise;Mer;IMPORTATEUR_ANON_2843;NINEA_ANON_350;001-I
2541640;Importation;2021-03-24 10:55:31.863;Initialise;Mer;IMPORTATEUR_ANON_6169;NINEA_ANON_619;001-I
2552920;Importation;2021-04-19 09:37:37.313;EnCours;Mer;IMPORTATEUR_ANON_9760;NINEA_ANON_96;001-I
2580004;Importation;2021-06-16 14:23:41.743;EnCours;Mer;IMPORTATEUR_ANON_7569;NINEA_ANON_834;001-I
2537688;Importation;2021-03-16 15:43:37.290;EnCours;Mer;IMPORTATEUR_ANON_6813;NINEA_ANON_637;001-I
2349749;Exportation;2020-01-21 17:15:20.517;EnCours;Mer;IMPORTATEUR_ANON_4682;NINEA_ANON_407;001-E
2428917;Exportation;2020-07-09 10:02:24.240;EnCours;Mer;IMPORTATEUR_ANON_9659;NINEA_ANON_514;001-E
2599026;Importation;2021-07-30 12:00:20.820;EnCours;Mer;IMPORTATEUR_ANON_3056;NINEA_ANON_0;
2671629;Importation;2022-01-14 09:38:34.803;EnCours;Mer;IMPORTATEUR_ANON_1694;NINEA_ANON_132;001-I
2454558;Importation;2020-09-08 09:59:01.867;EnCours;Mer;IMPORTATEUR_ANON_1793;NINEA_ANON_614;001-I
2474978;Transit;2020-10-26 10:19:10.640;Initialise;Mer;IMPORTATEUR_ANON_6468;NINEA_ANON_904;001-E
2458807;Importation;2020-09-16 15:39:54.593;EnCours;Mer;IMPORTATEUR_ANON_7426;NINEA_ANON_338;001-I
2570154;Exportation;2021-05-27 09:41:37.710;EnCours;Mer;IMPORTATEUR_ANON_5638;NINEA_ANON_701;001-E
2370130;Importation;2020-02-28 09:27:03.490;EnCours;Mer;IMPORTATEUR_ANON_4510;NINEA_ANON_189;001-I
2493710;Exportation;2020-12-04 11:14:54.330;EnCours;Mer;IMPORTATEUR_ANON_9564;NINEA_ANON_214;001-E
2380260;Importation;2020-03-18 09:21:13.567;EnCours;Mer;IMPORTATEUR_ANON_4268;NINEA_ANON_152;001-I
2577046;Importation;2021-06-10 12:42:01.150;EnCours;Mer;IMPORTATEUR_ANON_2223;NINEA_ANON_102;001-I
2559407;Transit;2021-04-30 16:18:25.993;Initialise;Mer;IMPORTATEUR_ANON_5932;NINEA_ANON_424;001-E
2425670;Importation;2020-07-01 17:43:51.360;EnCours;Mer;IMPORTATEUR_ANON_1783;NINEA_ANON_849;001-I
2678466;Importation;2022-01-31 11:02:58.957;EnCours;Mer;IMPORTATEUR_ANON_6285;NINEA_ANON_82;
2522692;Importation;2021-02-10 11:36:28.917;EnCours;Mer;IMPORTATEUR_ANON_8922;NINEA_ANON_859;001-I
2598700;Importation;2021-07-29 16:26:48.560;EnCours;Mer;IMPORTATEUR_ANON_5606;NINEA_ANON_899;001-I
2673682;Importation;2022-01-19 10:21:26.873;EnCours;Mer;IMPORTATEUR_ANON_5484;NINEA_ANON_42;001-I
2434447;Importation;2020-07-22 10:15:03.330;EnCours;Mer;IMPORTATEUR_ANON_2308;NINEA_ANON_475;001-I
2451880;Importation;2020-09-01 13:51:41.137;EnCours;Mer;IMPORTATEUR_ANON_3407;NINEA_ANON_902;001-I
2420886;Importation;2020-06-22 11:55:41.870;EnCours;Mer;IMPORTATEUR_ANON_5333;NINEA_ANON_586;001-I
2376861;Importation;2020-03-11 13:55:43.613;EnCours;Mer;IMPORTATEUR_ANON_9504;NINEA_ANON_282;001-I
2378892;Exportation;2020-03-16 11:59:39.183;EnCours;Mer;IMPORTATEUR_ANON_1146;NINEA_ANON_676;001-E
2666109;Exportation;2021-12-30 13:15:33.867;EnCours;Mer;IMPORTATEUR_ANON_4979;NINEA_ANON_181;001-E
2684414;Importation;2022-02-11 12:53:53.377;EnCours;Mer;IMPORTATEUR_ANON_4834;NINEA_ANON_568;001-I
2365933;Importation;2020-02-20 13:53:44.203;EnCours;Mer;IMPORTATEUR_ANON_8492;NINEA_ANON_515;001-I
2542741;Importation;2021-03-26 07:38:10.293;EnCours;Mer;IMPORTATEUR_ANON_8166;NINEA_ANON_475;001-I
2570775;Transit;2021-05-28 08:47:49.893;Initialise;Mer;IMPORTATEUR_ANON_7198;NINEA_ANON_430;001-E
2341091;Importation;2020-01-06 15:10:50.353;Initialise;Mer;IMPORTATEUR_ANON_3847;NINEA_ANON_764;001-I
2591691;Exportation;2021-07-12 08:25:21.463;EnCours;Mer;IMPORTATEUR_ANON_6275;NINEA_ANON_124;
2509953;Importation;2021-01-14 12:35:03.003;Initialise;Mer;IMPORTATEUR_ANON_4093;NINEA_ANON_384;001-I
2586475;Importation;2021-06-30 12:35:30.560;EnCours;Mer;IMPORTATEUR_ANON_7166;NINEA_ANON_997;001-I
2691131;Importation;2022-02-23 10:35:22.343;EnCours;Mer;IMPORTATEUR_ANON_5992;NINEA_ANON_265;001-I
2659150;Exportation;2021-12-14 18:52:54.473;EnCours;Mer;IMPORTATEUR_ANON_3923;NINEA_ANON_709;001-E
2603604;Importation;2021-08-10 16:15:38.147;EnCours;Mer;IMPORTATEUR_ANON_8713;NINEA_ANON_398;001-I
2545566;Importation;2021-04-01 10:59:03.697;EnCours;Mer;IMPORTATEUR_ANON_8809;NINEA_ANON_357;001-I
2606809;Importation;2021-08-18 11:38:43.917;EnCours;Mer;IMPORTATEUR_ANON_7533;NINEA_ANON_993;001-I
2630617;Importation;2021-10-13 14:12:13.080;EnCours;Mer;IMPORTATEUR_ANON_7720;NINEA_ANON_938;001-I
2569410;Importation;2021-05-26 08:15:43.900;EnCours;Mer;IMPORTATEUR_ANON_995;NINEA_ANON_985;001-I
2485258;Importation;2020-11-17 08:31:50.813;Initialise;Mer;IMPORTATEUR_ANON_1017;NINEA_ANON_358;001-I
2373346;Importation;2020-03-05 08:58:47.550;EnCours;Mer;IMPORTATEUR_ANON_8488;NINEA_ANON_578;001-I
2659306;Importation;2021-12-15 10:23:20.850;EnCours;Mer;IMPORTATEUR_ANON_9550;NINEA_ANON_334;001-I
2523484;Exportation;2021-02-11 15:26:26.100;EnCours;Mer;IMPORTATEUR_ANON_4843;NINEA_ANON_317;001-E
2400319;Importation;2020-05-06 09:33:24.060;EnCours;Mer;IMPORTATEUR_ANON_8487;NINEA_ANON_489;001-I
2432220;Importation;2020-07-16 12:10:42.977;EnCours;Mer;IMPORTATEUR_ANON_5183;NINEA_ANON_941;001-I
2445922;Importation;2020-08-18 13:11:51.590;EnCours;Mer;IMPORTATEUR_ANON_569;NINEA_ANON_299;001-I
2531031;Exportation;2021-03-01 13:04:50.060;EnCours;Mer;IMPORTATEUR_ANON_7333;NINEA_ANON_396;001-E
2417048;Importation;2020-06-12 10:15:17.937;Initialise;Mer;IMPORTATEUR_ANON_1414;NINEA_ANON_114;001-I
2578922;Importation;2021-06-15 09:29:03.393;EnCours;Mer;IMPORTATEUR_ANON_9263;NINEA_ANON_192;001-I
2543423;Importation;2021-03-29 08:31:11.567;EnCours;Mer;IMPORTATEUR_ANON_2623;NINEA_ANON_939;001-I
2651619;Importation;2021-11-29 13:19:34.880;Initialise;Mer;IMPORTATEUR_ANON_49;NINEA_ANON_175;001-I
2551175;Importation;2021-04-14 13:02:05.310;EnCours;Mer;IMPORTATEUR_ANON_8713;NINEA_ANON_398;001-I
2687419;Importation;2022-02-16 17:02:02.230;EnCours;Mer;IMPORTATEUR_ANON_3768;NINEA_ANON_664;001-I
2450663;Importation;2020-08-28 13:45:12.650;Initialise;Mer;IMPORTATEUR_ANON_5675;NINEA_ANON_15;001-I
2616304;Importation;2021-09-09 16:17:27.417;EnCours;Mer;IMPORTATEUR_ANON_8011;NINEA_ANON_7;001-I
2345822;Importation;2020-01-14 16:31:15.610;EnCours;Mer;IMPORTATEUR_ANON_5224;NINEA_ANON_993;001-I
2690229;Importation;2022-02-22 09:39:24.003;EnCours;Mer;IMPORTATEUR_ANON_1146;NINEA_ANON_755;001-I
2355527;Importation;2020-02-03 09:04:16.987;EnCours;Mer;IMPORTATEUR_ANON_3407;NINEA_ANON_902;001-I
2508469;Importation;2021-01-12 11:01:05.943;EnCours;Mer;IMPORTATEUR_ANON_4428;NINEA_ANON_802;001-I
2676916;Exportation;2022-01-26 13:33:02.447;EnCours;Mer;IMPORTATEUR_ANON_1827;NINEA_ANON_956;001-E
2693558;Importation;2022-02-28 12:20:37.353;EnCours;Mer;IMPORTATEUR_ANON_3316;NINEA_ANON_310;001-I
2541831;Importation;2021-03-24 13:12:22.897;EnCours;Mer;IMPORTATEUR_ANON_6451;NINEA_ANON_535;001-I
2372805;Exportation;2020-03-04 11:46:42.537;EnCours;Mer;IMPORTATEUR_ANON_3768;NINEA_ANON_664;001-E
2474688;Importation;2020-10-23 16:05:22.563;EnCours;Mer;IMPORTATEUR_ANON_8126;NINEA_ANON_987;001-I
2595665;Importation;2021-07-22 10:31:59.327;EnCours;Mer;IMPORTATEUR_ANON_2247;NINEA_ANON_593;
2367822;Importation;2020-02-25 10:14:50.923;Initialise;Mer;IMPORTATEUR_ANON_7241;NINEA_ANON_11;001-I
2435871;Importation;2020-07-24 15:24:43.120;EnCours;Mer;IMPORTATEUR_ANON_9095;NINEA_ANON_136;001-I
2351747;Importation;2020-01-24 15:42:23.870;Initialise;Mer;IMPORTATEUR_ANON_2402;NINEA_ANON_592;001-I
2502372;Importation;2020-12-24 09:42:06.440;EnCours;Mer;IMPORTATEUR_ANON_7464;NINEA_ANON_545;001-I
2521639;Importation;2021-02-08 14:12:00.280;EnCours;Mer;IMPORTATEUR_ANON_4316;NINEA_ANON_742;001-I
2456614;Exportation;2020-09-11 10:39:37.797;EnCours;Mer;IMPORTATEUR_ANON_1146;NINEA_ANON_676;001-E
2457857;Importation;2020-09-15 10:45:53.400;EnCours;Mer;IMPORTATEUR_ANON_7066;NINEA_ANON_721;001-I
2511462;Exportation;2021-01-18 13:47:02.273;EnCours;Mer;IMPORTATEUR_ANON_5426;NINEA_ANON_897;001-E
2554694;Transit;2021-04-21 13:13:31.987;Initialise;Mer;IMPORTATEUR_ANON_3144;NINEA_ANON_548;001-E
2464845;Importation;2020-09-30 14:22:35.690;EnCours;Mer;IMPORTATEUR_ANON_7848;NINEA_ANON_322;001-I
2343905;Importation;2020-01-10 12:44:18.167;EnCours;Mer;IMPORTATEUR_ANON_5362;NINEA_ANON_120;001-I
2654759;Importation;2021-12-06 12:37:47.447;Initialise;Mer;IMPORTATEUR_ANON_2076;NINEA_ANON_365;001-I
2442812;Importation;2020-08-11 11:31:39.720;EnCours;Mer;IMPORTATEUR_ANON_2754;NINEA_ANON_440;001-I
2415156;Importation;2020-06-09 09:22:48.483;EnCours;Mer;IMPORTATEUR_ANON_5409;NINEA_ANON_85;001-I
2653870;Importation;2021-12-03 08:22:38.527;EnCours;Mer;IMPORTATEUR_ANON_4510;NINEA_ANON_189;001-I
2487556;Importation;2020-11-20 17:21:25.027;EnCours;Mer;IMPORTATEUR_ANON_9628;NINEA_ANON_405;001-I
2693387;Importation;2022-02-28 10:53:49.450;EnCours;Mer;IMPORTATEUR_ANON_7987;NINEA_ANON_839;001-I
2409906;Exportation;2020-05-26 15:58:05.700;EnCours;Mer;IMPORTATEUR_ANON_7247;NINEA_ANON_440;001-E
2672879;Importation;2022-01-18 08:31:33.950;EnCours;Mer;IMPORTATEUR_ANON_5804;NINEA_ANON_779;001-I
2690484;Importation;2022-02-22 12:06:57.367;EnCours;Mer;IMPORTATEUR_ANON_8686;NINEA_ANON_624;001-I
2648204;Importation;2021-11-22 12:21:04.700;EnCours;Mer;IMPORTATEUR_ANON_134;NINEA_ANON_630;001-I
2393755;Importation;2020-04-20 11:05:25.730;Initialise;Mer;IMPORTATEUR_ANON_7763;NINEA_ANON_26;001-I
2459770;Importation;2020-09-18 12:29:45.117;EnCours;Mer;IMPORTATEUR_ANON_3866;NINEA_ANON_565;001-I
2393398;Importation;2020-04-17 14:22:14.763;Initialise;Mer;IMPORTATEUR_ANON_5853;NINEA_ANON_815;001-I
2424892;Importation;2020-06-30 14:49:36.360;EnCours;Mer;IMPORTATEUR_ANON_1541;NINEA_ANON_361;001-I
2410109;Exportation;2020-05-27 09:47:36.777;EnCours;Mer;IMPORTATEUR_ANON_1195;NINEA_ANON_107;001-E
2452273;Importation;2020-09-02 10:53:33.780;EnCours;Mer;IMPORTATEUR_ANON_2303;NINEA_ANON_774;001-I
2341868;Exportation;2020-01-07 15:13:07.757;EnCours;Mer;IMPORTATEUR_ANON_3768;NINEA_ANON_664;001-E
2507611;Importation;2021-01-11 09:49:22.483;EnCours;Mer;IMPORTATEUR_ANON_7929;NINEA_ANON_740;001-I
2346790;Importation;2020-01-16 10:28:54.403;EnCours;Mer;IMPORTATEUR_ANON_9008;NINEA_ANON_224;001-I
2526427;Importation;2021-02-18 11:43:50.883;Initialise;Mer;IMPORTATEUR_ANON_3861;NINEA_ANON_330;001-I
2581787;Exportation;2021-06-21 12:30:20.417;Initialise;Mer;IMPORTATEUR_ANON_1219;NINEA_ANON_514;001-E
2568570;Exportation;2021-05-25 09:04:51.970;EnCours;Mer;IMPORTATEUR_ANON_5426;NINEA_ANON_514;001-E
2628220;Exportation;2021-10-07 17:17:26.780;EnCours;Mer;IMPORTATEUR_ANON_9564;NINEA_ANON_214;001-E
2413096;Importation;2020-06-03 16:20:16.747;EnCours;Mer;IMPORTATEUR_ANON_4477;NINEA_ANON_431;001-I
2389695;Importation;2020-04-09 06:58:50.013;EnCours;Mer;IMPORTATEUR_ANON_5599;NINEA_ANON_391;001-I
2359074;Importation;2020-02-07 17:21:50.983;EnCours;Mer;IMPORTATEUR_ANON_4002;NINEA_ANON_44;001-I
